0,1,1,1,2,2,2,3,3,3
0,1,1,2,1,1,2,1,1,2
0,1,1,2,3,3,4,5,5,6
hour,HPHtgLd_W,HPClgLd_W,HPHtgLd_W,HPHtgLd_W,HPClgLd_W,HPHtgLd_W,HPHtgLd_W,HPClgLd_W,HPHtgLd_W
1,50000,0,20000,30000,0,25000,20000,0,10000
2,50000,0,20000,30000,0,25000,20000,0,10000
3,50000,0,20000,30000,0,25000,20000,0,10000
4,50000,0,20000,30000,0,25000,20000,0,10000
5,50000,0,20000,30000,0,25000,20000,0,10000
6,50000,0,20000,30000,0,25000,20000,0,10000
7,50000,0,20000,30000,0,25000,20000,0,10000
8,50000,0,20000,30000,0,25000,20000,0,10000
9,50000,0,20000,30000,0,25000,20000,0,10000
10,50000,0,20000,30000,0,25000,20000,0,10000
11,50000,0,20000,30000,0,25000,20000,0,10000
12,50000,0,20000,30000,0,25000,20000,0,10000
13,50000,0,20000,30000,0,25000,20000,0,10000
14,50000,0,20000,30000,0,25000,20000,0,10000
15,50000,0,20000,30000,0,25000,20000,0,10000
16,50000,0,20000,30000,0,25000,20000,0,10000
17,50000,0,20000,30000,0,25000,20000,0,10000
18,50000,0,20000,30000,0,25000,20000,0,10000
19,50000,0,20000,30000,0,25000,20000,0,10000
20,50000,0,20000,30000,0,25000,20000,0,10000
21,50000,0,20000,30000,0,25000,20000,0,10000
22,50000,0,20000,30000,0,25000,20000,0,10000
23,50000,0,20000,30000,0,25000,20000,0,10000
24,50000,0,20000,30000,0,25000,20000,0,10000
25,50000,0,20000,30000,0,25000,20000,0,10000
26,50000,0,20000,30000,0,25000,20000,0,10000
27,50000,0,20000,30000,0,25000,20000,0,10000
28,50000,0,20000,30000,0,25000,20000,0,10000
29,50000,0,20000,30000,0,25000,20000,0,10000
30,50000,0,20000,30000,0,25000,20000,0,10000
31,50000,0,20000,30000,0,25000,20000,0,10000
32,50000,0,20000,30000,0,25000,20000,0,10000
33,50000,0,20000,30000,0,25000,20000,0,10000
34,50000,0,20000,30000,0,25000,20000,0,10000
35,50000,0,20000,30000,0,25000,20000,0,10000
36,50000,0,20000,30000,0,25000,20000,0,10000
37,50000,0,20000,30000,0,25000,20000,0,10000
38,50000,0,20000,30000,0,25000,20000,0,10000
39,50000,0,20000,30000,0,25000,20000,0,10000
40,50000,0,20000,30000,0,25000,20000,0,10000
41,50000,0,20000,30000,0,25000,20000,0,10000
42,50000,0,20000,30000,0,25000,20000,0,10000
43,50000,0,20000,30000,0,25000,20000,0,10000
44,50000,0,20000,30000,0,25000,20000,0,10000
45,50000,0,20000,30000,0,25000,20000,0,10000
46,50000,0,20000,30000,0,25000,20000,0,10000
47,50000,0,20000,30000,0,25000,20000,0,10000
48,50000,0,20000,30000,0,25000,20000,0,10000
49,50000,0,20000,30000,0,25000,20000,0,10000
50,50000,0,20000,30000,0,25000,20000,0,10000
51,50000,0,20000,30000,0,25000,20000,0,10000
52,50000,0,20000,30000,0,25000,20000,0,10000
53,50000,0,20000,30000,0,25000,20000,0,10000
54,50000,0,20000,30000,0,25000,20000,0,10000
55,50000,0,20000,30000,0,25000,20000,0,10000
56,50000,0,20000,30000,0,25000,20000,0,10000
57,50000,0,20000,30000,0,25000,20000,0,10000
58,50000,0,20000,30000,0,25000,20000,0,10000
59,50000,0,20000,30000,0,25000,20000,0,10000
60,50000,0,20000,30000,0,25000,20000,0,10000
61,50000,0,20000,30000,0,25000,20000,0,10000
62,50000,0,20000,30000,0,25000,20000,0,10000
63,50000,0,20000,30000,0,25000,20000,0,10000
64,50000,0,20000,30000,0,25000,20000,0,10000
65,50000,0,20000,30000,0,25000,20000,0,10000
66,50000,0,20000,30000,0,25000,20000,0,10000
67,50000,0,20000,30000,0,25000,20000,0,10000
68,50000,0,20000,30000,0,25000,20000,0,10000
69,50000,0,20000,30000,0,25000,20000,0,10000
70,50000,0,20000,30000,0,25000,20000,0,10000
71,50000,0,20000,30000,0,25000,20000,0,10000
72,50000,0,20000,30000,0,25000,20000,0,10000
73,50000,0,20000,30000,0,25000,20000,0,10000
74,50000,0,20000,30000,0,25000,20000,0,10000
75,50000,0,20000,30000,0,25000,20000,0,10000
76,50000,0,20000,30000,0,25000,20000,0,10000
77,50000,0,20000,30000,0,25000,20000,0,10000
78,50000,0,20000,30000,0,25000,20000,0,10000
79,50000,0,20000,30000,0,25000,20000,0,10000
80,50000,0,20000,30000,0,25000,20000,0,10000
81,50000,0,20000,30000,0,25000,20000,0,10000
82,50000,0,20000,30000,0,25000,20000,0,10000
83,50000,0,20000,30000,0,25000,20000,0,10000
84,50000,0,20000,30000,0,25000,20000,0,10000
85,50000,0,20000,30000,0,25000,20000,0,10000
86,50000,0,20000,30000,0,25000,20000,0,10000
87,50000,0,20000,30000,0,25000,20000,0,10000
88,50000,0,20000,30000,0,25000,20000,0,10000
89,50000,0,20000,30000,0,25000,20000,0,10000
90,50000,0,20000,30000,0,25000,20000,0,10000
91,50000,0,20000,30000,0,25000,20000,0,10000
92,50000,0,20000,30000,0,25000,20000,0,10000
93,50000,0,20000,30000,0,25000,20000,0,10000
94,50000,0,20000,30000,0,25000,20000,0,10000
95,50000,0,20000,30000,0,25000,20000,0,10000
96,50000,0,20000,30000,0,25000,20000,0,10000
97,50000,0,20000,30000,0,25000,20000,0,10000
98,50000,0,20000,30000,0,25000,20000,0,10000
99,50000,0,20000,30000,0,25000,20000,0,10000
100,50000,0,20000,30000,0,25000,20000,0,10000
101,50000,0,20000,30000,0,25000,20000,0,10000
102,50000,0,20000,30000,0,25000,20000,0,10000
103,50000,0,20000,30000,0,25000,20000,0,10000
104,50000,0,20000,30000,0,25000,20000,0,10000
105,50000,0,20000,30000,0,25000,20000,0,10000
106,50000,0,20000,30000,0,25000,20000,0,10000
107,50000,0,20000,30000,0,25000,20000,0,10000
108,50000,0,20000,30000,0,25000,20000,0,10000
109,50000,0,20000,30000,0,25000,20000,0,10000
110,50000,0,20000,30000,0,25000,20000,0,10000
111,50000,0,20000,30000,0,25000,20000,0,10000
112,50000,0,20000,30000,0,25000,20000,0,10000
113,50000,0,20000,30000,0,25000,20000,0,10000
114,50000,0,20000,30000,0,25000,20000,0,10000
115,50000,0,20000,30000,0,25000,20000,0,10000
116,50000,0,20000,30000,0,25000,20000,0,10000
117,50000,0,20000,30000,0,25000,20000,0,10000
118,50000,0,20000,30000,0,25000,20000,0,10000
119,50000,0,20000,30000,0,25000,20000,0,10000
120,50000,0,20000,30000,0,25000,20000,0,10000
121,50000,0,20000,30000,0,25000,20000,0,10000
122,50000,0,20000,30000,0,25000,20000,0,10000
123,50000,0,20000,30000,0,25000,20000,0,10000
124,50000,0,20000,30000,0,25000,20000,0,10000
125,50000,0,20000,30000,0,25000,20000,0,10000
126,50000,0,20000,30000,0,25000,20000,0,10000
127,50000,0,20000,30000,0,25000,20000,0,10000
128,50000,0,20000,30000,0,25000,20000,0,10000
129,50000,0,20000,30000,0,25000,20000,0,10000
130,50000,0,20000,30000,0,25000,20000,0,10000
131,50000,0,20000,30000,0,25000,20000,0,10000
132,50000,0,20000,30000,0,25000,20000,0,10000
133,50000,0,20000,30000,0,25000,20000,0,10000
134,50000,0,20000,30000,0,25000,20000,0,10000
135,50000,0,20000,30000,0,25000,20000,0,10000
136,50000,0,20000,30000,0,25000,20000,0,10000
137,50000,0,20000,30000,0,25000,20000,0,10000
138,50000,0,20000,30000,0,25000,20000,0,10000
139,50000,0,20000,30000,0,25000,20000,0,10000
140,50000,0,20000,30000,0,25000,20000,0,10000
141,50000,0,20000,30000,0,25000,20000,0,10000
142,50000,0,20000,30000,0,25000,20000,0,10000
143,50000,0,20000,30000,0,25000,20000,0,10000
144,50000,0,20000,30000,0,25000,20000,0,10000
145,50000,0,20000,30000,0,25000,20000,0,10000
146,50000,0,20000,30000,0,25000,20000,0,10000
147,50000,0,20000,30000,0,25000,20000,0,10000
148,50000,0,20000,30000,0,25000,20000,0,10000
149,50000,0,20000,30000,0,25000,20000,0,10000
150,50000,0,20000,30000,0,25000,20000,0,10000
151,50000,0,20000,30000,0,25000,20000,0,10000
152,50000,0,20000,30000,0,25000,20000,0,10000
153,50000,0,20000,30000,0,25000,20000,0,10000
154,50000,0,20000,30000,0,25000,20000,0,10000
155,50000,0,20000,30000,0,25000,20000,0,10000
156,50000,0,20000,30000,0,25000,20000,0,10000
157,50000,0,20000,30000,0,25000,20000,0,10000
158,50000,0,20000,30000,0,25000,20000,0,10000
159,50000,0,20000,30000,0,25000,20000,0,10000
160,50000,0,20000,30000,0,25000,20000,0,10000
161,50000,0,20000,30000,0,25000,20000,0,10000
162,50000,0,20000,30000,0,25000,20000,0,10000
163,50000,0,20000,30000,0,25000,20000,0,10000
164,50000,0,20000,30000,0,25000,20000,0,10000
165,50000,0,20000,30000,0,25000,20000,0,10000
166,50000,0,20000,30000,0,25000,20000,0,10000
167,50000,0,20000,30000,0,25000,20000,0,10000
168,50000,0,20000,30000,0,25000,20000,0,10000
169,50000,0,20000,30000,0,25000,20000,0,10000
170,50000,0,20000,30000,0,25000,20000,0,10000
171,50000,0,20000,30000,0,25000,20000,0,10000
172,50000,0,20000,30000,0,25000,20000,0,10000
173,50000,0,20000,30000,0,25000,20000,0,10000
174,50000,0,20000,30000,0,25000,20000,0,10000
175,50000,0,20000,30000,0,25000,20000,0,10000
176,50000,0,20000,30000,0,25000,20000,0,10000
177,50000,0,20000,30000,0,25000,20000,0,10000
178,50000,0,20000,30000,0,25000,20000,0,10000
179,50000,0,20000,30000,0,25000,20000,0,10000
180,50000,0,20000,30000,0,25000,20000,0,10000
181,50000,0,20000,30000,0,25000,20000,0,10000
182,50000,0,20000,30000,0,25000,20000,0,10000
183,50000,0,20000,30000,0,25000,20000,0,10000
184,50000,0,20000,30000,0,25000,20000,0,10000
185,50000,0,20000,30000,0,25000,20000,0,10000
186,50000,0,20000,30000,0,25000,20000,0,10000
187,50000,0,20000,30000,0,25000,20000,0,10000
188,50000,0,20000,30000,0,25000,20000,0,10000
189,50000,0,20000,30000,0,25000,20000,0,10000
190,50000,0,20000,30000,0,25000,20000,0,10000
191,50000,0,20000,30000,0,25000,20000,0,10000
192,50000,0,20000,30000,0,25000,20000,0,10000
193,50000,0,20000,30000,0,25000,20000,0,10000
194,50000,0,20000,30000,0,25000,20000,0,10000
195,50000,0,20000,30000,0,25000,20000,0,10000
196,50000,0,20000,30000,0,25000,20000,0,10000
197,50000,0,20000,30000,0,25000,20000,0,10000
198,50000,0,20000,30000,0,25000,20000,0,10000
199,50000,0,20000,30000,0,25000,20000,0,10000
200,50000,0,20000,30000,0,25000,20000,0,10000
201,50000,0,20000,30000,0,25000,20000,0,10000
202,50000,0,20000,30000,0,25000,20000,0,10000
203,50000,0,20000,30000,0,25000,20000,0,10000
204,50000,0,20000,30000,0,25000,20000,0,10000
205,50000,0,20000,30000,0,25000,20000,0,10000
206,50000,0,20000,30000,0,25000,20000,0,10000
207,50000,0,20000,30000,0,25000,20000,0,10000
208,50000,0,20000,30000,0,25000,20000,0,10000
209,50000,0,20000,30000,0,25000,20000,0,10000
210,50000,0,20000,30000,0,25000,20000,0,10000
211,50000,0,20000,30000,0,25000,20000,0,10000
212,50000,0,20000,30000,0,25000,20000,0,10000
213,50000,0,20000,30000,0,25000,20000,0,10000
214,50000,0,20000,30000,0,25000,20000,0,10000
215,50000,0,20000,30000,0,25000,20000,0,10000
216,50000,0,20000,30000,0,25000,20000,0,10000
217,50000,0,20000,30000,0,25000,20000,0,10000
218,50000,0,20000,30000,0,25000,20000,0,10000
219,50000,0,20000,30000,0,25000,20000,0,10000
220,50000,0,20000,30000,0,25000,20000,0,10000
221,50000,0,20000,30000,0,25000,20000,0,10000
222,50000,0,20000,30000,0,25000,20000,0,10000
223,50000,0,20000,30000,0,25000,20000,0,10000
224,50000,0,20000,30000,0,25000,20000,0,10000
225,50000,0,20000,30000,0,25000,20000,0,10000
226,50000,0,20000,30000,0,25000,20000,0,10000
227,50000,0,20000,30000,0,25000,20000,0,10000
228,50000,0,20000,30000,0,25000,20000,0,10000
229,50000,0,20000,30000,0,25000,20000,0,10000
230,50000,0,20000,30000,0,25000,20000,0,10000
231,50000,0,20000,30000,0,25000,20000,0,10000
232,50000,0,20000,30000,0,25000,20000,0,10000
233,50000,0,20000,30000,0,25000,20000,0,10000
234,50000,0,20000,30000,0,25000,20000,0,10000
235,50000,0,20000,30000,0,25000,20000,0,10000
236,50000,0,20000,30000,0,25000,20000,0,10000
237,50000,0,20000,30000,0,25000,20000,0,10000
238,50000,0,20000,30000,0,25000,20000,0,10000
239,50000,0,20000,30000,0,25000,20000,0,10000
240,50000,0,20000,30000,0,25000,20000,0,10000
241,50000,0,20000,30000,0,25000,20000,0,10000
242,50000,0,20000,30000,0,25000,20000,0,10000
243,50000,0,20000,30000,0,25000,20000,0,10000
244,50000,0,20000,30000,0,25000,20000,0,10000
245,50000,0,20000,30000,0,25000,20000,0,10000
246,50000,0,20000,30000,0,25000,20000,0,10000
247,50000,0,20000,30000,0,25000,20000,0,10000
248,50000,0,20000,30000,0,25000,20000,0,10000
249,50000,0,20000,30000,0,25000,20000,0,10000
250,50000,0,20000,30000,0,25000,20000,0,10000
251,50000,0,20000,30000,0,25000,20000,0,10000
252,50000,0,20000,30000,0,25000,20000,0,10000
253,50000,0,20000,30000,0,25000,20000,0,10000
254,50000,0,20000,30000,0,25000,20000,0,10000
255,50000,0,20000,30000,0,25000,20000,0,10000
256,50000,0,20000,30000,0,25000,20000,0,10000
257,50000,0,20000,30000,0,25000,20000,0,10000
258,50000,0,20000,30000,0,25000,20000,0,10000
259,50000,0,20000,30000,0,25000,20000,0,10000
260,50000,0,20000,30000,0,25000,20000,0,10000
261,50000,0,20000,30000,0,25000,20000,0,10000
262,50000,0,20000,30000,0,25000,20000,0,10000
263,50000,0,20000,30000,0,25000,20000,0,10000
264,50000,0,20000,30000,0,25000,20000,0,10000
265,50000,0,20000,30000,0,25000,20000,0,10000
266,50000,0,20000,30000,0,25000,20000,0,10000
267,50000,0,20000,30000,0,25000,20000,0,10000
268,50000,0,20000,30000,0,25000,20000,0,10000
269,50000,0,20000,30000,0,25000,20000,0,10000
270,50000,0,20000,30000,0,25000,20000,0,10000
271,50000,0,20000,30000,0,25000,20000,0,10000
272,50000,0,20000,30000,0,25000,20000,0,10000
273,50000,0,20000,30000,0,25000,20000,0,10000
274,50000,0,20000,30000,0,25000,20000,0,10000
275,50000,0,20000,30000,0,25000,20000,0,10000
276,50000,0,20000,30000,0,25000,20000,0,10000
277,50000,0,20000,30000,0,25000,20000,0,10000
278,50000,0,20000,30000,0,25000,20000,0,10000
279,50000,0,20000,30000,0,25000,20000,0,10000
280,50000,0,20000,30000,0,25000,20000,0,10000
281,50000,0,20000,30000,0,25000,20000,0,10000
282,50000,0,20000,30000,0,25000,20000,0,10000
283,50000,0,20000,30000,0,25000,20000,0,10000
284,50000,0,20000,30000,0,25000,20000,0,10000
285,50000,0,20000,30000,0,25000,20000,0,10000
286,50000,0,20000,30000,0,25000,20000,0,10000
287,50000,0,20000,30000,0,25000,20000,0,10000
288,50000,0,20000,30000,0,25000,20000,0,10000
289,50000,0,20000,30000,0,25000,20000,0,10000
290,50000,0,20000,30000,0,25000,20000,0,10000
291,50000,0,20000,30000,0,25000,20000,0,10000
292,50000,0,20000,30000,0,25000,20000,0,10000
293,50000,0,20000,30000,0,25000,20000,0,10000
294,50000,0,20000,30000,0,25000,20000,0,10000
295,50000,0,20000,30000,0,25000,20000,0,10000
296,50000,0,20000,30000,0,25000,20000,0,10000
297,50000,0,20000,30000,0,25000,20000,0,10000
298,50000,0,20000,30000,0,25000,20000,0,10000
299,50000,0,20000,30000,0,25000,20000,0,10000
300,50000,0,20000,30000,0,25000,20000,0,10000
301,50000,0,20000,30000,0,25000,20000,0,10000
302,50000,0,20000,30000,0,25000,20000,0,10000
303,50000,0,20000,30000,0,25000,20000,0,10000
304,50000,0,20000,30000,0,25000,20000,0,10000
305,50000,0,20000,30000,0,25000,20000,0,10000
306,50000,0,20000,30000,0,25000,20000,0,10000
307,50000,0,20000,30000,0,25000,20000,0,10000
308,50000,0,20000,30000,0,25000,20000,0,10000
309,50000,0,20000,30000,0,25000,20000,0,10000
310,50000,0,20000,30000,0,25000,20000,0,10000
311,50000,0,20000,30000,0,25000,20000,0,10000
312,50000,0,20000,30000,0,25000,20000,0,10000
313,50000,0,20000,30000,0,25000,20000,0,10000
314,50000,0,20000,30000,0,25000,20000,0,10000
315,50000,0,20000,30000,0,25000,20000,0,10000
316,50000,0,20000,30000,0,25000,20000,0,10000
317,50000,0,20000,30000,0,25000,20000,0,10000
318,50000,0,20000,30000,0,25000,20000,0,10000
319,50000,0,20000,30000,0,25000,20000,0,10000
320,50000,0,20000,30000,0,25000,20000,0,10000
321,50000,0,20000,30000,0,25000,20000,0,10000
322,50000,0,20000,30000,0,25000,20000,0,10000
323,50000,0,20000,30000,0,25000,20000,0,10000
324,50000,0,20000,30000,0,25000,20000,0,10000
325,50000,0,20000,30000,0,25000,20000,0,10000
326,50000,0,20000,30000,0,25000,20000,0,10000
327,50000,0,20000,30000,0,25000,20000,0,10000
328,50000,0,20000,30000,0,25000,20000,0,10000
329,50000,0,20000,30000,0,25000,20000,0,10000
330,50000,0,20000,30000,0,25000,20000,0,10000
331,50000,0,20000,30000,0,25000,20000,0,10000
332,50000,0,20000,30000,0,25000,20000,0,10000
333,50000,0,20000,30000,0,25000,20000,0,10000
334,50000,0,20000,30000,0,25000,20000,0,10000
335,50000,0,20000,30000,0,25000,20000,0,10000
336,50000,0,20000,30000,0,25000,20000,0,10000
337,50000,0,20000,30000,0,25000,20000,0,10000
338,50000,0,20000,30000,0,25000,20000,0,10000
339,50000,0,20000,30000,0,25000,20000,0,10000
340,50000,0,20000,30000,0,25000,20000,0,10000
341,50000,0,20000,30000,0,25000,20000,0,10000
342,50000,0,20000,30000,0,25000,20000,0,10000
343,50000,0,20000,30000,0,25000,20000,0,10000
344,50000,0,20000,30000,0,25000,20000,0,10000
345,50000,0,20000,30000,0,25000,20000,0,10000
346,50000,0,20000,30000,0,25000,20000,0,10000
347,50000,0,20000,30000,0,25000,20000,0,10000
348,50000,0,20000,30000,0,25000,20000,0,10000
349,50000,0,20000,30000,0,25000,20000,0,10000
350,50000,0,20000,30000,0,25000,20000,0,10000
351,50000,0,20000,30000,0,25000,20000,0,10000
352,50000,0,20000,30000,0,25000,20000,0,10000
353,50000,0,20000,30000,0,25000,20000,0,10000
354,50000,0,20000,30000,0,25000,20000,0,10000
355,50000,0,20000,30000,0,25000,20000,0,10000
356,50000,0,20000,30000,0,25000,20000,0,10000
357,50000,0,20000,30000,0,25000,20000,0,10000
358,50000,0,20000,30000,0,25000,20000,0,10000
359,50000,0,20000,30000,0,25000,20000,0,10000
360,50000,0,20000,30000,0,25000,20000,0,10000
361,50000,0,20000,30000,0,25000,20000,0,10000
362,50000,0,20000,30000,0,25000,20000,0,10000
363,50000,0,20000,30000,0,25000,20000,0,10000
364,50000,0,20000,30000,0,25000,20000,0,10000
365,50000,0,20000,30000,0,25000,20000,0,10000
366,50000,0,20000,30000,0,25000,20000,0,10000
367,50000,0,20000,30000,0,25000,20000,0,10000
368,50000,0,20000,30000,0,25000,20000,0,10000
369,50000,0,20000,30000,0,25000,20000,0,10000
370,50000,0,20000,30000,0,25000,20000,0,10000
371,50000,0,20000,30000,0,25000,20000,0,10000
372,50000,0,20000,30000,0,25000,20000,0,10000
373,50000,0,20000,30000,0,25000,20000,0,10000
374,50000,0,20000,30000,0,25000,20000,0,10000
375,50000,0,20000,30000,0,25000,20000,0,10000
376,50000,0,20000,30000,0,25000,20000,0,10000
377,50000,0,20000,30000,0,25000,20000,0,10000
378,50000,0,20000,30000,0,25000,20000,0,10000
379,50000,0,20000,30000,0,25000,20000,0,10000
380,50000,0,20000,30000,0,25000,20000,0,10000
381,50000,0,20000,30000,0,25000,20000,0,10000
382,50000,0,20000,30000,0,25000,20000,0,10000
383,50000,0,20000,30000,0,25000,20000,0,10000
384,50000,0,20000,30000,0,25000,20000,0,10000
385,50000,0,20000,30000,0,25000,20000,0,10000
386,50000,0,20000,30000,0,25000,20000,0,10000
387,50000,0,20000,30000,0,25000,20000,0,10000
388,50000,0,20000,30000,0,25000,20000,0,10000
389,50000,0,20000,30000,0,25000,20000,0,10000
390,50000,0,20000,30000,0,25000,20000,0,10000
391,50000,0,20000,30000,0,25000,20000,0,10000
392,50000,0,20000,30000,0,25000,20000,0,10000
393,50000,0,20000,30000,0,25000,20000,0,10000
394,50000,0,20000,30000,0,25000,20000,0,10000
395,50000,0,20000,30000,0,25000,20000,0,10000
396,50000,0,20000,30000,0,25000,20000,0,10000
397,50000,0,20000,30000,0,25000,20000,0,10000
398,50000,0,20000,30000,0,25000,20000,0,10000
399,50000,0,20000,30000,0,25000,20000,0,10000
400,50000,0,20000,30000,0,25000,20000,0,10000
401,50000,0,20000,30000,0,25000,20000,0,10000
402,50000,0,20000,30000,0,25000,20000,0,10000
403,50000,0,20000,30000,0,25000,20000,0,10000
404,50000,0,20000,30000,0,25000,20000,0,10000
405,50000,0,20000,30000,0,25000,20000,0,10000
406,50000,0,20000,30000,0,25000,20000,0,10000
407,50000,0,20000,30000,0,25000,20000,0,10000
408,50000,0,20000,30000,0,25000,20000,0,10000
409,50000,0,20000,30000,0,25000,20000,0,10000
410,50000,0,20000,30000,0,25000,20000,0,10000
411,50000,0,20000,30000,0,25000,20000,0,10000
412,50000,0,20000,30000,0,25000,20000,0,10000
413,50000,0,20000,30000,0,25000,20000,0,10000
414,50000,0,20000,30000,0,25000,20000,0,10000
415,50000,0,20000,30000,0,25000,20000,0,10000
416,50000,0,20000,30000,0,25000,20000,0,10000
417,50000,0,20000,30000,0,25000,20000,0,10000
418,50000,0,20000,30000,0,25000,20000,0,10000
419,50000,0,20000,30000,0,25000,20000,0,10000
420,50000,0,20000,30000,0,25000,20000,0,10000
421,50000,0,20000,30000,0,25000,20000,0,10000
422,50000,0,20000,30000,0,25000,20000,0,10000
423,50000,0,20000,30000,0,25000,20000,0,10000
424,50000,0,20000,30000,0,25000,20000,0,10000
425,50000,0,20000,30000,0,25000,20000,0,10000
426,50000,0,20000,30000,0,25000,20000,0,10000
427,50000,0,20000,30000,0,25000,20000,0,10000
428,50000,0,20000,30000,0,25000,20000,0,10000
429,50000,0,20000,30000,0,25000,20000,0,10000
430,50000,0,20000,30000,0,25000,20000,0,10000
431,50000,0,20000,30000,0,25000,20000,0,10000
432,50000,0,20000,30000,0,25000,20000,0,10000
433,50000,0,20000,30000,0,25000,20000,0,10000
434,50000,0,20000,30000,0,25000,20000,0,10000
435,50000,0,20000,30000,0,25000,20000,0,10000
436,50000,0,20000,30000,0,25000,20000,0,10000
437,50000,0,20000,30000,0,25000,20000,0,10000
438,50000,0,20000,30000,0,25000,20000,0,10000
439,50000,0,20000,30000,0,25000,20000,0,10000
440,50000,0,20000,30000,0,25000,20000,0,10000
441,50000,0,20000,30000,0,25000,20000,0,10000
442,50000,0,20000,30000,0,25000,20000,0,10000
443,50000,0,20000,30000,0,25000,20000,0,10000
444,50000,0,20000,30000,0,25000,20000,0,10000
445,50000,0,20000,30000,0,25000,20000,0,10000
446,50000,0,20000,30000,0,25000,20000,0,10000
447,50000,0,20000,30000,0,25000,20000,0,10000
448,50000,0,20000,30000,0,25000,20000,0,10000
449,50000,0,20000,30000,0,25000,20000,0,10000
450,50000,0,20000,30000,0,25000,20000,0,10000
451,50000,0,20000,30000,0,25000,20000,0,10000
452,50000,0,20000,30000,0,25000,20000,0,10000
453,50000,0,20000,30000,0,25000,20000,0,10000
454,50000,0,20000,30000,0,25000,20000,0,10000
455,50000,0,20000,30000,0,25000,20000,0,10000
456,50000,0,20000,30000,0,25000,20000,0,10000
457,50000,0,20000,30000,0,25000,20000,0,10000
458,50000,0,20000,30000,0,25000,20000,0,10000
459,50000,0,20000,30000,0,25000,20000,0,10000
460,50000,0,20000,30000,0,25000,20000,0,10000
461,50000,0,20000,30000,0,25000,20000,0,10000
462,50000,0,20000,30000,0,25000,20000,0,10000
463,50000,0,20000,30000,0,25000,20000,0,10000
464,50000,0,20000,30000,0,25000,20000,0,10000
465,50000,0,20000,30000,0,25000,20000,0,10000
466,50000,0,20000,30000,0,25000,20000,0,10000
467,50000,0,20000,30000,0,25000,20000,0,10000
468,50000,0,20000,30000,0,25000,20000,0,10000
469,50000,0,20000,30000,0,25000,20000,0,10000
470,50000,0,20000,30000,0,25000,20000,0,10000
471,50000,0,20000,30000,0,25000,20000,0,10000
472,50000,0,20000,30000,0,25000,20000,0,10000
473,50000,0,20000,30000,0,25000,20000,0,10000
474,50000,0,20000,30000,0,25000,20000,0,10000
475,50000,0,20000,30000,0,25000,20000,0,10000
476,50000,0,20000,30000,0,25000,20000,0,10000
477,50000,0,20000,30000,0,25000,20000,0,10000
478,50000,0,20000,30000,0,25000,20000,0,10000
479,50000,0,20000,30000,0,25000,20000,0,10000
480,50000,0,20000,30000,0,25000,20000,0,10000
481,50000,0,20000,30000,0,25000,20000,0,10000
482,50000,0,20000,30000,0,25000,20000,0,10000
483,50000,0,20000,30000,0,25000,20000,0,10000
484,50000,0,20000,30000,0,25000,20000,0,10000
485,50000,0,20000,30000,0,25000,20000,0,10000
486,50000,0,20000,30000,0,25000,20000,0,10000
487,50000,0,20000,30000,0,25000,20000,0,10000
488,50000,0,20000,30000,0,25000,20000,0,10000
489,50000,0,20000,30000,0,25000,20000,0,10000
490,50000,0,20000,30000,0,25000,20000,0,10000
491,50000,0,20000,30000,0,25000,20000,0,10000
492,50000,0,20000,30000,0,25000,20000,0,10000
493,50000,0,20000,30000,0,25000,20000,0,10000
494,50000,0,20000,30000,0,25000,20000,0,10000
495,50000,0,20000,30000,0,25000,20000,0,10000
496,50000,0,20000,30000,0,25000,20000,0,10000
497,50000,0,20000,30000,0,25000,20000,0,10000
498,50000,0,20000,30000,0,25000,20000,0,10000
499,50000,0,20000,30000,0,25000,20000,0,10000
500,50000,0,20000,30000,0,25000,20000,0,10000
501,50000,0,20000,30000,0,25000,20000,0,10000
502,50000,0,20000,30000,0,25000,20000,0,10000
503,50000,0,20000,30000,0,25000,20000,0,10000
504,50000,0,20000,30000,0,25000,20000,0,10000
505,50000,0,20000,30000,0,25000,20000,0,10000
506,50000,0,20000,30000,0,25000,20000,0,10000
507,50000,0,20000,30000,0,25000,20000,0,10000
508,50000,0,20000,30000,0,25000,20000,0,10000
509,50000,0,20000,30000,0,25000,20000,0,10000
510,50000,0,20000,30000,0,25000,20000,0,10000
511,50000,0,20000,30000,0,25000,20000,0,10000
512,50000,0,20000,30000,0,25000,20000,0,10000
513,50000,0,20000,30000,0,25000,20000,0,10000
514,50000,0,20000,30000,0,25000,20000,0,10000
515,50000,0,20000,30000,0,25000,20000,0,10000
516,50000,0,20000,30000,0,25000,20000,0,10000
517,50000,0,20000,30000,0,25000,20000,0,10000
518,50000,0,20000,30000,0,25000,20000,0,10000
519,50000,0,20000,30000,0,25000,20000,0,10000
520,50000,0,20000,30000,0,25000,20000,0,10000
521,50000,0,20000,30000,0,25000,20000,0,10000
522,50000,0,20000,30000,0,25000,20000,0,10000
523,50000,0,20000,30000,0,25000,20000,0,10000
524,50000,0,20000,30000,0,25000,20000,0,10000
525,50000,0,20000,30000,0,25000,20000,0,10000
526,50000,0,20000,30000,0,25000,20000,0,10000
527,50000,0,20000,30000,0,25000,20000,0,10000
528,50000,0,20000,30000,0,25000,20000,0,10000
529,50000,0,20000,30000,0,25000,20000,0,10000
530,50000,0,20000,30000,0,25000,20000,0,10000
531,50000,0,20000,30000,0,25000,20000,0,10000
532,50000,0,20000,30000,0,25000,20000,0,10000
533,50000,0,20000,30000,0,25000,20000,0,10000
534,50000,0,20000,30000,0,25000,20000,0,10000
535,50000,0,20000,30000,0,25000,20000,0,10000
536,50000,0,20000,30000,0,25000,20000,0,10000
537,50000,0,20000,30000,0,25000,20000,0,10000
538,50000,0,20000,30000,0,25000,20000,0,10000
539,50000,0,20000,30000,0,25000,20000,0,10000
540,50000,0,20000,30000,0,25000,20000,0,10000
541,50000,0,20000,30000,0,25000,20000,0,10000
542,50000,0,20000,30000,0,25000,20000,0,10000
543,50000,0,20000,30000,0,25000,20000,0,10000
544,50000,0,20000,30000,0,25000,20000,0,10000
545,50000,0,20000,30000,0,25000,20000,0,10000
546,50000,0,20000,30000,0,25000,20000,0,10000
547,50000,0,20000,30000,0,25000,20000,0,10000
548,50000,0,20000,30000,0,25000,20000,0,10000
549,50000,0,20000,30000,0,25000,20000,0,10000
550,50000,0,20000,30000,0,25000,20000,0,10000
551,50000,0,20000,30000,0,25000,20000,0,10000
552,50000,0,20000,30000,0,25000,20000,0,10000
553,50000,0,20000,30000,0,25000,20000,0,10000
554,50000,0,20000,30000,0,25000,20000,0,10000
555,50000,0,20000,30000,0,25000,20000,0,10000
556,50000,0,20000,30000,0,25000,20000,0,10000
557,50000,0,20000,30000,0,25000,20000,0,10000
558,50000,0,20000,30000,0,25000,20000,0,10000
559,50000,0,20000,30000,0,25000,20000,0,10000
560,50000,0,20000,30000,0,25000,20000,0,10000
561,50000,0,20000,30000,0,25000,20000,0,10000
562,50000,0,20000,30000,0,25000,20000,0,10000
563,50000,0,20000,30000,0,25000,20000,0,10000
564,50000,0,20000,30000,0,25000,20000,0,10000
565,50000,0,20000,30000,0,25000,20000,0,10000
566,50000,0,20000,30000,0,25000,20000,0,10000
567,50000,0,20000,30000,0,25000,20000,0,10000
568,50000,0,20000,30000,0,25000,20000,0,10000
569,50000,0,20000,30000,0,25000,20000,0,10000
570,50000,0,20000,30000,0,25000,20000,0,10000
571,50000,0,20000,30000,0,25000,20000,0,10000
572,50000,0,20000,30000,0,25000,20000,0,10000
573,50000,0,20000,30000,0,25000,20000,0,10000
574,50000,0,20000,30000,0,25000,20000,0,10000
575,50000,0,20000,30000,0,25000,20000,0,10000
576,50000,0,20000,30000,0,25000,20000,0,10000
577,50000,0,20000,30000,0,25000,20000,0,10000
578,50000,0,20000,30000,0,25000,20000,0,10000
579,50000,0,20000,30000,0,25000,20000,0,10000
580,50000,0,20000,30000,0,25000,20000,0,10000
581,50000,0,20000,30000,0,25000,20000,0,10000
582,50000,0,20000,30000,0,25000,20000,0,10000
583,50000,0,20000,30000,0,25000,20000,0,10000
584,50000,0,20000,30000,0,25000,20000,0,10000
585,50000,0,20000,30000,0,25000,20000,0,10000
586,50000,0,20000,30000,0,25000,20000,0,10000
587,50000,0,20000,30000,0,25000,20000,0,10000
588,50000,0,20000,30000,0,25000,20000,0,10000
589,50000,0,20000,30000,0,25000,20000,0,10000
590,50000,0,20000,30000,0,25000,20000,0,10000
591,50000,0,20000,30000,0,25000,20000,0,10000
592,50000,0,20000,30000,0,25000,20000,0,10000
593,50000,0,20000,30000,0,25000,20000,0,10000
594,50000,0,20000,30000,0,25000,20000,0,10000
595,50000,0,20000,30000,0,25000,20000,0,10000
596,50000,0,20000,30000,0,25000,20000,0,10000
597,50000,0,20000,30000,0,25000,20000,0,10000
598,50000,0,20000,30000,0,25000,20000,0,10000
599,50000,0,20000,30000,0,25000,20000,0,10000
600,50000,0,20000,30000,0,25000,20000,0,10000
601,50000,0,20000,30000,0,25000,20000,0,10000
602,50000,0,20000,30000,0,25000,20000,0,10000
603,50000,0,20000,30000,0,25000,20000,0,10000
604,50000,0,20000,30000,0,25000,20000,0,10000
605,50000,0,20000,30000,0,25000,20000,0,10000
606,50000,0,20000,30000,0,25000,20000,0,10000
607,50000,0,20000,30000,0,25000,20000,0,10000
608,50000,0,20000,30000,0,25000,20000,0,10000
609,50000,0,20000,30000,0,25000,20000,0,10000
610,50000,0,20000,30000,0,25000,20000,0,10000
611,50000,0,20000,30000,0,25000,20000,0,10000
612,50000,0,20000,30000,0,25000,20000,0,10000
613,50000,0,20000,30000,0,25000,20000,0,10000
614,50000,0,20000,30000,0,25000,20000,0,10000
615,50000,0,20000,30000,0,25000,20000,0,10000
616,50000,0,20000,30000,0,25000,20000,0,10000
617,50000,0,20000,30000,0,25000,20000,0,10000
618,50000,0,20000,30000,0,25000,20000,0,10000
619,50000,0,20000,30000,0,25000,20000,0,10000
620,50000,0,20000,30000,0,25000,20000,0,10000
621,50000,0,20000,30000,0,25000,20000,0,10000
622,50000,0,20000,30000,0,25000,20000,0,10000
623,50000,0,20000,30000,0,25000,20000,0,10000
624,50000,0,20000,30000,0,25000,20000,0,10000
625,50000,0,20000,30000,0,25000,20000,0,10000
626,50000,0,20000,30000,0,25000,20000,0,10000
627,50000,0,20000,30000,0,25000,20000,0,10000
628,50000,0,20000,30000,0,25000,20000,0,10000
629,50000,0,20000,30000,0,25000,20000,0,10000
630,50000,0,20000,30000,0,25000,20000,0,10000
631,50000,0,20000,30000,0,25000,20000,0,10000
632,50000,0,20000,30000,0,25000,20000,0,10000
633,50000,0,20000,30000,0,25000,20000,0,10000
634,50000,0,20000,30000,0,25000,20000,0,10000
635,50000,0,20000,30000,0,25000,20000,0,10000
636,50000,0,20000,30000,0,25000,20000,0,10000
637,50000,0,20000,30000,0,25000,20000,0,10000
638,50000,0,20000,30000,0,25000,20000,0,10000
639,50000,0,20000,30000,0,25000,20000,0,10000
640,50000,0,20000,30000,0,25000,20000,0,10000
641,50000,0,20000,30000,0,25000,20000,0,10000
642,50000,0,20000,30000,0,25000,20000,0,10000
643,50000,0,20000,30000,0,25000,20000,0,10000
644,50000,0,20000,30000,0,25000,20000,0,10000
645,50000,0,20000,30000,0,25000,20000,0,10000
646,50000,0,20000,30000,0,25000,20000,0,10000
647,50000,0,20000,30000,0,25000,20000,0,10000
648,50000,0,20000,30000,0,25000,20000,0,10000
649,50000,0,20000,30000,0,25000,20000,0,10000
650,50000,0,20000,30000,0,25000,20000,0,10000
651,50000,0,20000,30000,0,25000,20000,0,10000
652,50000,0,20000,30000,0,25000,20000,0,10000
653,50000,0,20000,30000,0,25000,20000,0,10000
654,50000,0,20000,30000,0,25000,20000,0,10000
655,50000,0,20000,30000,0,25000,20000,0,10000
656,50000,0,20000,30000,0,25000,20000,0,10000
657,50000,0,20000,30000,0,25000,20000,0,10000
658,50000,0,20000,30000,0,25000,20000,0,10000
659,50000,0,20000,30000,0,25000,20000,0,10000
660,50000,0,20000,30000,0,25000,20000,0,10000
661,50000,0,20000,30000,0,25000,20000,0,10000
662,50000,0,20000,30000,0,25000,20000,0,10000
663,50000,0,20000,30000,0,25000,20000,0,10000
664,50000,0,20000,30000,0,25000,20000,0,10000
665,50000,0,20000,30000,0,25000,20000,0,10000
666,50000,0,20000,30000,0,25000,20000,0,10000
667,50000,0,20000,30000,0,25000,20000,0,10000
668,50000,0,20000,30000,0,25000,20000,0,10000
669,50000,0,20000,30000,0,25000,20000,0,10000
670,50000,0,20000,30000,0,25000,20000,0,10000
671,50000,0,20000,30000,0,25000,20000,0,10000
672,50000,0,20000,30000,0,25000,20000,0,10000
673,50000,0,20000,30000,0,25000,20000,0,10000
674,50000,0,20000,30000,0,25000,20000,0,10000
675,50000,0,20000,30000,0,25000,20000,0,10000
676,50000,0,20000,30000,0,25000,20000,0,10000
677,50000,0,20000,30000,0,25000,20000,0,10000
678,50000,0,20000,30000,0,25000,20000,0,10000
679,50000,0,20000,30000,0,25000,20000,0,10000
680,50000,0,20000,30000,0,25000,20000,0,10000
681,50000,0,20000,30000,0,25000,20000,0,10000
682,50000,0,20000,30000,0,25000,20000,0,10000
683,50000,0,20000,30000,0,25000,20000,0,10000
684,50000,0,20000,30000,0,25000,20000,0,10000
685,50000,0,20000,30000,0,25000,20000,0,10000
686,50000,0,20000,30000,0,25000,20000,0,10000
687,50000,0,20000,30000,0,25000,20000,0,10000
688,50000,0,20000,30000,0,25000,20000,0,10000
689,50000,0,20000,30000,0,25000,20000,0,10000
690,50000,0,20000,30000,0,25000,20000,0,10000
691,50000,0,20000,30000,0,25000,20000,0,10000
692,50000,0,20000,30000,0,25000,20000,0,10000
693,50000,0,20000,30000,0,25000,20000,0,10000
694,50000,0,20000,30000,0,25000,20000,0,10000
695,50000,0,20000,30000,0,25000,20000,0,10000
696,50000,0,20000,30000,0,25000,20000,0,10000
697,50000,0,20000,30000,0,25000,20000,0,10000
698,50000,0,20000,30000,0,25000,20000,0,10000
699,50000,0,20000,30000,0,25000,20000,0,10000
700,50000,0,20000,30000,0,25000,20000,0,10000
701,50000,0,20000,30000,0,25000,20000,0,10000
702,50000,0,20000,30000,0,25000,20000,0,10000
703,50000,0,20000,30000,0,25000,20000,0,10000
704,50000,0,20000,30000,0,25000,20000,0,10000
705,50000,0,20000,30000,0,25000,20000,0,10000
706,50000,0,20000,30000,0,25000,20000,0,10000
707,50000,0,20000,30000,0,25000,20000,0,10000
708,50000,0,20000,30000,0,25000,20000,0,10000
709,50000,0,20000,30000,0,25000,20000,0,10000
710,50000,0,20000,30000,0,25000,20000,0,10000
711,50000,0,20000,30000,0,25000,20000,0,10000
712,50000,0,20000,30000,0,25000,20000,0,10000
713,50000,0,20000,30000,0,25000,20000,0,10000
714,50000,0,20000,30000,0,25000,20000,0,10000
715,50000,0,20000,30000,0,25000,20000,0,10000
716,50000,0,20000,30000,0,25000,20000,0,10000
717,50000,0,20000,30000,0,25000,20000,0,10000
718,50000,0,20000,30000,0,25000,20000,0,10000
719,50000,0,20000,30000,0,25000,20000,0,10000
720,50000,0,20000,30000,0,25000,20000,0,10000
721,50000,0,20000,30000,0,25000,20000,0,10000
722,50000,0,20000,30000,0,25000,20000,0,10000
723,50000,0,20000,30000,0,25000,20000,0,10000
724,50000,0,20000,30000,0,25000,20000,0,10000
725,50000,0,20000,30000,0,25000,20000,0,10000
726,50000,0,20000,30000,0,25000,20000,0,10000
727,50000,0,20000,30000,0,25000,20000,0,10000
728,50000,0,20000,30000,0,25000,20000,0,10000
729,50000,0,20000,30000,0,25000,20000,0,10000
730,50000,0,20000,30000,0,25000,20000,0,10000
731,50000,0,20000,30000,0,25000,20000,0,10000
732,50000,0,20000,30000,0,25000,20000,0,10000
733,50000,0,20000,30000,0,25000,20000,0,10000
734,50000,0,20000,30000,0,25000,20000,0,10000
735,50000,0,20000,30000,0,25000,20000,0,10000
736,50000,0,20000,30000,0,25000,20000,0,10000
737,50000,0,20000,30000,0,25000,20000,0,10000
738,50000,0,20000,30000,0,25000,20000,0,10000
739,50000,0,20000,30000,0,25000,20000,0,10000
740,50000,0,20000,30000,0,25000,20000,0,10000
741,50000,0,20000,30000,0,25000,20000,0,10000
742,50000,0,20000,30000,0,25000,20000,0,10000
743,50000,0,20000,30000,0,25000,20000,0,10000
744,50000,0,20000,30000,0,25000,20000,0,10000
745,50000,0,20000,30000,0,25000,20000,0,10000
746,50000,0,20000,30000,0,25000,20000,0,10000
747,50000,0,20000,30000,0,25000,20000,0,10000
748,50000,0,20000,30000,0,25000,20000,0,10000
749,50000,0,20000,30000,0,25000,20000,0,10000
750,50000,0,20000,30000,0,25000,20000,0,10000
751,50000,0,20000,30000,0,25000,20000,0,10000
752,50000,0,20000,30000,0,25000,20000,0,10000
753,50000,0,20000,30000,0,25000,20000,0,10000
754,50000,0,20000,30000,0,25000,20000,0,10000
755,50000,0,20000,30000,0,25000,20000,0,10000
756,50000,0,20000,30000,0,25000,20000,0,10000
757,50000,0,20000,30000,0,25000,20000,0,10000
758,50000,0,20000,30000,0,25000,20000,0,10000
759,50000,0,20000,30000,0,25000,20000,0,10000
760,50000,0,20000,30000,0,25000,20000,0,10000
761,50000,0,20000,30000,0,25000,20000,0,10000
762,50000,0,20000,30000,0,25000,20000,0,10000
763,50000,0,20000,30000,0,25000,20000,0,10000
764,50000,0,20000,30000,0,25000,20000,0,10000
765,50000,0,20000,30000,0,25000,20000,0,10000
766,50000,0,20000,30000,0,25000,20000,0,10000
767,50000,0,20000,30000,0,25000,20000,0,10000
768,50000,0,20000,30000,0,25000,20000,0,10000
769,50000,0,20000,30000,0,25000,20000,0,10000
770,50000,0,20000,30000,0,25000,20000,0,10000
771,50000,0,20000,30000,0,25000,20000,0,10000
772,50000,0,20000,30000,0,25000,20000,0,10000
773,50000,0,20000,30000,0,25000,20000,0,10000
774,50000,0,20000,30000,0,25000,20000,0,10000
775,50000,0,20000,30000,0,25000,20000,0,10000
776,50000,0,20000,30000,0,25000,20000,0,10000
777,50000,0,20000,30000,0,25000,20000,0,10000
778,50000,0,20000,30000,0,25000,20000,0,10000
779,50000,0,20000,30000,0,25000,20000,0,10000
780,50000,0,20000,30000,0,25000,20000,0,10000
781,50000,0,20000,30000,0,25000,20000,0,10000
782,50000,0,20000,30000,0,25000,20000,0,10000
783,50000,0,20000,30000,0,25000,20000,0,10000
784,50000,0,20000,30000,0,25000,20000,0,10000
785,50000,0,20000,30000,0,25000,20000,0,10000
786,50000,0,20000,30000,0,25000,20000,0,10000
787,50000,0,20000,30000,0,25000,20000,0,10000
788,50000,0,20000,30000,0,25000,20000,0,10000
789,50000,0,20000,30000,0,25000,20000,0,10000
790,50000,0,20000,30000,0,25000,20000,0,10000
791,50000,0,20000,30000,0,25000,20000,0,10000
792,50000,0,20000,30000,0,25000,20000,0,10000
793,50000,0,20000,30000,0,25000,20000,0,10000
794,50000,0,20000,30000,0,25000,20000,0,10000
795,50000,0,20000,30000,0,25000,20000,0,10000
796,50000,0,20000,30000,0,25000,20000,0,10000
797,50000,0,20000,30000,0,25000,20000,0,10000
798,50000,0,20000,30000,0,25000,20000,0,10000
799,50000,0,20000,30000,0,25000,20000,0,10000
800,50000,0,20000,30000,0,25000,20000,0,10000
801,50000,0,20000,30000,0,25000,20000,0,10000
802,50000,0,20000,30000,0,25000,20000,0,10000
803,50000,0,20000,30000,0,25000,20000,0,10000
804,50000,0,20000,30000,0,25000,20000,0,10000
805,50000,0,20000,30000,0,25000,20000,0,10000
806,50000,0,20000,30000,0,25000,20000,0,10000
807,50000,0,20000,30000,0,25000,20000,0,10000
808,50000,0,20000,30000,0,25000,20000,0,10000
809,50000,0,20000,30000,0,25000,20000,0,10000
810,50000,0,20000,30000,0,25000,20000,0,10000
811,50000,0,20000,30000,0,25000,20000,0,10000
812,50000,0,20000,30000,0,25000,20000,0,10000
813,50000,0,20000,30000,0,25000,20000,0,10000
814,50000,0,20000,30000,0,25000,20000,0,10000
815,50000,0,20000,30000,0,25000,20000,0,10000
816,50000,0,20000,30000,0,25000,20000,0,10000
817,50000,0,20000,30000,0,25000,20000,0,10000
818,50000,0,20000,30000,0,25000,20000,0,10000
819,50000,0,20000,30000,0,25000,20000,0,10000
820,50000,0,20000,30000,0,25000,20000,0,10000
821,50000,0,20000,30000,0,25000,20000,0,10000
822,50000,0,20000,30000,0,25000,20000,0,10000
823,50000,0,20000,30000,0,25000,20000,0,10000
824,50000,0,20000,30000,0,25000,20000,0,10000
825,50000,0,20000,30000,0,25000,20000,0,10000
826,50000,0,20000,30000,0,25000,20000,0,10000
827,50000,0,20000,30000,0,25000,20000,0,10000
828,50000,0,20000,30000,0,25000,20000,0,10000
829,50000,0,20000,30000,0,25000,20000,0,10000
830,50000,0,20000,30000,0,25000,20000,0,10000
831,50000,0,20000,30000,0,25000,20000,0,10000
832,50000,0,20000,30000,0,25000,20000,0,10000
833,50000,0,20000,30000,0,25000,20000,0,10000
834,50000,0,20000,30000,0,25000,20000,0,10000
835,50000,0,20000,30000,0,25000,20000,0,10000
836,50000,0,20000,30000,0,25000,20000,0,10000
837,50000,0,20000,30000,0,25000,20000,0,10000
838,50000,0,20000,30000,0,25000,20000,0,10000
839,50000,0,20000,30000,0,25000,20000,0,10000
840,50000,0,20000,30000,0,25000,20000,0,10000
841,50000,0,20000,30000,0,25000,20000,0,10000
842,50000,0,20000,30000,0,25000,20000,0,10000
843,50000,0,20000,30000,0,25000,20000,0,10000
844,50000,0,20000,30000,0,25000,20000,0,10000
845,50000,0,20000,30000,0,25000,20000,0,10000
846,50000,0,20000,30000,0,25000,20000,0,10000
847,50000,0,20000,30000,0,25000,20000,0,10000
848,50000,0,20000,30000,0,25000,20000,0,10000
849,50000,0,20000,30000,0,25000,20000,0,10000
850,50000,0,20000,30000,0,25000,20000,0,10000
851,50000,0,20000,30000,0,25000,20000,0,10000
852,50000,0,20000,30000,0,25000,20000,0,10000
853,50000,0,20000,30000,0,25000,20000,0,10000
854,50000,0,20000,30000,0,25000,20000,0,10000
855,50000,0,20000,30000,0,25000,20000,0,10000
856,50000,0,20000,30000,0,25000,20000,0,10000
857,50000,0,20000,30000,0,25000,20000,0,10000
858,50000,0,20000,30000,0,25000,20000,0,10000
859,50000,0,20000,30000,0,25000,20000,0,10000
860,50000,0,20000,30000,0,25000,20000,0,10000
861,50000,0,20000,30000,0,25000,20000,0,10000
862,50000,0,20000,30000,0,25000,20000,0,10000
863,50000,0,20000,30000,0,25000,20000,0,10000
864,50000,0,20000,30000,0,25000,20000,0,10000
865,50000,0,20000,30000,0,25000,20000,0,10000
866,50000,0,20000,30000,0,25000,20000,0,10000
867,50000,0,20000,30000,0,25000,20000,0,10000
868,50000,0,20000,30000,0,25000,20000,0,10000
869,50000,0,20000,30000,0,25000,20000,0,10000
870,50000,0,20000,30000,0,25000,20000,0,10000
871,50000,0,20000,30000,0,25000,20000,0,10000
872,50000,0,20000,30000,0,25000,20000,0,10000
873,50000,0,20000,30000,0,25000,20000,0,10000
874,50000,0,20000,30000,0,25000,20000,0,10000
875,50000,0,20000,30000,0,25000,20000,0,10000
876,50000,0,20000,30000,0,25000,20000,0,10000
877,50000,0,20000,30000,0,25000,20000,0,10000
878,50000,0,20000,30000,0,25000,20000,0,10000
879,50000,0,20000,30000,0,25000,20000,0,10000
880,50000,0,20000,30000,0,25000,20000,0,10000
881,50000,0,20000,30000,0,25000,20000,0,10000
882,50000,0,20000,30000,0,25000,20000,0,10000
883,50000,0,20000,30000,0,25000,20000,0,10000
884,50000,0,20000,30000,0,25000,20000,0,10000
885,50000,0,20000,30000,0,25000,20000,0,10000
886,50000,0,20000,30000,0,25000,20000,0,10000
887,50000,0,20000,30000,0,25000,20000,0,10000
888,50000,0,20000,30000,0,25000,20000,0,10000
889,50000,0,20000,30000,0,25000,20000,0,10000
890,50000,0,20000,30000,0,25000,20000,0,10000
891,50000,0,20000,30000,0,25000,20000,0,10000
892,50000,0,20000,30000,0,25000,20000,0,10000
893,50000,0,20000,30000,0,25000,20000,0,10000
894,50000,0,20000,30000,0,25000,20000,0,10000
895,50000,0,20000,30000,0,25000,20000,0,10000
896,50000,0,20000,30000,0,25000,20000,0,10000
897,50000,0,20000,30000,0,25000,20000,0,10000
898,50000,0,20000,30000,0,25000,20000,0,10000
899,50000,0,20000,30000,0,25000,20000,0,10000
900,50000,0,20000,30000,0,25000,20000,0,10000
901,50000,0,20000,30000,0,25000,20000,0,10000
902,50000,0,20000,30000,0,25000,20000,0,10000
903,50000,0,20000,30000,0,25000,20000,0,10000
904,50000,0,20000,30000,0,25000,20000,0,10000
905,50000,0,20000,30000,0,25000,20000,0,10000
906,50000,0,20000,30000,0,25000,20000,0,10000
907,50000,0,20000,30000,0,25000,20000,0,10000
908,50000,0,20000,30000,0,25000,20000,0,10000
909,50000,0,20000,30000,0,25000,20000,0,10000
910,50000,0,20000,30000,0,25000,20000,0,10000
911,50000,0,20000,30000,0,25000,20000,0,10000
912,50000,0,20000,30000,0,25000,20000,0,10000
913,50000,0,20000,30000,0,25000,20000,0,10000
914,50000,0,20000,30000,0,25000,20000,0,10000
915,50000,0,20000,30000,0,25000,20000,0,10000
916,50000,0,20000,30000,0,25000,20000,0,10000
917,50000,0,20000,30000,0,25000,20000,0,10000
918,50000,0,20000,30000,0,25000,20000,0,10000
919,50000,0,20000,30000,0,25000,20000,0,10000
920,50000,0,20000,30000,0,25000,20000,0,10000
921,50000,0,20000,30000,0,25000,20000,0,10000
922,50000,0,20000,30000,0,25000,20000,0,10000
923,50000,0,20000,30000,0,25000,20000,0,10000
924,50000,0,20000,30000,0,25000,20000,0,10000
925,50000,0,20000,30000,0,25000,20000,0,10000
926,50000,0,20000,30000,0,25000,20000,0,10000
927,50000,0,20000,30000,0,25000,20000,0,10000
928,50000,0,20000,30000,0,25000,20000,0,10000
929,50000,0,20000,30000,0,25000,20000,0,10000
930,50000,0,20000,30000,0,25000,20000,0,10000
931,50000,0,20000,30000,0,25000,20000,0,10000
932,50000,0,20000,30000,0,25000,20000,0,10000
933,50000,0,20000,30000,0,25000,20000,0,10000
934,50000,0,20000,30000,0,25000,20000,0,10000
935,50000,0,20000,30000,0,25000,20000,0,10000
936,50000,0,20000,30000,0,25000,20000,0,10000
937,50000,0,20000,30000,0,25000,20000,0,10000
938,50000,0,20000,30000,0,25000,20000,0,10000
939,50000,0,20000,30000,0,25000,20000,0,10000
940,50000,0,20000,30000,0,25000,20000,0,10000
941,50000,0,20000,30000,0,25000,20000,0,10000
942,50000,0,20000,30000,0,25000,20000,0,10000
943,50000,0,20000,30000,0,25000,20000,0,10000
944,50000,0,20000,30000,0,25000,20000,0,10000
945,50000,0,20000,30000,0,25000,20000,0,10000
946,50000,0,20000,30000,0,25000,20000,0,10000
947,50000,0,20000,30000,0,25000,20000,0,10000
948,50000,0,20000,30000,0,25000,20000,0,10000
949,50000,0,20000,30000,0,25000,20000,0,10000
950,50000,0,20000,30000,0,25000,20000,0,10000
951,50000,0,20000,30000,0,25000,20000,0,10000
952,50000,0,20000,30000,0,25000,20000,0,10000
953,50000,0,20000,30000,0,25000,20000,0,10000
954,50000,0,20000,30000,0,25000,20000,0,10000
955,50000,0,20000,30000,0,25000,20000,0,10000
956,50000,0,20000,30000,0,25000,20000,0,10000
957,50000,0,20000,30000,0,25000,20000,0,10000
958,50000,0,20000,30000,0,25000,20000,0,10000
959,50000,0,20000,30000,0,25000,20000,0,10000
960,50000,0,20000,30000,0,25000,20000,0,10000
961,50000,0,20000,30000,0,25000,20000,0,10000
962,50000,0,20000,30000,0,25000,20000,0,10000
963,50000,0,20000,30000,0,25000,20000,0,10000
964,50000,0,20000,30000,0,25000,20000,0,10000
965,50000,0,20000,30000,0,25000,20000,0,10000
966,50000,0,20000,30000,0,25000,20000,0,10000
967,50000,0,20000,30000,0,25000,20000,0,10000
968,50000,0,20000,30000,0,25000,20000,0,10000
969,50000,0,20000,30000,0,25000,20000,0,10000
970,50000,0,20000,30000,0,25000,20000,0,10000
971,50000,0,20000,30000,0,25000,20000,0,10000
972,50000,0,20000,30000,0,25000,20000,0,10000
973,50000,0,20000,30000,0,25000,20000,0,10000
974,50000,0,20000,30000,0,25000,20000,0,10000
975,50000,0,20000,30000,0,25000,20000,0,10000
976,50000,0,20000,30000,0,25000,20000,0,10000
977,50000,0,20000,30000,0,25000,20000,0,10000
978,50000,0,20000,30000,0,25000,20000,0,10000
979,50000,0,20000,30000,0,25000,20000,0,10000
980,50000,0,20000,30000,0,25000,20000,0,10000
981,50000,0,20000,30000,0,25000,20000,0,10000
982,50000,0,20000,30000,0,25000,20000,0,10000
983,50000,0,20000,30000,0,25000,20000,0,10000
984,50000,0,20000,30000,0,25000,20000,0,10000
985,50000,0,20000,30000,0,25000,20000,0,10000
986,50000,0,20000,30000,0,25000,20000,0,10000
987,50000,0,20000,30000,0,25000,20000,0,10000
988,50000,0,20000,30000,0,25000,20000,0,10000
989,50000,0,20000,30000,0,25000,20000,0,10000
990,50000,0,20000,30000,0,25000,20000,0,10000
991,50000,0,20000,30000,0,25000,20000,0,10000
992,50000,0,20000,30000,0,25000,20000,0,10000
993,50000,0,20000,30000,0,25000,20000,0,10000
994,50000,0,20000,30000,0,25000,20000,0,10000
995,50000,0,20000,30000,0,25000,20000,0,10000
996,50000,0,20000,30000,0,25000,20000,0,10000
997,50000,0,20000,30000,0,25000,20000,0,10000
998,50000,0,20000,30000,0,25000,20000,0,10000
999,50000,0,20000,30000,0,25000,20000,0,10000
1000,50000,0,20000,30000,0,25000,20000,0,10000
1001,50000,0,20000,30000,0,25000,20000,0,10000
1002,50000,0,20000,30000,0,25000,20000,0,10000
1003,50000,0,20000,30000,0,25000,20000,0,10000
1004,50000,0,20000,30000,0,25000,20000,0,10000
1005,50000,0,20000,30000,0,25000,20000,0,10000
1006,50000,0,20000,30000,0,25000,20000,0,10000
1007,50000,0,20000,30000,0,25000,20000,0,10000
1008,50000,0,20000,30000,0,25000,20000,0,10000
1009,50000,0,20000,30000,0,25000,20000,0,10000
1010,50000,0,20000,30000,0,25000,20000,0,10000
1011,50000,0,20000,30000,0,25000,20000,0,10000
1012,50000,0,20000,30000,0,25000,20000,0,10000
1013,50000,0,20000,30000,0,25000,20000,0,10000
1014,50000,0,20000,30000,0,25000,20000,0,10000
1015,50000,0,20000,30000,0,25000,20000,0,10000
1016,50000,0,20000,30000,0,25000,20000,0,10000
1017,50000,0,20000,30000,0,25000,20000,0,10000
1018,50000,0,20000,30000,0,25000,20000,0,10000
1019,50000,0,20000,30000,0,25000,20000,0,10000
1020,50000,0,20000,30000,0,25000,20000,0,10000
1021,50000,0,20000,30000,0,25000,20000,0,10000
1022,50000,0,20000,30000,0,25000,20000,0,10000
1023,50000,0,20000,30000,0,25000,20000,0,10000
1024,50000,0,20000,30000,0,25000,20000,0,10000
1025,50000,0,20000,30000,0,25000,20000,0,10000
1026,50000,0,20000,30000,0,25000,20000,0,10000
1027,50000,0,20000,30000,0,25000,20000,0,10000
1028,50000,0,20000,30000,0,25000,20000,0,10000
1029,50000,0,20000,30000,0,25000,20000,0,10000
1030,50000,0,20000,30000,0,25000,20000,0,10000
1031,50000,0,20000,30000,0,25000,20000,0,10000
1032,50000,0,20000,30000,0,25000,20000,0,10000
1033,50000,0,20000,30000,0,25000,20000,0,10000
1034,50000,0,20000,30000,0,25000,20000,0,10000
1035,50000,0,20000,30000,0,25000,20000,0,10000
1036,50000,0,20000,30000,0,25000,20000,0,10000
1037,50000,0,20000,30000,0,25000,20000,0,10000
1038,50000,0,20000,30000,0,25000,20000,0,10000
1039,50000,0,20000,30000,0,25000,20000,0,10000
1040,50000,0,20000,30000,0,25000,20000,0,10000
1041,50000,0,20000,30000,0,25000,20000,0,10000
1042,50000,0,20000,30000,0,25000,20000,0,10000
1043,50000,0,20000,30000,0,25000,20000,0,10000
1044,50000,0,20000,30000,0,25000,20000,0,10000
1045,50000,0,20000,30000,0,25000,20000,0,10000
1046,50000,0,20000,30000,0,25000,20000,0,10000
1047,50000,0,20000,30000,0,25000,20000,0,10000
1048,50000,0,20000,30000,0,25000,20000,0,10000
1049,50000,0,20000,30000,0,25000,20000,0,10000
1050,50000,0,20000,30000,0,25000,20000,0,10000
1051,50000,0,20000,30000,0,25000,20000,0,10000
1052,50000,0,20000,30000,0,25000,20000,0,10000
1053,50000,0,20000,30000,0,25000,20000,0,10000
1054,50000,0,20000,30000,0,25000,20000,0,10000
1055,50000,0,20000,30000,0,25000,20000,0,10000
1056,50000,0,20000,30000,0,25000,20000,0,10000
1057,50000,0,20000,30000,0,25000,20000,0,10000
1058,50000,0,20000,30000,0,25000,20000,0,10000
1059,50000,0,20000,30000,0,25000,20000,0,10000
1060,50000,0,20000,30000,0,25000,20000,0,10000
1061,50000,0,20000,30000,0,25000,20000,0,10000
1062,50000,0,20000,30000,0,25000,20000,0,10000
1063,50000,0,20000,30000,0,25000,20000,0,10000
1064,50000,0,20000,30000,0,25000,20000,0,10000
1065,50000,0,20000,30000,0,25000,20000,0,10000
1066,50000,0,20000,30000,0,25000,20000,0,10000
1067,50000,0,20000,30000,0,25000,20000,0,10000
1068,50000,0,20000,30000,0,25000,20000,0,10000
1069,50000,0,20000,30000,0,25000,20000,0,10000
1070,50000,0,20000,30000,0,25000,20000,0,10000
1071,50000,0,20000,30000,0,25000,20000,0,10000
1072,50000,0,20000,30000,0,25000,20000,0,10000
1073,50000,0,20000,30000,0,25000,20000,0,10000
1074,50000,0,20000,30000,0,25000,20000,0,10000
1075,50000,0,20000,30000,0,25000,20000,0,10000
1076,50000,0,20000,30000,0,25000,20000,0,10000
1077,50000,0,20000,30000,0,25000,20000,0,10000
1078,50000,0,20000,30000,0,25000,20000,0,10000
1079,50000,0,20000,30000,0,25000,20000,0,10000
1080,50000,0,20000,30000,0,25000,20000,0,10000
1081,50000,0,20000,30000,0,25000,20000,0,10000
1082,50000,0,20000,30000,0,25000,20000,0,10000
1083,50000,0,20000,30000,0,25000,20000,0,10000
1084,50000,0,20000,30000,0,25000,20000,0,10000
1085,50000,0,20000,30000,0,25000,20000,0,10000
1086,50000,0,20000,30000,0,25000,20000,0,10000
1087,50000,0,20000,30000,0,25000,20000,0,10000
1088,50000,0,20000,30000,0,25000,20000,0,10000
1089,50000,0,20000,30000,0,25000,20000,0,10000
1090,50000,0,20000,30000,0,25000,20000,0,10000
1091,50000,0,20000,30000,0,25000,20000,0,10000
1092,50000,0,20000,30000,0,25000,20000,0,10000
1093,50000,0,20000,30000,0,25000,20000,0,10000
1094,50000,0,20000,30000,0,25000,20000,0,10000
1095,50000,0,20000,30000,0,25000,20000,0,10000
1096,50000,0,20000,30000,0,25000,20000,0,10000
1097,50000,0,20000,30000,0,25000,20000,0,10000
1098,50000,0,20000,30000,0,25000,20000,0,10000
1099,50000,0,20000,30000,0,25000,20000,0,10000
1100,50000,0,20000,30000,0,25000,20000,0,10000
1101,50000,0,20000,30000,0,25000,20000,0,10000
1102,50000,0,20000,30000,0,25000,20000,0,10000
1103,50000,0,20000,30000,0,25000,20000,0,10000
1104,50000,0,20000,30000,0,25000,20000,0,10000
1105,50000,0,20000,30000,0,25000,20000,0,10000
1106,50000,0,20000,30000,0,25000,20000,0,10000
1107,50000,0,20000,30000,0,25000,20000,0,10000
1108,50000,0,20000,30000,0,25000,20000,0,10000
1109,50000,0,20000,30000,0,25000,20000,0,10000
1110,50000,0,20000,30000,0,25000,20000,0,10000
1111,50000,0,20000,30000,0,25000,20000,0,10000
1112,50000,0,20000,30000,0,25000,20000,0,10000
1113,50000,0,20000,30000,0,25000,20000,0,10000
1114,50000,0,20000,30000,0,25000,20000,0,10000
1115,50000,0,20000,30000,0,25000,20000,0,10000
1116,50000,0,20000,30000,0,25000,20000,0,10000
1117,50000,0,20000,30000,0,25000,20000,0,10000
1118,50000,0,20000,30000,0,25000,20000,0,10000
1119,50000,0,20000,30000,0,25000,20000,0,10000
1120,50000,0,20000,30000,0,25000,20000,0,10000
1121,50000,0,20000,30000,0,25000,20000,0,10000
1122,50000,0,20000,30000,0,25000,20000,0,10000
1123,50000,0,20000,30000,0,25000,20000,0,10000
1124,50000,0,20000,30000,0,25000,20000,0,10000
1125,50000,0,20000,30000,0,25000,20000,0,10000
1126,50000,0,20000,30000,0,25000,20000,0,10000
1127,50000,0,20000,30000,0,25000,20000,0,10000
1128,50000,0,20000,30000,0,25000,20000,0,10000
1129,50000,0,20000,30000,0,25000,20000,0,10000
1130,50000,0,20000,30000,0,25000,20000,0,10000
1131,50000,0,20000,30000,0,25000,20000,0,10000
1132,50000,0,20000,30000,0,25000,20000,0,10000
1133,50000,0,20000,30000,0,25000,20000,0,10000
1134,50000,0,20000,30000,0,25000,20000,0,10000
1135,50000,0,20000,30000,0,25000,20000,0,10000
1136,50000,0,20000,30000,0,25000,20000,0,10000
1137,50000,0,20000,30000,0,25000,20000,0,10000
1138,50000,0,20000,30000,0,25000,20000,0,10000
1139,50000,0,20000,30000,0,25000,20000,0,10000
1140,50000,0,20000,30000,0,25000,20000,0,10000
1141,50000,0,20000,30000,0,25000,20000,0,10000
1142,50000,0,20000,30000,0,25000,20000,0,10000
1143,50000,0,20000,30000,0,25000,20000,0,10000
1144,50000,0,20000,30000,0,25000,20000,0,10000
1145,50000,0,20000,30000,0,25000,20000,0,10000
1146,50000,0,20000,30000,0,25000,20000,0,10000
1147,50000,0,20000,30000,0,25000,20000,0,10000
1148,50000,0,20000,30000,0,25000,20000,0,10000
1149,50000,0,20000,30000,0,25000,20000,0,10000
1150,50000,0,20000,30000,0,25000,20000,0,10000
1151,50000,0,20000,30000,0,25000,20000,0,10000
1152,50000,0,20000,30000,0,25000,20000,0,10000
1153,50000,0,20000,30000,0,25000,20000,0,10000
1154,50000,0,20000,30000,0,25000,20000,0,10000
1155,50000,0,20000,30000,0,25000,20000,0,10000
1156,50000,0,20000,30000,0,25000,20000,0,10000
1157,50000,0,20000,30000,0,25000,20000,0,10000
1158,50000,0,20000,30000,0,25000,20000,0,10000
1159,50000,0,20000,30000,0,25000,20000,0,10000
1160,50000,0,20000,30000,0,25000,20000,0,10000
1161,50000,0,20000,30000,0,25000,20000,0,10000
1162,50000,0,20000,30000,0,25000,20000,0,10000
1163,50000,0,20000,30000,0,25000,20000,0,10000
1164,50000,0,20000,30000,0,25000,20000,0,10000
1165,50000,0,20000,30000,0,25000,20000,0,10000
1166,50000,0,20000,30000,0,25000,20000,0,10000
1167,50000,0,20000,30000,0,25000,20000,0,10000
1168,50000,0,20000,30000,0,25000,20000,0,10000
1169,50000,0,20000,30000,0,25000,20000,0,10000
1170,50000,0,20000,30000,0,25000,20000,0,10000
1171,50000,0,20000,30000,0,25000,20000,0,10000
1172,50000,0,20000,30000,0,25000,20000,0,10000
1173,50000,0,20000,30000,0,25000,20000,0,10000
1174,50000,0,20000,30000,0,25000,20000,0,10000
1175,50000,0,20000,30000,0,25000,20000,0,10000
1176,50000,0,20000,30000,0,25000,20000,0,10000
1177,50000,0,20000,30000,0,25000,20000,0,10000
1178,50000,0,20000,30000,0,25000,20000,0,10000
1179,50000,0,20000,30000,0,25000,20000,0,10000
1180,50000,0,20000,30000,0,25000,20000,0,10000
1181,50000,0,20000,30000,0,25000,20000,0,10000
1182,50000,0,20000,30000,0,25000,20000,0,10000
1183,50000,0,20000,30000,0,25000,20000,0,10000
1184,50000,0,20000,30000,0,25000,20000,0,10000
1185,50000,0,20000,30000,0,25000,20000,0,10000
1186,50000,0,20000,30000,0,25000,20000,0,10000
1187,50000,0,20000,30000,0,25000,20000,0,10000
1188,50000,0,20000,30000,0,25000,20000,0,10000
1189,50000,0,20000,30000,0,25000,20000,0,10000
1190,50000,0,20000,30000,0,25000,20000,0,10000
1191,50000,0,20000,30000,0,25000,20000,0,10000
1192,50000,0,20000,30000,0,25000,20000,0,10000
1193,50000,0,20000,30000,0,25000,20000,0,10000
1194,50000,0,20000,30000,0,25000,20000,0,10000
1195,50000,0,20000,30000,0,25000,20000,0,10000
1196,50000,0,20000,30000,0,25000,20000,0,10000
1197,50000,0,20000,30000,0,25000,20000,0,10000
1198,50000,0,20000,30000,0,25000,20000,0,10000
1199,50000,0,20000,30000,0,25000,20000,0,10000
1200,50000,0,20000,30000,0,25000,20000,0,10000
1201,50000,0,20000,30000,0,25000,20000,0,10000
1202,50000,0,20000,30000,0,25000,20000,0,10000
1203,50000,0,20000,30000,0,25000,20000,0,10000
1204,50000,0,20000,30000,0,25000,20000,0,10000
1205,50000,0,20000,30000,0,25000,20000,0,10000
1206,50000,0,20000,30000,0,25000,20000,0,10000
1207,50000,0,20000,30000,0,25000,20000,0,10000
1208,50000,0,20000,30000,0,25000,20000,0,10000
1209,50000,0,20000,30000,0,25000,20000,0,10000
1210,50000,0,20000,30000,0,25000,20000,0,10000
1211,50000,0,20000,30000,0,25000,20000,0,10000
1212,50000,0,20000,30000,0,25000,20000,0,10000
1213,50000,0,20000,30000,0,25000,20000,0,10000
1214,50000,0,20000,30000,0,25000,20000,0,10000
1215,50000,0,20000,30000,0,25000,20000,0,10000
1216,50000,0,20000,30000,0,25000,20000,0,10000
1217,50000,0,20000,30000,0,25000,20000,0,10000
1218,50000,0,20000,30000,0,25000,20000,0,10000
1219,50000,0,20000,30000,0,25000,20000,0,10000
1220,50000,0,20000,30000,0,25000,20000,0,10000
1221,50000,0,20000,30000,0,25000,20000,0,10000
1222,50000,0,20000,30000,0,25000,20000,0,10000
1223,50000,0,20000,30000,0,25000,20000,0,10000
1224,50000,0,20000,30000,0,25000,20000,0,10000
1225,50000,0,20000,30000,0,25000,20000,0,10000
1226,50000,0,20000,30000,0,25000,20000,0,10000
1227,50000,0,20000,30000,0,25000,20000,0,10000
1228,50000,0,20000,30000,0,25000,20000,0,10000
1229,50000,0,20000,30000,0,25000,20000,0,10000
1230,50000,0,20000,30000,0,25000,20000,0,10000
1231,50000,0,20000,30000,0,25000,20000,0,10000
1232,50000,0,20000,30000,0,25000,20000,0,10000
1233,50000,0,20000,30000,0,25000,20000,0,10000
1234,50000,0,20000,30000,0,25000,20000,0,10000
1235,50000,0,20000,30000,0,25000,20000,0,10000
1236,50000,0,20000,30000,0,25000,20000,0,10000
1237,50000,0,20000,30000,0,25000,20000,0,10000
1238,50000,0,20000,30000,0,25000,20000,0,10000
1239,50000,0,20000,30000,0,25000,20000,0,10000
1240,50000,0,20000,30000,0,25000,20000,0,10000
1241,50000,0,20000,30000,0,25000,20000,0,10000
1242,50000,0,20000,30000,0,25000,20000,0,10000
1243,50000,0,20000,30000,0,25000,20000,0,10000
1244,50000,0,20000,30000,0,25000,20000,0,10000
1245,50000,0,20000,30000,0,25000,20000,0,10000
1246,50000,0,20000,30000,0,25000,20000,0,10000
1247,50000,0,20000,30000,0,25000,20000,0,10000
1248,50000,0,20000,30000,0,25000,20000,0,10000
1249,50000,0,20000,30000,0,25000,20000,0,10000
1250,50000,0,20000,30000,0,25000,20000,0,10000
1251,50000,0,20000,30000,0,25000,20000,0,10000
1252,50000,0,20000,30000,0,25000,20000,0,10000
1253,50000,0,20000,30000,0,25000,20000,0,10000
1254,50000,0,20000,30000,0,25000,20000,0,10000
1255,50000,0,20000,30000,0,25000,20000,0,10000
1256,50000,0,20000,30000,0,25000,20000,0,10000
1257,50000,0,20000,30000,0,25000,20000,0,10000
1258,50000,0,20000,30000,0,25000,20000,0,10000
1259,50000,0,20000,30000,0,25000,20000,0,10000
1260,50000,0,20000,30000,0,25000,20000,0,10000
1261,50000,0,20000,30000,0,25000,20000,0,10000
1262,50000,0,20000,30000,0,25000,20000,0,10000
1263,50000,0,20000,30000,0,25000,20000,0,10000
1264,50000,0,20000,30000,0,25000,20000,0,10000
1265,50000,0,20000,30000,0,25000,20000,0,10000
1266,50000,0,20000,30000,0,25000,20000,0,10000
1267,50000,0,20000,30000,0,25000,20000,0,10000
1268,50000,0,20000,30000,0,25000,20000,0,10000
1269,50000,0,20000,30000,0,25000,20000,0,10000
1270,50000,0,20000,30000,0,25000,20000,0,10000
1271,50000,0,20000,30000,0,25000,20000,0,10000
1272,50000,0,20000,30000,0,25000,20000,0,10000
1273,50000,0,20000,30000,0,25000,20000,0,10000
1274,50000,0,20000,30000,0,25000,20000,0,10000
1275,50000,0,20000,30000,0,25000,20000,0,10000
1276,50000,0,20000,30000,0,25000,20000,0,10000
1277,50000,0,20000,30000,0,25000,20000,0,10000
1278,50000,0,20000,30000,0,25000,20000,0,10000
1279,50000,0,20000,30000,0,25000,20000,0,10000
1280,50000,0,20000,30000,0,25000,20000,0,10000
1281,50000,0,20000,30000,0,25000,20000,0,10000
1282,50000,0,20000,30000,0,25000,20000,0,10000
1283,50000,0,20000,30000,0,25000,20000,0,10000
1284,50000,0,20000,30000,0,25000,20000,0,10000
1285,50000,0,20000,30000,0,25000,20000,0,10000
1286,50000,0,20000,30000,0,25000,20000,0,10000
1287,50000,0,20000,30000,0,25000,20000,0,10000
1288,50000,0,20000,30000,0,25000,20000,0,10000
1289,50000,0,20000,30000,0,25000,20000,0,10000
1290,50000,0,20000,30000,0,25000,20000,0,10000
1291,50000,0,20000,30000,0,25000,20000,0,10000
1292,50000,0,20000,30000,0,25000,20000,0,10000
1293,50000,0,20000,30000,0,25000,20000,0,10000
1294,50000,0,20000,30000,0,25000,20000,0,10000
1295,50000,0,20000,30000,0,25000,20000,0,10000
1296,50000,0,20000,30000,0,25000,20000,0,10000
1297,50000,0,20000,30000,0,25000,20000,0,10000
1298,50000,0,20000,30000,0,25000,20000,0,10000
1299,50000,0,20000,30000,0,25000,20000,0,10000
1300,50000,0,20000,30000,0,25000,20000,0,10000
1301,50000,0,20000,30000,0,25000,20000,0,10000
1302,50000,0,20000,30000,0,25000,20000,0,10000
1303,50000,0,20000,30000,0,25000,20000,0,10000
1304,50000,0,20000,30000,0,25000,20000,0,10000
1305,50000,0,20000,30000,0,25000,20000,0,10000
1306,50000,0,20000,30000,0,25000,20000,0,10000
1307,50000,0,20000,30000,0,25000,20000,0,10000
1308,50000,0,20000,30000,0,25000,20000,0,10000
1309,50000,0,20000,30000,0,25000,20000,0,10000
1310,50000,0,20000,30000,0,25000,20000,0,10000
1311,50000,0,20000,30000,0,25000,20000,0,10000
1312,50000,0,20000,30000,0,25000,20000,0,10000
1313,50000,0,20000,30000,0,25000,20000,0,10000
1314,50000,0,20000,30000,0,25000,20000,0,10000
1315,50000,0,20000,30000,0,25000,20000,0,10000
1316,50000,0,20000,30000,0,25000,20000,0,10000
1317,50000,0,20000,30000,0,25000,20000,0,10000
1318,50000,0,20000,30000,0,25000,20000,0,10000
1319,50000,0,20000,30000,0,25000,20000,0,10000
1320,50000,0,20000,30000,0,25000,20000,0,10000
1321,50000,0,20000,30000,0,25000,20000,0,10000
1322,50000,0,20000,30000,0,25000,20000,0,10000
1323,50000,0,20000,30000,0,25000,20000,0,10000
1324,50000,0,20000,30000,0,25000,20000,0,10000
1325,50000,0,20000,30000,0,25000,20000,0,10000
1326,50000,0,20000,30000,0,25000,20000,0,10000
1327,50000,0,20000,30000,0,25000,20000,0,10000
1328,50000,0,20000,30000,0,25000,20000,0,10000
1329,50000,0,20000,30000,0,25000,20000,0,10000
1330,50000,0,20000,30000,0,25000,20000,0,10000
1331,50000,0,20000,30000,0,25000,20000,0,10000
1332,50000,0,20000,30000,0,25000,20000,0,10000
1333,50000,0,20000,30000,0,25000,20000,0,10000
1334,50000,0,20000,30000,0,25000,20000,0,10000
1335,50000,0,20000,30000,0,25000,20000,0,10000
1336,50000,0,20000,30000,0,25000,20000,0,10000
1337,50000,0,20000,30000,0,25000,20000,0,10000
1338,50000,0,20000,30000,0,25000,20000,0,10000
1339,50000,0,20000,30000,0,25000,20000,0,10000
1340,50000,0,20000,30000,0,25000,20000,0,10000
1341,50000,0,20000,30000,0,25000,20000,0,10000
1342,50000,0,20000,30000,0,25000,20000,0,10000
1343,50000,0,20000,30000,0,25000,20000,0,10000
1344,50000,0,20000,30000,0,25000,20000,0,10000
1345,50000,0,20000,30000,0,25000,20000,0,10000
1346,50000,0,20000,30000,0,25000,20000,0,10000
1347,50000,0,20000,30000,0,25000,20000,0,10000
1348,50000,0,20000,30000,0,25000,20000,0,10000
1349,50000,0,20000,30000,0,25000,20000,0,10000
1350,50000,0,20000,30000,0,25000,20000,0,10000
1351,50000,0,20000,30000,0,25000,20000,0,10000
1352,50000,0,20000,30000,0,25000,20000,0,10000
1353,50000,0,20000,30000,0,25000,20000,0,10000
1354,50000,0,20000,30000,0,25000,20000,0,10000
1355,50000,0,20000,30000,0,25000,20000,0,10000
1356,50000,0,20000,30000,0,25000,20000,0,10000
1357,50000,0,20000,30000,0,25000,20000,0,10000
1358,50000,0,20000,30000,0,25000,20000,0,10000
1359,50000,0,20000,30000,0,25000,20000,0,10000
1360,50000,0,20000,30000,0,25000,20000,0,10000
1361,50000,0,20000,30000,0,25000,20000,0,10000
1362,50000,0,20000,30000,0,25000,20000,0,10000
1363,50000,0,20000,30000,0,25000,20000,0,10000
1364,50000,0,20000,30000,0,25000,20000,0,10000
1365,50000,0,20000,30000,0,25000,20000,0,10000
1366,50000,0,20000,30000,0,25000,20000,0,10000
1367,50000,0,20000,30000,0,25000,20000,0,10000
1368,50000,0,20000,30000,0,25000,20000,0,10000
1369,50000,0,20000,30000,0,25000,20000,0,10000
1370,50000,0,20000,30000,0,25000,20000,0,10000
1371,50000,0,20000,30000,0,25000,20000,0,10000
1372,50000,0,20000,30000,0,25000,20000,0,10000
1373,50000,0,20000,30000,0,25000,20000,0,10000
1374,50000,0,20000,30000,0,25000,20000,0,10000
1375,50000,0,20000,30000,0,25000,20000,0,10000
1376,50000,0,20000,30000,0,25000,20000,0,10000
1377,50000,0,20000,30000,0,25000,20000,0,10000
1378,50000,0,20000,30000,0,25000,20000,0,10000
1379,50000,0,20000,30000,0,25000,20000,0,10000
1380,50000,0,20000,30000,0,25000,20000,0,10000
1381,50000,0,20000,30000,0,25000,20000,0,10000
1382,50000,0,20000,30000,0,25000,20000,0,10000
1383,50000,0,20000,30000,0,25000,20000,0,10000
1384,50000,0,20000,30000,0,25000,20000,0,10000
1385,50000,0,20000,30000,0,25000,20000,0,10000
1386,50000,0,20000,30000,0,25000,20000,0,10000
1387,50000,0,20000,30000,0,25000,20000,0,10000
1388,50000,0,20000,30000,0,25000,20000,0,10000
1389,50000,0,20000,30000,0,25000,20000,0,10000
1390,50000,0,20000,30000,0,25000,20000,0,10000
1391,50000,0,20000,30000,0,25000,20000,0,10000
1392,50000,0,20000,30000,0,25000,20000,0,10000
1393,50000,0,20000,30000,0,25000,20000,0,10000
1394,50000,0,20000,30000,0,25000,20000,0,10000
1395,50000,0,20000,30000,0,25000,20000,0,10000
1396,50000,0,20000,30000,0,25000,20000,0,10000
1397,50000,0,20000,30000,0,25000,20000,0,10000
1398,50000,0,20000,30000,0,25000,20000,0,10000
1399,50000,0,20000,30000,0,25000,20000,0,10000
1400,50000,0,20000,30000,0,25000,20000,0,10000
1401,50000,0,20000,30000,0,25000,20000,0,10000
1402,50000,0,20000,30000,0,25000,20000,0,10000
1403,50000,0,20000,30000,0,25000,20000,0,10000
1404,50000,0,20000,30000,0,25000,20000,0,10000
1405,50000,0,20000,30000,0,25000,20000,0,10000
1406,50000,0,20000,30000,0,25000,20000,0,10000
1407,50000,0,20000,30000,0,25000,20000,0,10000
1408,50000,0,20000,30000,0,25000,20000,0,10000
1409,50000,0,20000,30000,0,25000,20000,0,10000
1410,50000,0,20000,30000,0,25000,20000,0,10000
1411,50000,0,20000,30000,0,25000,20000,0,10000
1412,50000,0,20000,30000,0,25000,20000,0,10000
1413,50000,0,20000,30000,0,25000,20000,0,10000
1414,50000,0,20000,30000,0,25000,20000,0,10000
1415,50000,0,20000,30000,0,25000,20000,0,10000
1416,50000,0,20000,30000,0,25000,20000,0,10000
1417,50000,0,20000,30000,0,25000,20000,0,10000
1418,50000,0,20000,30000,0,25000,20000,0,10000
1419,50000,0,20000,30000,0,25000,20000,0,10000
1420,50000,0,20000,30000,0,25000,20000,0,10000
1421,50000,0,20000,30000,0,25000,20000,0,10000
1422,50000,0,20000,30000,0,25000,20000,0,10000
1423,50000,0,20000,30000,0,25000,20000,0,10000
1424,50000,0,20000,30000,0,25000,20000,0,10000
1425,50000,0,20000,30000,0,25000,20000,0,10000
1426,50000,0,20000,30000,0,25000,20000,0,10000
1427,50000,0,20000,30000,0,25000,20000,0,10000
1428,50000,0,20000,30000,0,25000,20000,0,10000
1429,50000,0,20000,30000,0,25000,20000,0,10000
1430,50000,0,20000,30000,0,25000,20000,0,10000
1431,50000,0,20000,30000,0,25000,20000,0,10000
1432,50000,0,20000,30000,0,25000,20000,0,10000
1433,50000,0,20000,30000,0,25000,20000,0,10000
1434,50000,0,20000,30000,0,25000,20000,0,10000
1435,50000,0,20000,30000,0,25000,20000,0,10000
1436,50000,0,20000,30000,0,25000,20000,0,10000
1437,50000,0,20000,30000,0,25000,20000,0,10000
1438,50000,0,20000,30000,0,25000,20000,0,10000
1439,50000,0,20000,30000,0,25000,20000,0,10000
1440,50000,0,20000,30000,0,25000,20000,0,10000
1441,50000,0,20000,30000,0,25000,20000,0,10000
1442,50000,0,20000,30000,0,25000,20000,0,10000
1443,50000,0,20000,30000,0,25000,20000,0,10000
1444,50000,0,20000,30000,0,25000,20000,0,10000
1445,50000,0,20000,30000,0,25000,20000,0,10000
1446,50000,0,20000,30000,0,25000,20000,0,10000
1447,50000,0,20000,30000,0,25000,20000,0,10000
1448,50000,0,20000,30000,0,25000,20000,0,10000
1449,50000,0,20000,30000,0,25000,20000,0,10000
1450,50000,0,20000,30000,0,25000,20000,0,10000
1451,50000,0,20000,30000,0,25000,20000,0,10000
1452,50000,0,20000,30000,0,25000,20000,0,10000
1453,50000,0,20000,30000,0,25000,20000,0,10000
1454,50000,0,20000,30000,0,25000,20000,0,10000
1455,50000,0,20000,30000,0,25000,20000,0,10000
1456,50000,0,20000,30000,0,25000,20000,0,10000
1457,50000,0,20000,30000,0,25000,20000,0,10000
1458,50000,0,20000,30000,0,25000,20000,0,10000
1459,50000,0,20000,30000,0,25000,20000,0,10000
1460,50000,0,20000,30000,0,25000,20000,0,10000
1461,50000,0,20000,30000,0,25000,20000,0,10000
1462,50000,0,20000,30000,0,25000,20000,0,10000
1463,50000,0,20000,30000,0,25000,20000,0,10000
1464,50000,0,20000,30000,0,25000,20000,0,10000
1465,50000,0,20000,30000,0,25000,20000,0,10000
1466,50000,0,20000,30000,0,25000,20000,0,10000
1467,50000,0,20000,30000,0,25000,20000,0,10000
1468,50000,0,20000,30000,0,25000,20000,0,10000
1469,50000,0,20000,30000,0,25000,20000,0,10000
1470,50000,0,20000,30000,0,25000,20000,0,10000
1471,50000,0,20000,30000,0,25000,20000,0,10000
1472,50000,0,20000,30000,0,25000,20000,0,10000
1473,50000,0,20000,30000,0,25000,20000,0,10000
1474,50000,0,20000,30000,0,25000,20000,0,10000
1475,50000,0,20000,30000,0,25000,20000,0,10000
1476,50000,0,20000,30000,0,25000,20000,0,10000
1477,50000,0,20000,30000,0,25000,20000,0,10000
1478,50000,0,20000,30000,0,25000,20000,0,10000
1479,50000,0,20000,30000,0,25000,20000,0,10000
1480,50000,0,20000,30000,0,25000,20000,0,10000
1481,50000,0,20000,30000,0,25000,20000,0,10000
1482,50000,0,20000,30000,0,25000,20000,0,10000
1483,50000,0,20000,30000,0,25000,20000,0,10000
1484,50000,0,20000,30000,0,25000,20000,0,10000
1485,50000,0,20000,30000,0,25000,20000,0,10000
1486,50000,0,20000,30000,0,25000,20000,0,10000
1487,50000,0,20000,30000,0,25000,20000,0,10000
1488,50000,0,20000,30000,0,25000,20000,0,10000
1489,50000,0,20000,30000,0,25000,20000,0,10000
1490,50000,0,20000,30000,0,25000,20000,0,10000
1491,50000,0,20000,30000,0,25000,20000,0,10000
1492,50000,0,20000,30000,0,25000,20000,0,10000
1493,50000,0,20000,30000,0,25000,20000,0,10000
1494,50000,0,20000,30000,0,25000,20000,0,10000
1495,50000,0,20000,30000,0,25000,20000,0,10000
1496,50000,0,20000,30000,0,25000,20000,0,10000
1497,50000,0,20000,30000,0,25000,20000,0,10000
1498,50000,0,20000,30000,0,25000,20000,0,10000
1499,50000,0,20000,30000,0,25000,20000,0,10000
1500,50000,0,20000,30000,0,25000,20000,0,10000
1501,50000,0,20000,30000,0,25000,20000,0,10000
1502,50000,0,20000,30000,0,25000,20000,0,10000
1503,50000,0,20000,30000,0,25000,20000,0,10000
1504,50000,0,20000,30000,0,25000,20000,0,10000
1505,50000,0,20000,30000,0,25000,20000,0,10000
1506,50000,0,20000,30000,0,25000,20000,0,10000
1507,50000,0,20000,30000,0,25000,20000,0,10000
1508,50000,0,20000,30000,0,25000,20000,0,10000
1509,50000,0,20000,30000,0,25000,20000,0,10000
1510,50000,0,20000,30000,0,25000,20000,0,10000
1511,50000,0,20000,30000,0,25000,20000,0,10000
1512,50000,0,20000,30000,0,25000,20000,0,10000
1513,50000,0,20000,30000,0,25000,20000,0,10000
1514,50000,0,20000,30000,0,25000,20000,0,10000
1515,50000,0,20000,30000,0,25000,20000,0,10000
1516,50000,0,20000,30000,0,25000,20000,0,10000
1517,50000,0,20000,30000,0,25000,20000,0,10000
1518,50000,0,20000,30000,0,25000,20000,0,10000
1519,50000,0,20000,30000,0,25000,20000,0,10000
1520,50000,0,20000,30000,0,25000,20000,0,10000
1521,50000,0,20000,30000,0,25000,20000,0,10000
1522,50000,0,20000,30000,0,25000,20000,0,10000
1523,50000,0,20000,30000,0,25000,20000,0,10000
1524,50000,0,20000,30000,0,25000,20000,0,10000
1525,50000,0,20000,30000,0,25000,20000,0,10000
1526,50000,0,20000,30000,0,25000,20000,0,10000
1527,50000,0,20000,30000,0,25000,20000,0,10000
1528,50000,0,20000,30000,0,25000,20000,0,10000
1529,50000,0,20000,30000,0,25000,20000,0,10000
1530,50000,0,20000,30000,0,25000,20000,0,10000
1531,50000,0,20000,30000,0,25000,20000,0,10000
1532,50000,0,20000,30000,0,25000,20000,0,10000
1533,50000,0,20000,30000,0,25000,20000,0,10000
1534,50000,0,20000,30000,0,25000,20000,0,10000
1535,50000,0,20000,30000,0,25000,20000,0,10000
1536,50000,0,20000,30000,0,25000,20000,0,10000
1537,50000,0,20000,30000,0,25000,20000,0,10000
1538,50000,0,20000,30000,0,25000,20000,0,10000
1539,50000,0,20000,30000,0,25000,20000,0,10000
1540,50000,0,20000,30000,0,25000,20000,0,10000
1541,50000,0,20000,30000,0,25000,20000,0,10000
1542,50000,0,20000,30000,0,25000,20000,0,10000
1543,50000,0,20000,30000,0,25000,20000,0,10000
1544,50000,0,20000,30000,0,25000,20000,0,10000
1545,50000,0,20000,30000,0,25000,20000,0,10000
1546,50000,0,20000,30000,0,25000,20000,0,10000
1547,50000,0,20000,30000,0,25000,20000,0,10000
1548,50000,0,20000,30000,0,25000,20000,0,10000
1549,50000,0,20000,30000,0,25000,20000,0,10000
1550,50000,0,20000,30000,0,25000,20000,0,10000
1551,50000,0,20000,30000,0,25000,20000,0,10000
1552,50000,0,20000,30000,0,25000,20000,0,10000
1553,50000,0,20000,30000,0,25000,20000,0,10000
1554,50000,0,20000,30000,0,25000,20000,0,10000
1555,50000,0,20000,30000,0,25000,20000,0,10000
1556,50000,0,20000,30000,0,25000,20000,0,10000
1557,50000,0,20000,30000,0,25000,20000,0,10000
1558,50000,0,20000,30000,0,25000,20000,0,10000
1559,50000,0,20000,30000,0,25000,20000,0,10000
1560,50000,0,20000,30000,0,25000,20000,0,10000
1561,50000,0,20000,30000,0,25000,20000,0,10000
1562,50000,0,20000,30000,0,25000,20000,0,10000
1563,50000,0,20000,30000,0,25000,20000,0,10000
1564,50000,0,20000,30000,0,25000,20000,0,10000
1565,50000,0,20000,30000,0,25000,20000,0,10000
1566,50000,0,20000,30000,0,25000,20000,0,10000
1567,50000,0,20000,30000,0,25000,20000,0,10000
1568,50000,0,20000,30000,0,25000,20000,0,10000
1569,50000,0,20000,30000,0,25000,20000,0,10000
1570,50000,0,20000,30000,0,25000,20000,0,10000
1571,50000,0,20000,30000,0,25000,20000,0,10000
1572,50000,0,20000,30000,0,25000,20000,0,10000
1573,50000,0,20000,30000,0,25000,20000,0,10000
1574,50000,0,20000,30000,0,25000,20000,0,10000
1575,50000,0,20000,30000,0,25000,20000,0,10000
1576,50000,0,20000,30000,0,25000,20000,0,10000
1577,50000,0,20000,30000,0,25000,20000,0,10000
1578,50000,0,20000,30000,0,25000,20000,0,10000
1579,50000,0,20000,30000,0,25000,20000,0,10000
1580,50000,0,20000,30000,0,25000,20000,0,10000
1581,50000,0,20000,30000,0,25000,20000,0,10000
1582,50000,0,20000,30000,0,25000,20000,0,10000
1583,50000,0,20000,30000,0,25000,20000,0,10000
1584,50000,0,20000,30000,0,25000,20000,0,10000
1585,50000,0,20000,30000,0,25000,20000,0,10000
1586,50000,0,20000,30000,0,25000,20000,0,10000
1587,50000,0,20000,30000,0,25000,20000,0,10000
1588,50000,0,20000,30000,0,25000,20000,0,10000
1589,50000,0,20000,30000,0,25000,20000,0,10000
1590,50000,0,20000,30000,0,25000,20000,0,10000
1591,50000,0,20000,30000,0,25000,20000,0,10000
1592,50000,0,20000,30000,0,25000,20000,0,10000
1593,50000,0,20000,30000,0,25000,20000,0,10000
1594,50000,0,20000,30000,0,25000,20000,0,10000
1595,50000,0,20000,30000,0,25000,20000,0,10000
1596,50000,0,20000,30000,0,25000,20000,0,10000
1597,50000,0,20000,30000,0,25000,20000,0,10000
1598,50000,0,20000,30000,0,25000,20000,0,10000
1599,50000,0,20000,30000,0,25000,20000,0,10000
1600,50000,0,20000,30000,0,25000,20000,0,10000
1601,50000,0,20000,30000,0,25000,20000,0,10000
1602,50000,0,20000,30000,0,25000,20000,0,10000
1603,50000,0,20000,30000,0,25000,20000,0,10000
1604,50000,0,20000,30000,0,25000,20000,0,10000
1605,50000,0,20000,30000,0,25000,20000,0,10000
1606,50000,0,20000,30000,0,25000,20000,0,10000
1607,50000,0,20000,30000,0,25000,20000,0,10000
1608,50000,0,20000,30000,0,25000,20000,0,10000
1609,50000,0,20000,30000,0,25000,20000,0,10000
1610,50000,0,20000,30000,0,25000,20000,0,10000
1611,50000,0,20000,30000,0,25000,20000,0,10000
1612,50000,0,20000,30000,0,25000,20000,0,10000
1613,50000,0,20000,30000,0,25000,20000,0,10000
1614,50000,0,20000,30000,0,25000,20000,0,10000
1615,50000,0,20000,30000,0,25000,20000,0,10000
1616,50000,0,20000,30000,0,25000,20000,0,10000
1617,50000,0,20000,30000,0,25000,20000,0,10000
1618,50000,0,20000,30000,0,25000,20000,0,10000
1619,50000,0,20000,30000,0,25000,20000,0,10000
1620,50000,0,20000,30000,0,25000,20000,0,10000
1621,50000,0,20000,30000,0,25000,20000,0,10000
1622,50000,0,20000,30000,0,25000,20000,0,10000
1623,50000,0,20000,30000,0,25000,20000,0,10000
1624,50000,0,20000,30000,0,25000,20000,0,10000
1625,50000,0,20000,30000,0,25000,20000,0,10000
1626,50000,0,20000,30000,0,25000,20000,0,10000
1627,50000,0,20000,30000,0,25000,20000,0,10000
1628,50000,0,20000,30000,0,25000,20000,0,10000
1629,50000,0,20000,30000,0,25000,20000,0,10000
1630,50000,0,20000,30000,0,25000,20000,0,10000
1631,50000,0,20000,30000,0,25000,20000,0,10000
1632,50000,0,20000,30000,0,25000,20000,0,10000
1633,50000,0,20000,30000,0,25000,20000,0,10000
1634,50000,0,20000,30000,0,25000,20000,0,10000
1635,50000,0,20000,30000,0,25000,20000,0,10000
1636,50000,0,20000,30000,0,25000,20000,0,10000
1637,50000,0,20000,30000,0,25000,20000,0,10000
1638,50000,0,20000,30000,0,25000,20000,0,10000
1639,50000,0,20000,30000,0,25000,20000,0,10000
1640,50000,0,20000,30000,0,25000,20000,0,10000
1641,50000,0,20000,30000,0,25000,20000,0,10000
1642,50000,0,20000,30000,0,25000,20000,0,10000
1643,50000,0,20000,30000,0,25000,20000,0,10000
1644,50000,0,20000,30000,0,25000,20000,0,10000
1645,50000,0,20000,30000,0,25000,20000,0,10000
1646,50000,0,20000,30000,0,25000,20000,0,10000
1647,50000,0,20000,30000,0,25000,20000,0,10000
1648,50000,0,20000,30000,0,25000,20000,0,10000
1649,50000,0,20000,30000,0,25000,20000,0,10000
1650,50000,0,20000,30000,0,25000,20000,0,10000
1651,50000,0,20000,30000,0,25000,20000,0,10000
1652,50000,0,20000,30000,0,25000,20000,0,10000
1653,50000,0,20000,30000,0,25000,20000,0,10000
1654,50000,0,20000,30000,0,25000,20000,0,10000
1655,50000,0,20000,30000,0,25000,20000,0,10000
1656,50000,0,20000,30000,0,25000,20000,0,10000
1657,50000,0,20000,30000,0,25000,20000,0,10000
1658,50000,0,20000,30000,0,25000,20000,0,10000
1659,50000,0,20000,30000,0,25000,20000,0,10000
1660,50000,0,20000,30000,0,25000,20000,0,10000
1661,50000,0,20000,30000,0,25000,20000,0,10000
1662,50000,0,20000,30000,0,25000,20000,0,10000
1663,50000,0,20000,30000,0,25000,20000,0,10000
1664,50000,0,20000,30000,0,25000,20000,0,10000
1665,50000,0,20000,30000,0,25000,20000,0,10000
1666,50000,0,20000,30000,0,25000,20000,0,10000
1667,50000,0,20000,30000,0,25000,20000,0,10000
1668,50000,0,20000,30000,0,25000,20000,0,10000
1669,50000,0,20000,30000,0,25000,20000,0,10000
1670,50000,0,20000,30000,0,25000,20000,0,10000
1671,50000,0,20000,30000,0,25000,20000,0,10000
1672,50000,0,20000,30000,0,25000,20000,0,10000
1673,50000,0,20000,30000,0,25000,20000,0,10000
1674,50000,0,20000,30000,0,25000,20000,0,10000
1675,50000,0,20000,30000,0,25000,20000,0,10000
1676,50000,0,20000,30000,0,25000,20000,0,10000
1677,50000,0,20000,30000,0,25000,20000,0,10000
1678,50000,0,20000,30000,0,25000,20000,0,10000
1679,50000,0,20000,30000,0,25000,20000,0,10000
1680,50000,0,20000,30000,0,25000,20000,0,10000
1681,50000,0,20000,30000,0,25000,20000,0,10000
1682,50000,0,20000,30000,0,25000,20000,0,10000
1683,50000,0,20000,30000,0,25000,20000,0,10000
1684,50000,0,20000,30000,0,25000,20000,0,10000
1685,50000,0,20000,30000,0,25000,20000,0,10000
1686,50000,0,20000,30000,0,25000,20000,0,10000
1687,50000,0,20000,30000,0,25000,20000,0,10000
1688,50000,0,20000,30000,0,25000,20000,0,10000
1689,50000,0,20000,30000,0,25000,20000,0,10000
1690,50000,0,20000,30000,0,25000,20000,0,10000
1691,50000,0,20000,30000,0,25000,20000,0,10000
1692,50000,0,20000,30000,0,25000,20000,0,10000
1693,50000,0,20000,30000,0,25000,20000,0,10000
1694,50000,0,20000,30000,0,25000,20000,0,10000
1695,50000,0,20000,30000,0,25000,20000,0,10000
1696,50000,0,20000,30000,0,25000,20000,0,10000
1697,50000,0,20000,30000,0,25000,20000,0,10000
1698,50000,0,20000,30000,0,25000,20000,0,10000
1699,50000,0,20000,30000,0,25000,20000,0,10000
1700,50000,0,20000,30000,0,25000,20000,0,10000
1701,50000,0,20000,30000,0,25000,20000,0,10000
1702,50000,0,20000,30000,0,25000,20000,0,10000
1703,50000,0,20000,30000,0,25000,20000,0,10000
1704,50000,0,20000,30000,0,25000,20000,0,10000
1705,50000,0,20000,30000,0,25000,20000,0,10000
1706,50000,0,20000,30000,0,25000,20000,0,10000
1707,50000,0,20000,30000,0,25000,20000,0,10000
1708,50000,0,20000,30000,0,25000,20000,0,10000
1709,50000,0,20000,30000,0,25000,20000,0,10000
1710,50000,0,20000,30000,0,25000,20000,0,10000
1711,50000,0,20000,30000,0,25000,20000,0,10000
1712,50000,0,20000,30000,0,25000,20000,0,10000
1713,50000,0,20000,30000,0,25000,20000,0,10000
1714,50000,0,20000,30000,0,25000,20000,0,10000
1715,50000,0,20000,30000,0,25000,20000,0,10000
1716,50000,0,20000,30000,0,25000,20000,0,10000
1717,50000,0,20000,30000,0,25000,20000,0,10000
1718,50000,0,20000,30000,0,25000,20000,0,10000
1719,50000,0,20000,30000,0,25000,20000,0,10000
1720,50000,0,20000,30000,0,25000,20000,0,10000
1721,50000,0,20000,30000,0,25000,20000,0,10000
1722,50000,0,20000,30000,0,25000,20000,0,10000
1723,50000,0,20000,30000,0,25000,20000,0,10000
1724,50000,0,20000,30000,0,25000,20000,0,10000
1725,50000,0,20000,30000,0,25000,20000,0,10000
1726,50000,0,20000,30000,0,25000,20000,0,10000
1727,50000,0,20000,30000,0,25000,20000,0,10000
1728,50000,0,20000,30000,0,25000,20000,0,10000
1729,50000,0,20000,30000,0,25000,20000,0,10000
1730,50000,0,20000,30000,0,25000,20000,0,10000
1731,50000,0,20000,30000,0,25000,20000,0,10000
1732,50000,0,20000,30000,0,25000,20000,0,10000
1733,50000,0,20000,30000,0,25000,20000,0,10000
1734,50000,0,20000,30000,0,25000,20000,0,10000
1735,50000,0,20000,30000,0,25000,20000,0,10000
1736,50000,0,20000,30000,0,25000,20000,0,10000
1737,50000,0,20000,30000,0,25000,20000,0,10000
1738,50000,0,20000,30000,0,25000,20000,0,10000
1739,50000,0,20000,30000,0,25000,20000,0,10000
1740,50000,0,20000,30000,0,25000,20000,0,10000
1741,50000,0,20000,30000,0,25000,20000,0,10000
1742,50000,0,20000,30000,0,25000,20000,0,10000
1743,50000,0,20000,30000,0,25000,20000,0,10000
1744,50000,0,20000,30000,0,25000,20000,0,10000
1745,50000,0,20000,30000,0,25000,20000,0,10000
1746,50000,0,20000,30000,0,25000,20000,0,10000
1747,50000,0,20000,30000,0,25000,20000,0,10000
1748,50000,0,20000,30000,0,25000,20000,0,10000
1749,50000,0,20000,30000,0,25000,20000,0,10000
1750,50000,0,20000,30000,0,25000,20000,0,10000
1751,50000,0,20000,30000,0,25000,20000,0,10000
1752,50000,0,20000,30000,0,25000,20000,0,10000
1753,50000,0,20000,30000,0,25000,20000,0,10000
1754,50000,0,20000,30000,0,25000,20000,0,10000
1755,50000,0,20000,30000,0,25000,20000,0,10000
1756,50000,0,20000,30000,0,25000,20000,0,10000
1757,50000,0,20000,30000,0,25000,20000,0,10000
1758,50000,0,20000,30000,0,25000,20000,0,10000
1759,50000,0,20000,30000,0,25000,20000,0,10000
1760,50000,0,20000,30000,0,25000,20000,0,10000
1761,50000,0,20000,30000,0,25000,20000,0,10000
1762,50000,0,20000,30000,0,25000,20000,0,10000
1763,50000,0,20000,30000,0,25000,20000,0,10000
1764,50000,0,20000,30000,0,25000,20000,0,10000
1765,50000,0,20000,30000,0,25000,20000,0,10000
1766,50000,0,20000,30000,0,25000,20000,0,10000
1767,50000,0,20000,30000,0,25000,20000,0,10000
1768,50000,0,20000,30000,0,25000,20000,0,10000
1769,50000,0,20000,30000,0,25000,20000,0,10000
1770,50000,0,20000,30000,0,25000,20000,0,10000
1771,50000,0,20000,30000,0,25000,20000,0,10000
1772,50000,0,20000,30000,0,25000,20000,0,10000
1773,50000,0,20000,30000,0,25000,20000,0,10000
1774,50000,0,20000,30000,0,25000,20000,0,10000
1775,50000,0,20000,30000,0,25000,20000,0,10000
1776,50000,0,20000,30000,0,25000,20000,0,10000
1777,50000,0,20000,30000,0,25000,20000,0,10000
1778,50000,0,20000,30000,0,25000,20000,0,10000
1779,50000,0,20000,30000,0,25000,20000,0,10000
1780,50000,0,20000,30000,0,25000,20000,0,10000
1781,50000,0,20000,30000,0,25000,20000,0,10000
1782,50000,0,20000,30000,0,25000,20000,0,10000
1783,50000,0,20000,30000,0,25000,20000,0,10000
1784,50000,0,20000,30000,0,25000,20000,0,10000
1785,50000,0,20000,30000,0,25000,20000,0,10000
1786,50000,0,20000,30000,0,25000,20000,0,10000
1787,50000,0,20000,30000,0,25000,20000,0,10000
1788,50000,0,20000,30000,0,25000,20000,0,10000
1789,50000,0,20000,30000,0,25000,20000,0,10000
1790,50000,0,20000,30000,0,25000,20000,0,10000
1791,50000,0,20000,30000,0,25000,20000,0,10000
1792,50000,0,20000,30000,0,25000,20000,0,10000
1793,50000,0,20000,30000,0,25000,20000,0,10000
1794,50000,0,20000,30000,0,25000,20000,0,10000
1795,50000,0,20000,30000,0,25000,20000,0,10000
1796,50000,0,20000,30000,0,25000,20000,0,10000
1797,50000,0,20000,30000,0,25000,20000,0,10000
1798,50000,0,20000,30000,0,25000,20000,0,10000
1799,50000,0,20000,30000,0,25000,20000,0,10000
1800,50000,0,20000,30000,0,25000,20000,0,10000
1801,50000,0,20000,30000,0,25000,20000,0,10000
1802,50000,0,20000,30000,0,25000,20000,0,10000
1803,50000,0,20000,30000,0,25000,20000,0,10000
1804,50000,0,20000,30000,0,25000,20000,0,10000
1805,50000,0,20000,30000,0,25000,20000,0,10000
1806,50000,0,20000,30000,0,25000,20000,0,10000
1807,50000,0,20000,30000,0,25000,20000,0,10000
1808,50000,0,20000,30000,0,25000,20000,0,10000
1809,50000,0,20000,30000,0,25000,20000,0,10000
1810,50000,0,20000,30000,0,25000,20000,0,10000
1811,50000,0,20000,30000,0,25000,20000,0,10000
1812,50000,0,20000,30000,0,25000,20000,0,10000
1813,50000,0,20000,30000,0,25000,20000,0,10000
1814,50000,0,20000,30000,0,25000,20000,0,10000
1815,50000,0,20000,30000,0,25000,20000,0,10000
1816,50000,0,20000,30000,0,25000,20000,0,10000
1817,50000,0,20000,30000,0,25000,20000,0,10000
1818,50000,0,20000,30000,0,25000,20000,0,10000
1819,50000,0,20000,30000,0,25000,20000,0,10000
1820,50000,0,20000,30000,0,25000,20000,0,10000
1821,50000,0,20000,30000,0,25000,20000,0,10000
1822,50000,0,20000,30000,0,25000,20000,0,10000
1823,50000,0,20000,30000,0,25000,20000,0,10000
1824,50000,0,20000,30000,0,25000,20000,0,10000
1825,50000,0,20000,30000,0,25000,20000,0,10000
1826,50000,0,20000,30000,0,25000,20000,0,10000
1827,50000,0,20000,30000,0,25000,20000,0,10000
1828,50000,0,20000,30000,0,25000,20000,0,10000
1829,50000,0,20000,30000,0,25000,20000,0,10000
1830,50000,0,20000,30000,0,25000,20000,0,10000
1831,50000,0,20000,30000,0,25000,20000,0,10000
1832,50000,0,20000,30000,0,25000,20000,0,10000
1833,50000,0,20000,30000,0,25000,20000,0,10000
1834,50000,0,20000,30000,0,25000,20000,0,10000
1835,50000,0,20000,30000,0,25000,20000,0,10000
1836,50000,0,20000,30000,0,25000,20000,0,10000
1837,50000,0,20000,30000,0,25000,20000,0,10000
1838,50000,0,20000,30000,0,25000,20000,0,10000
1839,50000,0,20000,30000,0,25000,20000,0,10000
1840,50000,0,20000,30000,0,25000,20000,0,10000
1841,50000,0,20000,30000,0,25000,20000,0,10000
1842,50000,0,20000,30000,0,25000,20000,0,10000
1843,50000,0,20000,30000,0,25000,20000,0,10000
1844,50000,0,20000,30000,0,25000,20000,0,10000
1845,50000,0,20000,30000,0,25000,20000,0,10000
1846,50000,0,20000,30000,0,25000,20000,0,10000
1847,50000,0,20000,30000,0,25000,20000,0,10000
1848,50000,0,20000,30000,0,25000,20000,0,10000
1849,50000,0,20000,30000,0,25000,20000,0,10000
1850,50000,0,20000,30000,0,25000,20000,0,10000
1851,50000,0,20000,30000,0,25000,20000,0,10000
1852,50000,0,20000,30000,0,25000,20000,0,10000
1853,50000,0,20000,30000,0,25000,20000,0,10000
1854,50000,0,20000,30000,0,25000,20000,0,10000
1855,50000,0,20000,30000,0,25000,20000,0,10000
1856,50000,0,20000,30000,0,25000,20000,0,10000
1857,50000,0,20000,30000,0,25000,20000,0,10000
1858,50000,0,20000,30000,0,25000,20000,0,10000
1859,50000,0,20000,30000,0,25000,20000,0,10000
1860,50000,0,20000,30000,0,25000,20000,0,10000
1861,50000,0,20000,30000,0,25000,20000,0,10000
1862,50000,0,20000,30000,0,25000,20000,0,10000
1863,50000,0,20000,30000,0,25000,20000,0,10000
1864,50000,0,20000,30000,0,25000,20000,0,10000
1865,50000,0,20000,30000,0,25000,20000,0,10000
1866,50000,0,20000,30000,0,25000,20000,0,10000
1867,50000,0,20000,30000,0,25000,20000,0,10000
1868,50000,0,20000,30000,0,25000,20000,0,10000
1869,50000,0,20000,30000,0,25000,20000,0,10000
1870,50000,0,20000,30000,0,25000,20000,0,10000
1871,50000,0,20000,30000,0,25000,20000,0,10000
1872,50000,0,20000,30000,0,25000,20000,0,10000
1873,50000,0,20000,30000,0,25000,20000,0,10000
1874,50000,0,20000,30000,0,25000,20000,0,10000
1875,50000,0,20000,30000,0,25000,20000,0,10000
1876,50000,0,20000,30000,0,25000,20000,0,10000
1877,50000,0,20000,30000,0,25000,20000,0,10000
1878,50000,0,20000,30000,0,25000,20000,0,10000
1879,50000,0,20000,30000,0,25000,20000,0,10000
1880,50000,0,20000,30000,0,25000,20000,0,10000
1881,50000,0,20000,30000,0,25000,20000,0,10000
1882,50000,0,20000,30000,0,25000,20000,0,10000
1883,50000,0,20000,30000,0,25000,20000,0,10000
1884,50000,0,20000,30000,0,25000,20000,0,10000
1885,50000,0,20000,30000,0,25000,20000,0,10000
1886,50000,0,20000,30000,0,25000,20000,0,10000
1887,50000,0,20000,30000,0,25000,20000,0,10000
1888,50000,0,20000,30000,0,25000,20000,0,10000
1889,50000,0,20000,30000,0,25000,20000,0,10000
1890,50000,0,20000,30000,0,25000,20000,0,10000
1891,50000,0,20000,30000,0,25000,20000,0,10000
1892,50000,0,20000,30000,0,25000,20000,0,10000
1893,50000,0,20000,30000,0,25000,20000,0,10000
1894,50000,0,20000,30000,0,25000,20000,0,10000
1895,50000,0,20000,30000,0,25000,20000,0,10000
1896,50000,0,20000,30000,0,25000,20000,0,10000
1897,50000,0,20000,30000,0,25000,20000,0,10000
1898,50000,0,20000,30000,0,25000,20000,0,10000
1899,50000,0,20000,30000,0,25000,20000,0,10000
1900,50000,0,20000,30000,0,25000,20000,0,10000
1901,50000,0,20000,30000,0,25000,20000,0,10000
1902,50000,0,20000,30000,0,25000,20000,0,10000
1903,50000,0,20000,30000,0,25000,20000,0,10000
1904,50000,0,20000,30000,0,25000,20000,0,10000
1905,50000,0,20000,30000,0,25000,20000,0,10000
1906,50000,0,20000,30000,0,25000,20000,0,10000
1907,50000,0,20000,30000,0,25000,20000,0,10000
1908,50000,0,20000,30000,0,25000,20000,0,10000
1909,50000,0,20000,30000,0,25000,20000,0,10000
1910,50000,0,20000,30000,0,25000,20000,0,10000
1911,50000,0,20000,30000,0,25000,20000,0,10000
1912,50000,0,20000,30000,0,25000,20000,0,10000
1913,50000,0,20000,30000,0,25000,20000,0,10000
1914,50000,0,20000,30000,0,25000,20000,0,10000
1915,50000,0,20000,30000,0,25000,20000,0,10000
1916,50000,0,20000,30000,0,25000,20000,0,10000
1917,50000,0,20000,30000,0,25000,20000,0,10000
1918,50000,0,20000,30000,0,25000,20000,0,10000
1919,50000,0,20000,30000,0,25000,20000,0,10000
1920,50000,0,20000,30000,0,25000,20000,0,10000
1921,50000,0,20000,30000,0,25000,20000,0,10000
1922,50000,0,20000,30000,0,25000,20000,0,10000
1923,50000,0,20000,30000,0,25000,20000,0,10000
1924,50000,0,20000,30000,0,25000,20000,0,10000
1925,50000,0,20000,30000,0,25000,20000,0,10000
1926,50000,0,20000,30000,0,25000,20000,0,10000
1927,50000,0,20000,30000,0,25000,20000,0,10000
1928,50000,0,20000,30000,0,25000,20000,0,10000
1929,50000,0,20000,30000,0,25000,20000,0,10000
1930,50000,0,20000,30000,0,25000,20000,0,10000
1931,50000,0,20000,30000,0,25000,20000,0,10000
1932,50000,0,20000,30000,0,25000,20000,0,10000
1933,50000,0,20000,30000,0,25000,20000,0,10000
1934,50000,0,20000,30000,0,25000,20000,0,10000
1935,50000,0,20000,30000,0,25000,20000,0,10000
1936,50000,0,20000,30000,0,25000,20000,0,10000
1937,50000,0,20000,30000,0,25000,20000,0,10000
1938,50000,0,20000,30000,0,25000,20000,0,10000
1939,50000,0,20000,30000,0,25000,20000,0,10000
1940,50000,0,20000,30000,0,25000,20000,0,10000
1941,50000,0,20000,30000,0,25000,20000,0,10000
1942,50000,0,20000,30000,0,25000,20000,0,10000
1943,50000,0,20000,30000,0,25000,20000,0,10000
1944,50000,0,20000,30000,0,25000,20000,0,10000
1945,50000,0,20000,30000,0,25000,20000,0,10000
1946,50000,0,20000,30000,0,25000,20000,0,10000
1947,50000,0,20000,30000,0,25000,20000,0,10000
1948,50000,0,20000,30000,0,25000,20000,0,10000
1949,50000,0,20000,30000,0,25000,20000,0,10000
1950,50000,0,20000,30000,0,25000,20000,0,10000
1951,50000,0,20000,30000,0,25000,20000,0,10000
1952,50000,0,20000,30000,0,25000,20000,0,10000
1953,50000,0,20000,30000,0,25000,20000,0,10000
1954,50000,0,20000,30000,0,25000,20000,0,10000
1955,50000,0,20000,30000,0,25000,20000,0,10000
1956,50000,0,20000,30000,0,25000,20000,0,10000
1957,50000,0,20000,30000,0,25000,20000,0,10000
1958,50000,0,20000,30000,0,25000,20000,0,10000
1959,50000,0,20000,30000,0,25000,20000,0,10000
1960,50000,0,20000,30000,0,25000,20000,0,10000
1961,50000,0,20000,30000,0,25000,20000,0,10000
1962,50000,0,20000,30000,0,25000,20000,0,10000
1963,50000,0,20000,30000,0,25000,20000,0,10000
1964,50000,0,20000,30000,0,25000,20000,0,10000
1965,50000,0,20000,30000,0,25000,20000,0,10000
1966,50000,0,20000,30000,0,25000,20000,0,10000
1967,50000,0,20000,30000,0,25000,20000,0,10000
1968,50000,0,20000,30000,0,25000,20000,0,10000
1969,50000,0,20000,30000,0,25000,20000,0,10000
1970,50000,0,20000,30000,0,25000,20000,0,10000
1971,50000,0,20000,30000,0,25000,20000,0,10000
1972,50000,0,20000,30000,0,25000,20000,0,10000
1973,50000,0,20000,30000,0,25000,20000,0,10000
1974,50000,0,20000,30000,0,25000,20000,0,10000
1975,50000,0,20000,30000,0,25000,20000,0,10000
1976,50000,0,20000,30000,0,25000,20000,0,10000
1977,50000,0,20000,30000,0,25000,20000,0,10000
1978,50000,0,20000,30000,0,25000,20000,0,10000
1979,50000,0,20000,30000,0,25000,20000,0,10000
1980,50000,0,20000,30000,0,25000,20000,0,10000
1981,50000,0,20000,30000,0,25000,20000,0,10000
1982,50000,0,20000,30000,0,25000,20000,0,10000
1983,50000,0,20000,30000,0,25000,20000,0,10000
1984,50000,0,20000,30000,0,25000,20000,0,10000
1985,50000,0,20000,30000,0,25000,20000,0,10000
1986,50000,0,20000,30000,0,25000,20000,0,10000
1987,50000,0,20000,30000,0,25000,20000,0,10000
1988,50000,0,20000,30000,0,25000,20000,0,10000
1989,50000,0,20000,30000,0,25000,20000,0,10000
1990,50000,0,20000,30000,0,25000,20000,0,10000
1991,50000,0,20000,30000,0,25000,20000,0,10000
1992,50000,0,20000,30000,0,25000,20000,0,10000
1993,50000,0,20000,30000,0,25000,20000,0,10000
1994,50000,0,20000,30000,0,25000,20000,0,10000
1995,50000,0,20000,30000,0,25000,20000,0,10000
1996,50000,0,20000,30000,0,25000,20000,0,10000
1997,50000,0,20000,30000,0,25000,20000,0,10000
1998,50000,0,20000,30000,0,25000,20000,0,10000
1999,50000,0,20000,30000,0,25000,20000,0,10000
2000,50000,0,20000,30000,0,25000,20000,0,10000
2001,50000,0,20000,30000,0,25000,20000,0,10000
2002,50000,0,20000,30000,0,25000,20000,0,10000
2003,50000,0,20000,30000,0,25000,20000,0,10000
2004,50000,0,20000,30000,0,25000,20000,0,10000
2005,50000,0,20000,30000,0,25000,20000,0,10000
2006,50000,0,20000,30000,0,25000,20000,0,10000
2007,50000,0,20000,30000,0,25000,20000,0,10000
2008,50000,0,20000,30000,0,25000,20000,0,10000
2009,50000,0,20000,30000,0,25000,20000,0,10000
2010,50000,0,20000,30000,0,25000,20000,0,10000
2011,50000,0,20000,30000,0,25000,20000,0,10000
2012,50000,0,20000,30000,0,25000,20000,0,10000
2013,50000,0,20000,30000,0,25000,20000,0,10000
2014,50000,0,20000,30000,0,25000,20000,0,10000
2015,50000,0,20000,30000,0,25000,20000,0,10000
2016,50000,0,20000,30000,0,25000,20000,0,10000
2017,50000,0,20000,30000,0,25000,20000,0,10000
2018,50000,0,20000,30000,0,25000,20000,0,10000
2019,50000,0,20000,30000,0,25000,20000,0,10000
2020,50000,0,20000,30000,0,25000,20000,0,10000
2021,50000,0,20000,30000,0,25000,20000,0,10000
2022,50000,0,20000,30000,0,25000,20000,0,10000
2023,50000,0,20000,30000,0,25000,20000,0,10000
2024,50000,0,20000,30000,0,25000,20000,0,10000
2025,50000,0,20000,30000,0,25000,20000,0,10000
2026,50000,0,20000,30000,0,25000,20000,0,10000
2027,50000,0,20000,30000,0,25000,20000,0,10000
2028,50000,0,20000,30000,0,25000,20000,0,10000
2029,50000,0,20000,30000,0,25000,20000,0,10000
2030,50000,0,20000,30000,0,25000,20000,0,10000
2031,50000,0,20000,30000,0,25000,20000,0,10000
2032,50000,0,20000,30000,0,25000,20000,0,10000
2033,50000,0,20000,30000,0,25000,20000,0,10000
2034,50000,0,20000,30000,0,25000,20000,0,10000
2035,50000,0,20000,30000,0,25000,20000,0,10000
2036,50000,0,20000,30000,0,25000,20000,0,10000
2037,50000,0,20000,30000,0,25000,20000,0,10000
2038,50000,0,20000,30000,0,25000,20000,0,10000
2039,50000,0,20000,30000,0,25000,20000,0,10000
2040,50000,0,20000,30000,0,25000,20000,0,10000
2041,50000,0,20000,30000,0,25000,20000,0,10000
2042,50000,0,20000,30000,0,25000,20000,0,10000
2043,50000,0,20000,30000,0,25000,20000,0,10000
2044,50000,0,20000,30000,0,25000,20000,0,10000
2045,50000,0,20000,30000,0,25000,20000,0,10000
2046,50000,0,20000,30000,0,25000,20000,0,10000
2047,50000,0,20000,30000,0,25000,20000,0,10000
2048,50000,0,20000,30000,0,25000,20000,0,10000
2049,50000,0,20000,30000,0,25000,20000,0,10000
2050,50000,0,20000,30000,0,25000,20000,0,10000
2051,50000,0,20000,30000,0,25000,20000,0,10000
2052,50000,0,20000,30000,0,25000,20000,0,10000
2053,50000,0,20000,30000,0,25000,20000,0,10000
2054,50000,0,20000,30000,0,25000,20000,0,10000
2055,50000,0,20000,30000,0,25000,20000,0,10000
2056,50000,0,20000,30000,0,25000,20000,0,10000
2057,50000,0,20000,30000,0,25000,20000,0,10000
2058,50000,0,20000,30000,0,25000,20000,0,10000
2059,50000,0,20000,30000,0,25000,20000,0,10000
2060,50000,0,20000,30000,0,25000,20000,0,10000
2061,50000,0,20000,30000,0,25000,20000,0,10000
2062,50000,0,20000,30000,0,25000,20000,0,10000
2063,50000,0,20000,30000,0,25000,20000,0,10000
2064,50000,0,20000,30000,0,25000,20000,0,10000
2065,50000,0,20000,30000,0,25000,20000,0,10000
2066,50000,0,20000,30000,0,25000,20000,0,10000
2067,50000,0,20000,30000,0,25000,20000,0,10000
2068,50000,0,20000,30000,0,25000,20000,0,10000
2069,50000,0,20000,30000,0,25000,20000,0,10000
2070,50000,0,20000,30000,0,25000,20000,0,10000
2071,50000,0,20000,30000,0,25000,20000,0,10000
2072,50000,0,20000,30000,0,25000,20000,0,10000
2073,50000,0,20000,30000,0,25000,20000,0,10000
2074,50000,0,20000,30000,0,25000,20000,0,10000
2075,50000,0,20000,30000,0,25000,20000,0,10000
2076,50000,0,20000,30000,0,25000,20000,0,10000
2077,50000,0,20000,30000,0,25000,20000,0,10000
2078,50000,0,20000,30000,0,25000,20000,0,10000
2079,50000,0,20000,30000,0,25000,20000,0,10000
2080,50000,0,20000,30000,0,25000,20000,0,10000
2081,50000,0,20000,30000,0,25000,20000,0,10000
2082,50000,0,20000,30000,0,25000,20000,0,10000
2083,50000,0,20000,30000,0,25000,20000,0,10000
2084,50000,0,20000,30000,0,25000,20000,0,10000
2085,50000,0,20000,30000,0,25000,20000,0,10000
2086,50000,0,20000,30000,0,25000,20000,0,10000
2087,50000,0,20000,30000,0,25000,20000,0,10000
2088,50000,0,20000,30000,0,25000,20000,0,10000
2089,50000,0,20000,30000,0,25000,20000,0,10000
2090,50000,0,20000,30000,0,25000,20000,0,10000
2091,50000,0,20000,30000,0,25000,20000,0,10000
2092,50000,0,20000,30000,0,25000,20000,0,10000
2093,50000,0,20000,30000,0,25000,20000,0,10000
2094,50000,0,20000,30000,0,25000,20000,0,10000
2095,50000,0,20000,30000,0,25000,20000,0,10000
2096,50000,0,20000,30000,0,25000,20000,0,10000
2097,50000,0,20000,30000,0,25000,20000,0,10000
2098,50000,0,20000,30000,0,25000,20000,0,10000
2099,50000,0,20000,30000,0,25000,20000,0,10000
2100,50000,0,20000,30000,0,25000,20000,0,10000
2101,50000,0,20000,30000,0,25000,20000,0,10000
2102,50000,0,20000,30000,0,25000,20000,0,10000
2103,50000,0,20000,30000,0,25000,20000,0,10000
2104,50000,0,20000,30000,0,25000,20000,0,10000
2105,50000,0,20000,30000,0,25000,20000,0,10000
2106,50000,0,20000,30000,0,25000,20000,0,10000
2107,50000,0,20000,30000,0,25000,20000,0,10000
2108,50000,0,20000,30000,0,25000,20000,0,10000
2109,50000,0,20000,30000,0,25000,20000,0,10000
2110,50000,0,20000,30000,0,25000,20000,0,10000
2111,50000,0,20000,30000,0,25000,20000,0,10000
2112,50000,0,20000,30000,0,25000,20000,0,10000
2113,50000,0,20000,30000,0,25000,20000,0,10000
2114,50000,0,20000,30000,0,25000,20000,0,10000
2115,50000,0,20000,30000,0,25000,20000,0,10000
2116,50000,0,20000,30000,0,25000,20000,0,10000
2117,50000,0,20000,30000,0,25000,20000,0,10000
2118,50000,0,20000,30000,0,25000,20000,0,10000
2119,50000,0,20000,30000,0,25000,20000,0,10000
2120,50000,0,20000,30000,0,25000,20000,0,10000
2121,50000,0,20000,30000,0,25000,20000,0,10000
2122,50000,0,20000,30000,0,25000,20000,0,10000
2123,50000,0,20000,30000,0,25000,20000,0,10000
2124,50000,0,20000,30000,0,25000,20000,0,10000
2125,50000,0,20000,30000,0,25000,20000,0,10000
2126,50000,0,20000,30000,0,25000,20000,0,10000
2127,50000,0,20000,30000,0,25000,20000,0,10000
2128,50000,0,20000,30000,0,25000,20000,0,10000
2129,50000,0,20000,30000,0,25000,20000,0,10000
2130,50000,0,20000,30000,0,25000,20000,0,10000
2131,50000,0,20000,30000,0,25000,20000,0,10000
2132,50000,0,20000,30000,0,25000,20000,0,10000
2133,50000,0,20000,30000,0,25000,20000,0,10000
2134,50000,0,20000,30000,0,25000,20000,0,10000
2135,50000,0,20000,30000,0,25000,20000,0,10000
2136,50000,0,20000,30000,0,25000,20000,0,10000
2137,50000,0,20000,30000,0,25000,20000,0,10000
2138,50000,0,20000,30000,0,25000,20000,0,10000
2139,50000,0,20000,30000,0,25000,20000,0,10000
2140,50000,0,20000,30000,0,25000,20000,0,10000
2141,50000,0,20000,30000,0,25000,20000,0,10000
2142,50000,0,20000,30000,0,25000,20000,0,10000
2143,50000,0,20000,30000,0,25000,20000,0,10000
2144,50000,0,20000,30000,0,25000,20000,0,10000
2145,50000,0,20000,30000,0,25000,20000,0,10000
2146,50000,0,20000,30000,0,25000,20000,0,10000
2147,50000,0,20000,30000,0,25000,20000,0,10000
2148,50000,0,20000,30000,0,25000,20000,0,10000
2149,50000,0,20000,30000,0,25000,20000,0,10000
2150,50000,0,20000,30000,0,25000,20000,0,10000
2151,50000,0,20000,30000,0,25000,20000,0,10000
2152,50000,0,20000,30000,0,25000,20000,0,10000
2153,50000,0,20000,30000,0,25000,20000,0,10000
2154,50000,0,20000,30000,0,25000,20000,0,10000
2155,50000,0,20000,30000,0,25000,20000,0,10000
2156,50000,0,20000,30000,0,25000,20000,0,10000
2157,50000,0,20000,30000,0,25000,20000,0,10000
2158,50000,0,20000,30000,0,25000,20000,0,10000
2159,50000,0,20000,30000,0,25000,20000,0,10000
2160,50000,0,20000,30000,0,25000,20000,0,10000
2161,50000,0,20000,30000,0,25000,20000,0,10000
2162,50000,0,20000,30000,0,25000,20000,0,10000
2163,50000,0,20000,30000,0,25000,20000,0,10000
2164,50000,0,20000,30000,0,25000,20000,0,10000
2165,50000,0,20000,30000,0,25000,20000,0,10000
2166,50000,0,20000,30000,0,25000,20000,0,10000
2167,50000,0,20000,30000,0,25000,20000,0,10000
2168,50000,0,20000,30000,0,25000,20000,0,10000
2169,50000,0,20000,30000,0,25000,20000,0,10000
2170,50000,0,20000,30000,0,25000,20000,0,10000
2171,50000,0,20000,30000,0,25000,20000,0,10000
2172,50000,0,20000,30000,0,25000,20000,0,10000
2173,50000,0,20000,30000,0,25000,20000,0,10000
2174,50000,0,20000,30000,0,25000,20000,0,10000
2175,50000,0,20000,30000,0,25000,20000,0,10000
2176,50000,0,20000,30000,0,25000,20000,0,10000
2177,50000,0,20000,30000,0,25000,20000,0,10000
2178,50000,0,20000,30000,0,25000,20000,0,10000
2179,50000,0,20000,30000,0,25000,20000,0,10000
2180,50000,0,20000,30000,0,25000,20000,0,10000
2181,50000,0,20000,30000,0,25000,20000,0,10000
2182,50000,0,20000,30000,0,25000,20000,0,10000
2183,50000,0,20000,30000,0,25000,20000,0,10000
2184,50000,0,20000,30000,0,25000,20000,0,10000
2185,50000,0,20000,30000,0,25000,20000,0,10000
2186,50000,0,20000,30000,0,25000,20000,0,10000
2187,50000,0,20000,30000,0,25000,20000,0,10000
2188,50000,0,20000,30000,0,25000,20000,0,10000
2189,50000,0,20000,30000,0,25000,20000,0,10000
2190,50000,0,20000,30000,0,25000,20000,0,10000
2191,50000,0,20000,30000,0,25000,20000,0,10000
2192,50000,0,20000,30000,0,25000,20000,0,10000
2193,50000,0,20000,30000,0,25000,20000,0,10000
2194,50000,0,20000,30000,0,25000,20000,0,10000
2195,50000,0,20000,30000,0,25000,20000,0,10000
2196,50000,0,20000,30000,0,25000,20000,0,10000
2197,50000,0,20000,30000,0,25000,20000,0,10000
2198,50000,0,20000,30000,0,25000,20000,0,10000
2199,50000,0,20000,30000,0,25000,20000,0,10000
2200,50000,0,20000,30000,0,25000,20000,0,10000
2201,50000,0,20000,30000,0,25000,20000,0,10000
2202,50000,0,20000,30000,0,25000,20000,0,10000
2203,50000,0,20000,30000,0,25000,20000,0,10000
2204,50000,0,20000,30000,0,25000,20000,0,10000
2205,50000,0,20000,30000,0,25000,20000,0,10000
2206,50000,0,20000,30000,0,25000,20000,0,10000
2207,50000,0,20000,30000,0,25000,20000,0,10000
2208,50000,0,20000,30000,0,25000,20000,0,10000
2209,50000,0,20000,30000,0,25000,20000,0,10000
2210,50000,0,20000,30000,0,25000,20000,0,10000
2211,50000,0,20000,30000,0,25000,20000,0,10000
2212,50000,0,20000,30000,0,25000,20000,0,10000
2213,50000,0,20000,30000,0,25000,20000,0,10000
2214,50000,0,20000,30000,0,25000,20000,0,10000
2215,50000,0,20000,30000,0,25000,20000,0,10000
2216,50000,0,20000,30000,0,25000,20000,0,10000
2217,50000,0,20000,30000,0,25000,20000,0,10000
2218,50000,0,20000,30000,0,25000,20000,0,10000
2219,50000,0,20000,30000,0,25000,20000,0,10000
2220,50000,0,20000,30000,0,25000,20000,0,10000
2221,50000,0,20000,30000,0,25000,20000,0,10000
2222,50000,0,20000,30000,0,25000,20000,0,10000
2223,50000,0,20000,30000,0,25000,20000,0,10000
2224,50000,0,20000,30000,0,25000,20000,0,10000
2225,50000,0,20000,30000,0,25000,20000,0,10000
2226,50000,0,20000,30000,0,25000,20000,0,10000
2227,50000,0,20000,30000,0,25000,20000,0,10000
2228,50000,0,20000,30000,0,25000,20000,0,10000
2229,50000,0,20000,30000,0,25000,20000,0,10000
2230,50000,0,20000,30000,0,25000,20000,0,10000
2231,50000,0,20000,30000,0,25000,20000,0,10000
2232,50000,0,20000,30000,0,25000,20000,0,10000
2233,50000,0,20000,30000,0,25000,20000,0,10000
2234,50000,0,20000,30000,0,25000,20000,0,10000
2235,50000,0,20000,30000,0,25000,20000,0,10000
2236,50000,0,20000,30000,0,25000,20000,0,10000
2237,50000,0,20000,30000,0,25000,20000,0,10000
2238,50000,0,20000,30000,0,25000,20000,0,10000
2239,50000,0,20000,30000,0,25000,20000,0,10000
2240,50000,0,20000,30000,0,25000,20000,0,10000
2241,50000,0,20000,30000,0,25000,20000,0,10000
2242,50000,0,20000,30000,0,25000,20000,0,10000
2243,50000,0,20000,30000,0,25000,20000,0,10000
2244,50000,0,20000,30000,0,25000,20000,0,10000
2245,50000,0,20000,30000,0,25000,20000,0,10000
2246,50000,0,20000,30000,0,25000,20000,0,10000
2247,50000,0,20000,30000,0,25000,20000,0,10000
2248,50000,0,20000,30000,0,25000,20000,0,10000
2249,50000,0,20000,30000,0,25000,20000,0,10000
2250,50000,0,20000,30000,0,25000,20000,0,10000
2251,50000,0,20000,30000,0,25000,20000,0,10000
2252,50000,0,20000,30000,0,25000,20000,0,10000
2253,50000,0,20000,30000,0,25000,20000,0,10000
2254,50000,0,20000,30000,0,25000,20000,0,10000
2255,50000,0,20000,30000,0,25000,20000,0,10000
2256,50000,0,20000,30000,0,25000,20000,0,10000
2257,50000,0,20000,30000,0,25000,20000,0,10000
2258,50000,0,20000,30000,0,25000,20000,0,10000
2259,50000,0,20000,30000,0,25000,20000,0,10000
2260,50000,0,20000,30000,0,25000,20000,0,10000
2261,50000,0,20000,30000,0,25000,20000,0,10000
2262,50000,0,20000,30000,0,25000,20000,0,10000
2263,50000,0,20000,30000,0,25000,20000,0,10000
2264,50000,0,20000,30000,0,25000,20000,0,10000
2265,50000,0,20000,30000,0,25000,20000,0,10000
2266,50000,0,20000,30000,0,25000,20000,0,10000
2267,50000,0,20000,30000,0,25000,20000,0,10000
2268,50000,0,20000,30000,0,25000,20000,0,10000
2269,50000,0,20000,30000,0,25000,20000,0,10000
2270,50000,0,20000,30000,0,25000,20000,0,10000
2271,50000,0,20000,30000,0,25000,20000,0,10000
2272,50000,0,20000,30000,0,25000,20000,0,10000
2273,50000,0,20000,30000,0,25000,20000,0,10000
2274,50000,0,20000,30000,0,25000,20000,0,10000
2275,50000,0,20000,30000,0,25000,20000,0,10000
2276,50000,0,20000,30000,0,25000,20000,0,10000
2277,50000,0,20000,30000,0,25000,20000,0,10000
2278,50000,0,20000,30000,0,25000,20000,0,10000
2279,50000,0,20000,30000,0,25000,20000,0,10000
2280,50000,0,20000,30000,0,25000,20000,0,10000
2281,50000,0,20000,30000,0,25000,20000,0,10000
2282,50000,0,20000,30000,0,25000,20000,0,10000
2283,50000,0,20000,30000,0,25000,20000,0,10000
2284,50000,0,20000,30000,0,25000,20000,0,10000
2285,50000,0,20000,30000,0,25000,20000,0,10000
2286,50000,0,20000,30000,0,25000,20000,0,10000
2287,50000,0,20000,30000,0,25000,20000,0,10000
2288,50000,0,20000,30000,0,25000,20000,0,10000
2289,50000,0,20000,30000,0,25000,20000,0,10000
2290,50000,0,20000,30000,0,25000,20000,0,10000
2291,50000,0,20000,30000,0,25000,20000,0,10000
2292,50000,0,20000,30000,0,25000,20000,0,10000
2293,50000,0,20000,30000,0,25000,20000,0,10000
2294,50000,0,20000,30000,0,25000,20000,0,10000
2295,50000,0,20000,30000,0,25000,20000,0,10000
2296,50000,0,20000,30000,0,25000,20000,0,10000
2297,50000,0,20000,30000,0,25000,20000,0,10000
2298,50000,0,20000,30000,0,25000,20000,0,10000
2299,50000,0,20000,30000,0,25000,20000,0,10000
2300,50000,0,20000,30000,0,25000,20000,0,10000
2301,50000,0,20000,30000,0,25000,20000,0,10000
2302,50000,0,20000,30000,0,25000,20000,0,10000
2303,50000,0,20000,30000,0,25000,20000,0,10000
2304,50000,0,20000,30000,0,25000,20000,0,10000
2305,50000,0,20000,30000,0,25000,20000,0,10000
2306,50000,0,20000,30000,0,25000,20000,0,10000
2307,50000,0,20000,30000,0,25000,20000,0,10000
2308,50000,0,20000,30000,0,25000,20000,0,10000
2309,50000,0,20000,30000,0,25000,20000,0,10000
2310,50000,0,20000,30000,0,25000,20000,0,10000
2311,50000,0,20000,30000,0,25000,20000,0,10000
2312,50000,0,20000,30000,0,25000,20000,0,10000
2313,50000,0,20000,30000,0,25000,20000,0,10000
2314,50000,0,20000,30000,0,25000,20000,0,10000
2315,50000,0,20000,30000,0,25000,20000,0,10000
2316,50000,0,20000,30000,0,25000,20000,0,10000
2317,50000,0,20000,30000,0,25000,20000,0,10000
2318,50000,0,20000,30000,0,25000,20000,0,10000
2319,50000,0,20000,30000,0,25000,20000,0,10000
2320,50000,0,20000,30000,0,25000,20000,0,10000
2321,50000,0,20000,30000,0,25000,20000,0,10000
2322,50000,0,20000,30000,0,25000,20000,0,10000
2323,50000,0,20000,30000,0,25000,20000,0,10000
2324,50000,0,20000,30000,0,25000,20000,0,10000
2325,50000,0,20000,30000,0,25000,20000,0,10000
2326,50000,0,20000,30000,0,25000,20000,0,10000
2327,50000,0,20000,30000,0,25000,20000,0,10000
2328,50000,0,20000,30000,0,25000,20000,0,10000
2329,50000,0,20000,30000,0,25000,20000,0,10000
2330,50000,0,20000,30000,0,25000,20000,0,10000
2331,50000,0,20000,30000,0,25000,20000,0,10000
2332,50000,0,20000,30000,0,25000,20000,0,10000
2333,50000,0,20000,30000,0,25000,20000,0,10000
2334,50000,0,20000,30000,0,25000,20000,0,10000
2335,50000,0,20000,30000,0,25000,20000,0,10000
2336,50000,0,20000,30000,0,25000,20000,0,10000
2337,50000,0,20000,30000,0,25000,20000,0,10000
2338,50000,0,20000,30000,0,25000,20000,0,10000
2339,50000,0,20000,30000,0,25000,20000,0,10000
2340,50000,0,20000,30000,0,25000,20000,0,10000
2341,50000,0,20000,30000,0,25000,20000,0,10000
2342,50000,0,20000,30000,0,25000,20000,0,10000
2343,50000,0,20000,30000,0,25000,20000,0,10000
2344,50000,0,20000,30000,0,25000,20000,0,10000
2345,50000,0,20000,30000,0,25000,20000,0,10000
2346,50000,0,20000,30000,0,25000,20000,0,10000
2347,50000,0,20000,30000,0,25000,20000,0,10000
2348,50000,0,20000,30000,0,25000,20000,0,10000
2349,50000,0,20000,30000,0,25000,20000,0,10000
2350,50000,0,20000,30000,0,25000,20000,0,10000
2351,50000,0,20000,30000,0,25000,20000,0,10000
2352,50000,0,20000,30000,0,25000,20000,0,10000
2353,50000,0,20000,30000,0,25000,20000,0,10000
2354,50000,0,20000,30000,0,25000,20000,0,10000
2355,50000,0,20000,30000,0,25000,20000,0,10000
2356,50000,0,20000,30000,0,25000,20000,0,10000
2357,50000,0,20000,30000,0,25000,20000,0,10000
2358,50000,0,20000,30000,0,25000,20000,0,10000
2359,50000,0,20000,30000,0,25000,20000,0,10000
2360,50000,0,20000,30000,0,25000,20000,0,10000
2361,50000,0,20000,30000,0,25000,20000,0,10000
2362,50000,0,20000,30000,0,25000,20000,0,10000
2363,50000,0,20000,30000,0,25000,20000,0,10000
2364,50000,0,20000,30000,0,25000,20000,0,10000
2365,50000,0,20000,30000,0,25000,20000,0,10000
2366,50000,0,20000,30000,0,25000,20000,0,10000
2367,50000,0,20000,30000,0,25000,20000,0,10000
2368,50000,0,20000,30000,0,25000,20000,0,10000
2369,50000,0,20000,30000,0,25000,20000,0,10000
2370,50000,0,20000,30000,0,25000,20000,0,10000
2371,50000,0,20000,30000,0,25000,20000,0,10000
2372,50000,0,20000,30000,0,25000,20000,0,10000
2373,50000,0,20000,30000,0,25000,20000,0,10000
2374,50000,0,20000,30000,0,25000,20000,0,10000
2375,50000,0,20000,30000,0,25000,20000,0,10000
2376,50000,0,20000,30000,0,25000,20000,0,10000
2377,50000,0,20000,30000,0,25000,20000,0,10000
2378,50000,0,20000,30000,0,25000,20000,0,10000
2379,50000,0,20000,30000,0,25000,20000,0,10000
2380,50000,0,20000,30000,0,25000,20000,0,10000
2381,50000,0,20000,30000,0,25000,20000,0,10000
2382,50000,0,20000,30000,0,25000,20000,0,10000
2383,50000,0,20000,30000,0,25000,20000,0,10000
2384,50000,0,20000,30000,0,25000,20000,0,10000
2385,50000,0,20000,30000,0,25000,20000,0,10000
2386,50000,0,20000,30000,0,25000,20000,0,10000
2387,50000,0,20000,30000,0,25000,20000,0,10000
2388,50000,0,20000,30000,0,25000,20000,0,10000
2389,50000,0,20000,30000,0,25000,20000,0,10000
2390,50000,0,20000,30000,0,25000,20000,0,10000
2391,50000,0,20000,30000,0,25000,20000,0,10000
2392,50000,0,20000,30000,0,25000,20000,0,10000
2393,50000,0,20000,30000,0,25000,20000,0,10000
2394,50000,0,20000,30000,0,25000,20000,0,10000
2395,50000,0,20000,30000,0,25000,20000,0,10000
2396,50000,0,20000,30000,0,25000,20000,0,10000
2397,50000,0,20000,30000,0,25000,20000,0,10000
2398,50000,0,20000,30000,0,25000,20000,0,10000
2399,50000,0,20000,30000,0,25000,20000,0,10000
2400,50000,0,20000,30000,0,25000,20000,0,10000
2401,50000,0,20000,30000,0,25000,20000,0,10000
2402,50000,0,20000,30000,0,25000,20000,0,10000
2403,50000,0,20000,30000,0,25000,20000,0,10000
2404,50000,0,20000,30000,0,25000,20000,0,10000
2405,50000,0,20000,30000,0,25000,20000,0,10000
2406,50000,0,20000,30000,0,25000,20000,0,10000
2407,50000,0,20000,30000,0,25000,20000,0,10000
2408,50000,0,20000,30000,0,25000,20000,0,10000
2409,50000,0,20000,30000,0,25000,20000,0,10000
2410,50000,0,20000,30000,0,25000,20000,0,10000
2411,50000,0,20000,30000,0,25000,20000,0,10000
2412,50000,0,20000,30000,0,25000,20000,0,10000
2413,50000,0,20000,30000,0,25000,20000,0,10000
2414,50000,0,20000,30000,0,25000,20000,0,10000
2415,50000,0,20000,30000,0,25000,20000,0,10000
2416,50000,0,20000,30000,0,25000,20000,0,10000
2417,50000,0,20000,30000,0,25000,20000,0,10000
2418,50000,0,20000,30000,0,25000,20000,0,10000
2419,50000,0,20000,30000,0,25000,20000,0,10000
2420,50000,0,20000,30000,0,25000,20000,0,10000
2421,50000,0,20000,30000,0,25000,20000,0,10000
2422,50000,0,20000,30000,0,25000,20000,0,10000
2423,50000,0,20000,30000,0,25000,20000,0,10000
2424,50000,0,20000,30000,0,25000,20000,0,10000
2425,50000,0,20000,30000,0,25000,20000,0,10000
2426,50000,0,20000,30000,0,25000,20000,0,10000
2427,50000,0,20000,30000,0,25000,20000,0,10000
2428,50000,0,20000,30000,0,25000,20000,0,10000
2429,50000,0,20000,30000,0,25000,20000,0,10000
2430,50000,0,20000,30000,0,25000,20000,0,10000
2431,50000,0,20000,30000,0,25000,20000,0,10000
2432,50000,0,20000,30000,0,25000,20000,0,10000
2433,50000,0,20000,30000,0,25000,20000,0,10000
2434,50000,0,20000,30000,0,25000,20000,0,10000
2435,50000,0,20000,30000,0,25000,20000,0,10000
2436,50000,0,20000,30000,0,25000,20000,0,10000
2437,50000,0,20000,30000,0,25000,20000,0,10000
2438,50000,0,20000,30000,0,25000,20000,0,10000
2439,50000,0,20000,30000,0,25000,20000,0,10000
2440,50000,0,20000,30000,0,25000,20000,0,10000
2441,50000,0,20000,30000,0,25000,20000,0,10000
2442,50000,0,20000,30000,0,25000,20000,0,10000
2443,50000,0,20000,30000,0,25000,20000,0,10000
2444,50000,0,20000,30000,0,25000,20000,0,10000
2445,50000,0,20000,30000,0,25000,20000,0,10000
2446,50000,0,20000,30000,0,25000,20000,0,10000
2447,50000,0,20000,30000,0,25000,20000,0,10000
2448,50000,0,20000,30000,0,25000,20000,0,10000
2449,50000,0,20000,30000,0,25000,20000,0,10000
2450,50000,0,20000,30000,0,25000,20000,0,10000
2451,50000,0,20000,30000,0,25000,20000,0,10000
2452,50000,0,20000,30000,0,25000,20000,0,10000
2453,50000,0,20000,30000,0,25000,20000,0,10000
2454,50000,0,20000,30000,0,25000,20000,0,10000
2455,50000,0,20000,30000,0,25000,20000,0,10000
2456,50000,0,20000,30000,0,25000,20000,0,10000
2457,50000,0,20000,30000,0,25000,20000,0,10000
2458,50000,0,20000,30000,0,25000,20000,0,10000
2459,50000,0,20000,30000,0,25000,20000,0,10000
2460,50000,0,20000,30000,0,25000,20000,0,10000
2461,50000,0,20000,30000,0,25000,20000,0,10000
2462,50000,0,20000,30000,0,25000,20000,0,10000
2463,50000,0,20000,30000,0,25000,20000,0,10000
2464,50000,0,20000,30000,0,25000,20000,0,10000
2465,50000,0,20000,30000,0,25000,20000,0,10000
2466,50000,0,20000,30000,0,25000,20000,0,10000
2467,50000,0,20000,30000,0,25000,20000,0,10000
2468,50000,0,20000,30000,0,25000,20000,0,10000
2469,50000,0,20000,30000,0,25000,20000,0,10000
2470,50000,0,20000,30000,0,25000,20000,0,10000
2471,50000,0,20000,30000,0,25000,20000,0,10000
2472,50000,0,20000,30000,0,25000,20000,0,10000
2473,50000,0,20000,30000,0,25000,20000,0,10000
2474,50000,0,20000,30000,0,25000,20000,0,10000
2475,50000,0,20000,30000,0,25000,20000,0,10000
2476,50000,0,20000,30000,0,25000,20000,0,10000
2477,50000,0,20000,30000,0,25000,20000,0,10000
2478,50000,0,20000,30000,0,25000,20000,0,10000
2479,50000,0,20000,30000,0,25000,20000,0,10000
2480,50000,0,20000,30000,0,25000,20000,0,10000
2481,50000,0,20000,30000,0,25000,20000,0,10000
2482,50000,0,20000,30000,0,25000,20000,0,10000
2483,50000,0,20000,30000,0,25000,20000,0,10000
2484,50000,0,20000,30000,0,25000,20000,0,10000
2485,50000,0,20000,30000,0,25000,20000,0,10000
2486,50000,0,20000,30000,0,25000,20000,0,10000
2487,50000,0,20000,30000,0,25000,20000,0,10000
2488,50000,0,20000,30000,0,25000,20000,0,10000
2489,50000,0,20000,30000,0,25000,20000,0,10000
2490,50000,0,20000,30000,0,25000,20000,0,10000
2491,50000,0,20000,30000,0,25000,20000,0,10000
2492,50000,0,20000,30000,0,25000,20000,0,10000
2493,50000,0,20000,30000,0,25000,20000,0,10000
2494,50000,0,20000,30000,0,25000,20000,0,10000
2495,50000,0,20000,30000,0,25000,20000,0,10000
2496,50000,0,20000,30000,0,25000,20000,0,10000
2497,50000,0,20000,30000,0,25000,20000,0,10000
2498,50000,0,20000,30000,0,25000,20000,0,10000
2499,50000,0,20000,30000,0,25000,20000,0,10000
2500,50000,0,20000,30000,0,25000,20000,0,10000
2501,50000,0,20000,30000,0,25000,20000,0,10000
2502,50000,0,20000,30000,0,25000,20000,0,10000
2503,50000,0,20000,30000,0,25000,20000,0,10000
2504,50000,0,20000,30000,0,25000,20000,0,10000
2505,50000,0,20000,30000,0,25000,20000,0,10000
2506,50000,0,20000,30000,0,25000,20000,0,10000
2507,50000,0,20000,30000,0,25000,20000,0,10000
2508,50000,0,20000,30000,0,25000,20000,0,10000
2509,50000,0,20000,30000,0,25000,20000,0,10000
2510,50000,0,20000,30000,0,25000,20000,0,10000
2511,50000,0,20000,30000,0,25000,20000,0,10000
2512,50000,0,20000,30000,0,25000,20000,0,10000
2513,50000,0,20000,30000,0,25000,20000,0,10000
2514,50000,0,20000,30000,0,25000,20000,0,10000
2515,50000,0,20000,30000,0,25000,20000,0,10000
2516,50000,0,20000,30000,0,25000,20000,0,10000
2517,50000,0,20000,30000,0,25000,20000,0,10000
2518,50000,0,20000,30000,0,25000,20000,0,10000
2519,50000,0,20000,30000,0,25000,20000,0,10000
2520,50000,0,20000,30000,0,25000,20000,0,10000
2521,50000,0,20000,30000,0,25000,20000,0,10000
2522,50000,0,20000,30000,0,25000,20000,0,10000
2523,50000,0,20000,30000,0,25000,20000,0,10000
2524,50000,0,20000,30000,0,25000,20000,0,10000
2525,50000,0,20000,30000,0,25000,20000,0,10000
2526,50000,0,20000,30000,0,25000,20000,0,10000
2527,50000,0,20000,30000,0,25000,20000,0,10000
2528,50000,0,20000,30000,0,25000,20000,0,10000
2529,50000,0,20000,30000,0,25000,20000,0,10000
2530,50000,0,20000,30000,0,25000,20000,0,10000
2531,50000,0,20000,30000,0,25000,20000,0,10000
2532,50000,0,20000,30000,0,25000,20000,0,10000
2533,50000,0,20000,30000,0,25000,20000,0,10000
2534,50000,0,20000,30000,0,25000,20000,0,10000
2535,50000,0,20000,30000,0,25000,20000,0,10000
2536,50000,0,20000,30000,0,25000,20000,0,10000
2537,50000,0,20000,30000,0,25000,20000,0,10000
2538,50000,0,20000,30000,0,25000,20000,0,10000
2539,50000,0,20000,30000,0,25000,20000,0,10000
2540,50000,0,20000,30000,0,25000,20000,0,10000
2541,50000,0,20000,30000,0,25000,20000,0,10000
2542,50000,0,20000,30000,0,25000,20000,0,10000
2543,50000,0,20000,30000,0,25000,20000,0,10000
2544,50000,0,20000,30000,0,25000,20000,0,10000
2545,50000,0,20000,30000,0,25000,20000,0,10000
2546,50000,0,20000,30000,0,25000,20000,0,10000
2547,50000,0,20000,30000,0,25000,20000,0,10000
2548,50000,0,20000,30000,0,25000,20000,0,10000
2549,50000,0,20000,30000,0,25000,20000,0,10000
2550,50000,0,20000,30000,0,25000,20000,0,10000
2551,50000,0,20000,30000,0,25000,20000,0,10000
2552,50000,0,20000,30000,0,25000,20000,0,10000
2553,50000,0,20000,30000,0,25000,20000,0,10000
2554,50000,0,20000,30000,0,25000,20000,0,10000
2555,50000,0,20000,30000,0,25000,20000,0,10000
2556,50000,0,20000,30000,0,25000,20000,0,10000
2557,50000,0,20000,30000,0,25000,20000,0,10000
2558,50000,0,20000,30000,0,25000,20000,0,10000
2559,50000,0,20000,30000,0,25000,20000,0,10000
2560,50000,0,20000,30000,0,25000,20000,0,10000
2561,50000,0,20000,30000,0,25000,20000,0,10000
2562,50000,0,20000,30000,0,25000,20000,0,10000
2563,50000,0,20000,30000,0,25000,20000,0,10000
2564,50000,0,20000,30000,0,25000,20000,0,10000
2565,50000,0,20000,30000,0,25000,20000,0,10000
2566,50000,0,20000,30000,0,25000,20000,0,10000
2567,50000,0,20000,30000,0,25000,20000,0,10000
2568,50000,0,20000,30000,0,25000,20000,0,10000
2569,50000,0,20000,30000,0,25000,20000,0,10000
2570,50000,0,20000,30000,0,25000,20000,0,10000
2571,50000,0,20000,30000,0,25000,20000,0,10000
2572,50000,0,20000,30000,0,25000,20000,0,10000
2573,50000,0,20000,30000,0,25000,20000,0,10000
2574,50000,0,20000,30000,0,25000,20000,0,10000
2575,50000,0,20000,30000,0,25000,20000,0,10000
2576,50000,0,20000,30000,0,25000,20000,0,10000
2577,50000,0,20000,30000,0,25000,20000,0,10000
2578,50000,0,20000,30000,0,25000,20000,0,10000
2579,50000,0,20000,30000,0,25000,20000,0,10000
2580,50000,0,20000,30000,0,25000,20000,0,10000
2581,50000,0,20000,30000,0,25000,20000,0,10000
2582,50000,0,20000,30000,0,25000,20000,0,10000
2583,50000,0,20000,30000,0,25000,20000,0,10000
2584,50000,0,20000,30000,0,25000,20000,0,10000
2585,50000,0,20000,30000,0,25000,20000,0,10000
2586,50000,0,20000,30000,0,25000,20000,0,10000
2587,50000,0,20000,30000,0,25000,20000,0,10000
2588,50000,0,20000,30000,0,25000,20000,0,10000
2589,50000,0,20000,30000,0,25000,20000,0,10000
2590,50000,0,20000,30000,0,25000,20000,0,10000
2591,50000,0,20000,30000,0,25000,20000,0,10000
2592,50000,0,20000,30000,0,25000,20000,0,10000
2593,50000,0,20000,30000,0,25000,20000,0,10000
2594,50000,0,20000,30000,0,25000,20000,0,10000
2595,50000,0,20000,30000,0,25000,20000,0,10000
2596,50000,0,20000,30000,0,25000,20000,0,10000
2597,50000,0,20000,30000,0,25000,20000,0,10000
2598,50000,0,20000,30000,0,25000,20000,0,10000
2599,50000,0,20000,30000,0,25000,20000,0,10000
2600,50000,0,20000,30000,0,25000,20000,0,10000
2601,50000,0,20000,30000,0,25000,20000,0,10000
2602,50000,0,20000,30000,0,25000,20000,0,10000
2603,50000,0,20000,30000,0,25000,20000,0,10000
2604,50000,0,20000,30000,0,25000,20000,0,10000
2605,50000,0,20000,30000,0,25000,20000,0,10000
2606,50000,0,20000,30000,0,25000,20000,0,10000
2607,50000,0,20000,30000,0,25000,20000,0,10000
2608,50000,0,20000,30000,0,25000,20000,0,10000
2609,50000,0,20000,30000,0,25000,20000,0,10000
2610,50000,0,20000,30000,0,25000,20000,0,10000
2611,50000,0,20000,30000,0,25000,20000,0,10000
2612,50000,0,20000,30000,0,25000,20000,0,10000
2613,50000,0,20000,30000,0,25000,20000,0,10000
2614,50000,0,20000,30000,0,25000,20000,0,10000
2615,50000,0,20000,30000,0,25000,20000,0,10000
2616,50000,0,20000,30000,0,25000,20000,0,10000
2617,50000,0,20000,30000,0,25000,20000,0,10000
2618,50000,0,20000,30000,0,25000,20000,0,10000
2619,50000,0,20000,30000,0,25000,20000,0,10000
2620,50000,0,20000,30000,0,25000,20000,0,10000
2621,50000,0,20000,30000,0,25000,20000,0,10000
2622,50000,0,20000,30000,0,25000,20000,0,10000
2623,50000,0,20000,30000,0,25000,20000,0,10000
2624,50000,0,20000,30000,0,25000,20000,0,10000
2625,50000,0,20000,30000,0,25000,20000,0,10000
2626,50000,0,20000,30000,0,25000,20000,0,10000
2627,50000,0,20000,30000,0,25000,20000,0,10000
2628,50000,0,20000,30000,0,25000,20000,0,10000
2629,50000,0,20000,30000,0,25000,20000,0,10000
2630,50000,0,20000,30000,0,25000,20000,0,10000
2631,50000,0,20000,30000,0,25000,20000,0,10000
2632,50000,0,20000,30000,0,25000,20000,0,10000
2633,50000,0,20000,30000,0,25000,20000,0,10000
2634,50000,0,20000,30000,0,25000,20000,0,10000
2635,50000,0,20000,30000,0,25000,20000,0,10000
2636,50000,0,20000,30000,0,25000,20000,0,10000
2637,50000,0,20000,30000,0,25000,20000,0,10000
2638,50000,0,20000,30000,0,25000,20000,0,10000
2639,50000,0,20000,30000,0,25000,20000,0,10000
2640,50000,0,20000,30000,0,25000,20000,0,10000
2641,50000,0,20000,30000,0,25000,20000,0,10000
2642,50000,0,20000,30000,0,25000,20000,0,10000
2643,50000,0,20000,30000,0,25000,20000,0,10000
2644,50000,0,20000,30000,0,25000,20000,0,10000
2645,50000,0,20000,30000,0,25000,20000,0,10000
2646,50000,0,20000,30000,0,25000,20000,0,10000
2647,50000,0,20000,30000,0,25000,20000,0,10000
2648,50000,0,20000,30000,0,25000,20000,0,10000
2649,50000,0,20000,30000,0,25000,20000,0,10000
2650,50000,0,20000,30000,0,25000,20000,0,10000
2651,50000,0,20000,30000,0,25000,20000,0,10000
2652,50000,0,20000,30000,0,25000,20000,0,10000
2653,50000,0,20000,30000,0,25000,20000,0,10000
2654,50000,0,20000,30000,0,25000,20000,0,10000
2655,50000,0,20000,30000,0,25000,20000,0,10000
2656,50000,0,20000,30000,0,25000,20000,0,10000
2657,50000,0,20000,30000,0,25000,20000,0,10000
2658,50000,0,20000,30000,0,25000,20000,0,10000
2659,50000,0,20000,30000,0,25000,20000,0,10000
2660,50000,0,20000,30000,0,25000,20000,0,10000
2661,50000,0,20000,30000,0,25000,20000,0,10000
2662,50000,0,20000,30000,0,25000,20000,0,10000
2663,50000,0,20000,30000,0,25000,20000,0,10000
2664,50000,0,20000,30000,0,25000,20000,0,10000
2665,50000,0,20000,30000,0,25000,20000,0,10000
2666,50000,0,20000,30000,0,25000,20000,0,10000
2667,50000,0,20000,30000,0,25000,20000,0,10000
2668,50000,0,20000,30000,0,25000,20000,0,10000
2669,50000,0,20000,30000,0,25000,20000,0,10000
2670,50000,0,20000,30000,0,25000,20000,0,10000
2671,50000,0,20000,30000,0,25000,20000,0,10000
2672,50000,0,20000,30000,0,25000,20000,0,10000
2673,50000,0,20000,30000,0,25000,20000,0,10000
2674,50000,0,20000,30000,0,25000,20000,0,10000
2675,50000,0,20000,30000,0,25000,20000,0,10000
2676,50000,0,20000,30000,0,25000,20000,0,10000
2677,50000,0,20000,30000,0,25000,20000,0,10000
2678,50000,0,20000,30000,0,25000,20000,0,10000
2679,50000,0,20000,30000,0,25000,20000,0,10000
2680,50000,0,20000,30000,0,25000,20000,0,10000
2681,50000,0,20000,30000,0,25000,20000,0,10000
2682,50000,0,20000,30000,0,25000,20000,0,10000
2683,50000,0,20000,30000,0,25000,20000,0,10000
2684,50000,0,20000,30000,0,25000,20000,0,10000
2685,50000,0,20000,30000,0,25000,20000,0,10000
2686,50000,0,20000,30000,0,25000,20000,0,10000
2687,50000,0,20000,30000,0,25000,20000,0,10000
2688,50000,0,20000,30000,0,25000,20000,0,10000
2689,50000,0,20000,30000,0,25000,20000,0,10000
2690,50000,0,20000,30000,0,25000,20000,0,10000
2691,50000,0,20000,30000,0,25000,20000,0,10000
2692,50000,0,20000,30000,0,25000,20000,0,10000
2693,50000,0,20000,30000,0,25000,20000,0,10000
2694,50000,0,20000,30000,0,25000,20000,0,10000
2695,50000,0,20000,30000,0,25000,20000,0,10000
2696,50000,0,20000,30000,0,25000,20000,0,10000
2697,50000,0,20000,30000,0,25000,20000,0,10000
2698,50000,0,20000,30000,0,25000,20000,0,10000
2699,50000,0,20000,30000,0,25000,20000,0,10000
2700,50000,0,20000,30000,0,25000,20000,0,10000
2701,50000,0,20000,30000,0,25000,20000,0,10000
2702,50000,0,20000,30000,0,25000,20000,0,10000
2703,50000,0,20000,30000,0,25000,20000,0,10000
2704,50000,0,20000,30000,0,25000,20000,0,10000
2705,50000,0,20000,30000,0,25000,20000,0,10000
2706,50000,0,20000,30000,0,25000,20000,0,10000
2707,50000,0,20000,30000,0,25000,20000,0,10000
2708,50000,0,20000,30000,0,25000,20000,0,10000
2709,50000,0,20000,30000,0,25000,20000,0,10000
2710,50000,0,20000,30000,0,25000,20000,0,10000
2711,50000,0,20000,30000,0,25000,20000,0,10000
2712,50000,0,20000,30000,0,25000,20000,0,10000
2713,50000,0,20000,30000,0,25000,20000,0,10000
2714,50000,0,20000,30000,0,25000,20000,0,10000
2715,50000,0,20000,30000,0,25000,20000,0,10000
2716,50000,0,20000,30000,0,25000,20000,0,10000
2717,50000,0,20000,30000,0,25000,20000,0,10000
2718,50000,0,20000,30000,0,25000,20000,0,10000
2719,50000,0,20000,30000,0,25000,20000,0,10000
2720,50000,0,20000,30000,0,25000,20000,0,10000
2721,50000,0,20000,30000,0,25000,20000,0,10000
2722,50000,0,20000,30000,0,25000,20000,0,10000
2723,50000,0,20000,30000,0,25000,20000,0,10000
2724,50000,0,20000,30000,0,25000,20000,0,10000
2725,50000,0,20000,30000,0,25000,20000,0,10000
2726,50000,0,20000,30000,0,25000,20000,0,10000
2727,50000,0,20000,30000,0,25000,20000,0,10000
2728,50000,0,20000,30000,0,25000,20000,0,10000
2729,50000,0,20000,30000,0,25000,20000,0,10000
2730,50000,0,20000,30000,0,25000,20000,0,10000
2731,50000,0,20000,30000,0,25000,20000,0,10000
2732,50000,0,20000,30000,0,25000,20000,0,10000
2733,50000,0,20000,30000,0,25000,20000,0,10000
2734,50000,0,20000,30000,0,25000,20000,0,10000
2735,50000,0,20000,30000,0,25000,20000,0,10000
2736,50000,0,20000,30000,0,25000,20000,0,10000
2737,50000,0,20000,30000,0,25000,20000,0,10000
2738,50000,0,20000,30000,0,25000,20000,0,10000
2739,50000,0,20000,30000,0,25000,20000,0,10000
2740,50000,0,20000,30000,0,25000,20000,0,10000
2741,50000,0,20000,30000,0,25000,20000,0,10000
2742,50000,0,20000,30000,0,25000,20000,0,10000
2743,50000,0,20000,30000,0,25000,20000,0,10000
2744,50000,0,20000,30000,0,25000,20000,0,10000
2745,50000,0,20000,30000,0,25000,20000,0,10000
2746,50000,0,20000,30000,0,25000,20000,0,10000
2747,50000,0,20000,30000,0,25000,20000,0,10000
2748,50000,0,20000,30000,0,25000,20000,0,10000
2749,50000,0,20000,30000,0,25000,20000,0,10000
2750,50000,0,20000,30000,0,25000,20000,0,10000
2751,50000,0,20000,30000,0,25000,20000,0,10000
2752,50000,0,20000,30000,0,25000,20000,0,10000
2753,50000,0,20000,30000,0,25000,20000,0,10000
2754,50000,0,20000,30000,0,25000,20000,0,10000
2755,50000,0,20000,30000,0,25000,20000,0,10000
2756,50000,0,20000,30000,0,25000,20000,0,10000
2757,50000,0,20000,30000,0,25000,20000,0,10000
2758,50000,0,20000,30000,0,25000,20000,0,10000
2759,50000,0,20000,30000,0,25000,20000,0,10000
2760,50000,0,20000,30000,0,25000,20000,0,10000
2761,50000,0,20000,30000,0,25000,20000,0,10000
2762,50000,0,20000,30000,0,25000,20000,0,10000
2763,50000,0,20000,30000,0,25000,20000,0,10000
2764,50000,0,20000,30000,0,25000,20000,0,10000
2765,50000,0,20000,30000,0,25000,20000,0,10000
2766,50000,0,20000,30000,0,25000,20000,0,10000
2767,50000,0,20000,30000,0,25000,20000,0,10000
2768,50000,0,20000,30000,0,25000,20000,0,10000
2769,50000,0,20000,30000,0,25000,20000,0,10000
2770,50000,0,20000,30000,0,25000,20000,0,10000
2771,50000,0,20000,30000,0,25000,20000,0,10000
2772,50000,0,20000,30000,0,25000,20000,0,10000
2773,50000,0,20000,30000,0,25000,20000,0,10000
2774,50000,0,20000,30000,0,25000,20000,0,10000
2775,50000,0,20000,30000,0,25000,20000,0,10000
2776,50000,0,20000,30000,0,25000,20000,0,10000
2777,50000,0,20000,30000,0,25000,20000,0,10000
2778,50000,0,20000,30000,0,25000,20000,0,10000
2779,50000,0,20000,30000,0,25000,20000,0,10000
2780,50000,0,20000,30000,0,25000,20000,0,10000
2781,50000,0,20000,30000,0,25000,20000,0,10000
2782,50000,0,20000,30000,0,25000,20000,0,10000
2783,50000,0,20000,30000,0,25000,20000,0,10000
2784,50000,0,20000,30000,0,25000,20000,0,10000
2785,50000,0,20000,30000,0,25000,20000,0,10000
2786,50000,0,20000,30000,0,25000,20000,0,10000
2787,50000,0,20000,30000,0,25000,20000,0,10000
2788,50000,0,20000,30000,0,25000,20000,0,10000
2789,50000,0,20000,30000,0,25000,20000,0,10000
2790,50000,0,20000,30000,0,25000,20000,0,10000
2791,50000,0,20000,30000,0,25000,20000,0,10000
2792,50000,0,20000,30000,0,25000,20000,0,10000
2793,50000,0,20000,30000,0,25000,20000,0,10000
2794,50000,0,20000,30000,0,25000,20000,0,10000
2795,50000,0,20000,30000,0,25000,20000,0,10000
2796,50000,0,20000,30000,0,25000,20000,0,10000
2797,50000,0,20000,30000,0,25000,20000,0,10000
2798,50000,0,20000,30000,0,25000,20000,0,10000
2799,50000,0,20000,30000,0,25000,20000,0,10000
2800,50000,0,20000,30000,0,25000,20000,0,10000
2801,50000,0,20000,30000,0,25000,20000,0,10000
2802,50000,0,20000,30000,0,25000,20000,0,10000
2803,50000,0,20000,30000,0,25000,20000,0,10000
2804,50000,0,20000,30000,0,25000,20000,0,10000
2805,50000,0,20000,30000,0,25000,20000,0,10000
2806,50000,0,20000,30000,0,25000,20000,0,10000
2807,50000,0,20000,30000,0,25000,20000,0,10000
2808,50000,0,20000,30000,0,25000,20000,0,10000
2809,50000,0,20000,30000,0,25000,20000,0,10000
2810,50000,0,20000,30000,0,25000,20000,0,10000
2811,50000,0,20000,30000,0,25000,20000,0,10000
2812,50000,0,20000,30000,0,25000,20000,0,10000
2813,50000,0,20000,30000,0,25000,20000,0,10000
2814,50000,0,20000,30000,0,25000,20000,0,10000
2815,50000,0,20000,30000,0,25000,20000,0,10000
2816,50000,0,20000,30000,0,25000,20000,0,10000
2817,50000,0,20000,30000,0,25000,20000,0,10000
2818,50000,0,20000,30000,0,25000,20000,0,10000
2819,50000,0,20000,30000,0,25000,20000,0,10000
2820,50000,0,20000,30000,0,25000,20000,0,10000
2821,50000,0,20000,30000,0,25000,20000,0,10000
2822,50000,0,20000,30000,0,25000,20000,0,10000
2823,50000,0,20000,30000,0,25000,20000,0,10000
2824,50000,0,20000,30000,0,25000,20000,0,10000
2825,50000,0,20000,30000,0,25000,20000,0,10000
2826,50000,0,20000,30000,0,25000,20000,0,10000
2827,50000,0,20000,30000,0,25000,20000,0,10000
2828,50000,0,20000,30000,0,25000,20000,0,10000
2829,50000,0,20000,30000,0,25000,20000,0,10000
2830,50000,0,20000,30000,0,25000,20000,0,10000
2831,50000,0,20000,30000,0,25000,20000,0,10000
2832,50000,0,20000,30000,0,25000,20000,0,10000
2833,50000,0,20000,30000,0,25000,20000,0,10000
2834,50000,0,20000,30000,0,25000,20000,0,10000
2835,50000,0,20000,30000,0,25000,20000,0,10000
2836,50000,0,20000,30000,0,25000,20000,0,10000
2837,50000,0,20000,30000,0,25000,20000,0,10000
2838,50000,0,20000,30000,0,25000,20000,0,10000
2839,50000,0,20000,30000,0,25000,20000,0,10000
2840,50000,0,20000,30000,0,25000,20000,0,10000
2841,50000,0,20000,30000,0,25000,20000,0,10000
2842,50000,0,20000,30000,0,25000,20000,0,10000
2843,50000,0,20000,30000,0,25000,20000,0,10000
2844,50000,0,20000,30000,0,25000,20000,0,10000
2845,50000,0,20000,30000,0,25000,20000,0,10000
2846,50000,0,20000,30000,0,25000,20000,0,10000
2847,50000,0,20000,30000,0,25000,20000,0,10000
2848,50000,0,20000,30000,0,25000,20000,0,10000
2849,50000,0,20000,30000,0,25000,20000,0,10000
2850,50000,0,20000,30000,0,25000,20000,0,10000
2851,50000,0,20000,30000,0,25000,20000,0,10000
2852,50000,0,20000,30000,0,25000,20000,0,10000
2853,50000,0,20000,30000,0,25000,20000,0,10000
2854,50000,0,20000,30000,0,25000,20000,0,10000
2855,50000,0,20000,30000,0,25000,20000,0,10000
2856,50000,0,20000,30000,0,25000,20000,0,10000
2857,50000,0,20000,30000,0,25000,20000,0,10000
2858,50000,0,20000,30000,0,25000,20000,0,10000
2859,50000,0,20000,30000,0,25000,20000,0,10000
2860,50000,0,20000,30000,0,25000,20000,0,10000
2861,50000,0,20000,30000,0,25000,20000,0,10000
2862,50000,0,20000,30000,0,25000,20000,0,10000
2863,50000,0,20000,30000,0,25000,20000,0,10000
2864,50000,0,20000,30000,0,25000,20000,0,10000
2865,50000,0,20000,30000,0,25000,20000,0,10000
2866,50000,0,20000,30000,0,25000,20000,0,10000
2867,50000,0,20000,30000,0,25000,20000,0,10000
2868,50000,0,20000,30000,0,25000,20000,0,10000
2869,50000,0,20000,30000,0,25000,20000,0,10000
2870,50000,0,20000,30000,0,25000,20000,0,10000
2871,50000,0,20000,30000,0,25000,20000,0,10000
2872,50000,0,20000,30000,0,25000,20000,0,10000
2873,50000,0,20000,30000,0,25000,20000,0,10000
2874,50000,0,20000,30000,0,25000,20000,0,10000
2875,50000,0,20000,30000,0,25000,20000,0,10000
2876,50000,0,20000,30000,0,25000,20000,0,10000
2877,50000,0,20000,30000,0,25000,20000,0,10000
2878,50000,0,20000,30000,0,25000,20000,0,10000
2879,50000,0,20000,30000,0,25000,20000,0,10000
2880,50000,0,20000,30000,0,25000,20000,0,10000
2881,50000,0,20000,30000,0,25000,20000,0,10000
2882,50000,0,20000,30000,0,25000,20000,0,10000
2883,50000,0,20000,30000,0,25000,20000,0,10000
2884,50000,0,20000,30000,0,25000,20000,0,10000
2885,50000,0,20000,30000,0,25000,20000,0,10000
2886,50000,0,20000,30000,0,25000,20000,0,10000
2887,50000,0,20000,30000,0,25000,20000,0,10000
2888,50000,0,20000,30000,0,25000,20000,0,10000
2889,50000,0,20000,30000,0,25000,20000,0,10000
2890,50000,0,20000,30000,0,25000,20000,0,10000
2891,50000,0,20000,30000,0,25000,20000,0,10000
2892,50000,0,20000,30000,0,25000,20000,0,10000
2893,50000,0,20000,30000,0,25000,20000,0,10000
2894,50000,0,20000,30000,0,25000,20000,0,10000
2895,50000,0,20000,30000,0,25000,20000,0,10000
2896,50000,0,20000,30000,0,25000,20000,0,10000
2897,50000,0,20000,30000,0,25000,20000,0,10000
2898,50000,0,20000,30000,0,25000,20000,0,10000
2899,50000,0,20000,30000,0,25000,20000,0,10000
2900,50000,0,20000,30000,0,25000,20000,0,10000
2901,50000,0,20000,30000,0,25000,20000,0,10000
2902,50000,0,20000,30000,0,25000,20000,0,10000
2903,50000,0,20000,30000,0,25000,20000,0,10000
2904,50000,0,20000,30000,0,25000,20000,0,10000
2905,50000,0,20000,30000,0,25000,20000,0,10000
2906,50000,0,20000,30000,0,25000,20000,0,10000
2907,50000,0,20000,30000,0,25000,20000,0,10000
2908,50000,0,20000,30000,0,25000,20000,0,10000
2909,50000,0,20000,30000,0,25000,20000,0,10000
2910,50000,0,20000,30000,0,25000,20000,0,10000
2911,50000,0,20000,30000,0,25000,20000,0,10000
2912,50000,0,20000,30000,0,25000,20000,0,10000
2913,50000,0,20000,30000,0,25000,20000,0,10000
2914,50000,0,20000,30000,0,25000,20000,0,10000
2915,50000,0,20000,30000,0,25000,20000,0,10000
2916,50000,0,20000,30000,0,25000,20000,0,10000
2917,50000,0,20000,30000,0,25000,20000,0,10000
2918,50000,0,20000,30000,0,25000,20000,0,10000
2919,50000,0,20000,30000,0,25000,20000,0,10000
2920,50000,0,20000,30000,0,25000,20000,0,10000
2921,50000,0,20000,30000,0,25000,20000,0,10000
2922,50000,0,20000,30000,0,25000,20000,0,10000
2923,50000,0,20000,30000,0,25000,20000,0,10000
2924,50000,0,20000,30000,0,25000,20000,0,10000
2925,50000,0,20000,30000,0,25000,20000,0,10000
2926,50000,0,20000,30000,0,25000,20000,0,10000
2927,50000,0,20000,30000,0,25000,20000,0,10000
2928,50000,0,20000,30000,0,25000,20000,0,10000
2929,50000,0,20000,30000,0,25000,20000,0,10000
2930,50000,0,20000,30000,0,25000,20000,0,10000
2931,50000,0,20000,30000,0,25000,20000,0,10000
2932,50000,0,20000,30000,0,25000,20000,0,10000
2933,50000,0,20000,30000,0,25000,20000,0,10000
2934,50000,0,20000,30000,0,25000,20000,0,10000
2935,50000,0,20000,30000,0,25000,20000,0,10000
2936,50000,0,20000,30000,0,25000,20000,0,10000
2937,50000,0,20000,30000,0,25000,20000,0,10000
2938,50000,0,20000,30000,0,25000,20000,0,10000
2939,50000,0,20000,30000,0,25000,20000,0,10000
2940,50000,0,20000,30000,0,25000,20000,0,10000
2941,50000,0,20000,30000,0,25000,20000,0,10000
2942,50000,0,20000,30000,0,25000,20000,0,10000
2943,50000,0,20000,30000,0,25000,20000,0,10000
2944,50000,0,20000,30000,0,25000,20000,0,10000
2945,50000,0,20000,30000,0,25000,20000,0,10000
2946,50000,0,20000,30000,0,25000,20000,0,10000
2947,50000,0,20000,30000,0,25000,20000,0,10000
2948,50000,0,20000,30000,0,25000,20000,0,10000
2949,50000,0,20000,30000,0,25000,20000,0,10000
2950,50000,0,20000,30000,0,25000,20000,0,10000
2951,50000,0,20000,30000,0,25000,20000,0,10000
2952,50000,0,20000,30000,0,25000,20000,0,10000
2953,50000,0,20000,30000,0,25000,20000,0,10000
2954,50000,0,20000,30000,0,25000,20000,0,10000
2955,50000,0,20000,30000,0,25000,20000,0,10000
2956,50000,0,20000,30000,0,25000,20000,0,10000
2957,50000,0,20000,30000,0,25000,20000,0,10000
2958,50000,0,20000,30000,0,25000,20000,0,10000
2959,50000,0,20000,30000,0,25000,20000,0,10000
2960,50000,0,20000,30000,0,25000,20000,0,10000
2961,50000,0,20000,30000,0,25000,20000,0,10000
2962,50000,0,20000,30000,0,25000,20000,0,10000
2963,50000,0,20000,30000,0,25000,20000,0,10000
2964,50000,0,20000,30000,0,25000,20000,0,10000
2965,50000,0,20000,30000,0,25000,20000,0,10000
2966,50000,0,20000,30000,0,25000,20000,0,10000
2967,50000,0,20000,30000,0,25000,20000,0,10000
2968,50000,0,20000,30000,0,25000,20000,0,10000
2969,50000,0,20000,30000,0,25000,20000,0,10000
2970,50000,0,20000,30000,0,25000,20000,0,10000
2971,50000,0,20000,30000,0,25000,20000,0,10000
2972,50000,0,20000,30000,0,25000,20000,0,10000
2973,50000,0,20000,30000,0,25000,20000,0,10000
2974,50000,0,20000,30000,0,25000,20000,0,10000
2975,50000,0,20000,30000,0,25000,20000,0,10000
2976,50000,0,20000,30000,0,25000,20000,0,10000
2977,50000,0,20000,30000,0,25000,20000,0,10000
2978,50000,0,20000,30000,0,25000,20000,0,10000
2979,50000,0,20000,30000,0,25000,20000,0,10000
2980,50000,0,20000,30000,0,25000,20000,0,10000
2981,50000,0,20000,30000,0,25000,20000,0,10000
2982,50000,0,20000,30000,0,25000,20000,0,10000
2983,50000,0,20000,30000,0,25000,20000,0,10000
2984,50000,0,20000,30000,0,25000,20000,0,10000
2985,50000,0,20000,30000,0,25000,20000,0,10000
2986,50000,0,20000,30000,0,25000,20000,0,10000
2987,50000,0,20000,30000,0,25000,20000,0,10000
2988,50000,0,20000,30000,0,25000,20000,0,10000
2989,50000,0,20000,30000,0,25000,20000,0,10000
2990,50000,0,20000,30000,0,25000,20000,0,10000
2991,50000,0,20000,30000,0,25000,20000,0,10000
2992,50000,0,20000,30000,0,25000,20000,0,10000
2993,50000,0,20000,30000,0,25000,20000,0,10000
2994,50000,0,20000,30000,0,25000,20000,0,10000
2995,50000,0,20000,30000,0,25000,20000,0,10000
2996,50000,0,20000,30000,0,25000,20000,0,10000
2997,50000,0,20000,30000,0,25000,20000,0,10000
2998,50000,0,20000,30000,0,25000,20000,0,10000
2999,50000,0,20000,30000,0,25000,20000,0,10000
3000,50000,0,20000,30000,0,25000,20000,0,10000
3001,50000,0,20000,30000,0,25000,20000,0,10000
3002,50000,0,20000,30000,0,25000,20000,0,10000
3003,50000,0,20000,30000,0,25000,20000,0,10000
3004,50000,0,20000,30000,0,25000,20000,0,10000
3005,50000,0,20000,30000,0,25000,20000,0,10000
3006,50000,0,20000,30000,0,25000,20000,0,10000
3007,50000,0,20000,30000,0,25000,20000,0,10000
3008,50000,0,20000,30000,0,25000,20000,0,10000
3009,50000,0,20000,30000,0,25000,20000,0,10000
3010,50000,0,20000,30000,0,25000,20000,0,10000
3011,50000,0,20000,30000,0,25000,20000,0,10000
3012,50000,0,20000,30000,0,25000,20000,0,10000
3013,50000,0,20000,30000,0,25000,20000,0,10000
3014,50000,0,20000,30000,0,25000,20000,0,10000
3015,50000,0,20000,30000,0,25000,20000,0,10000
3016,50000,0,20000,30000,0,25000,20000,0,10000
3017,50000,0,20000,30000,0,25000,20000,0,10000
3018,50000,0,20000,30000,0,25000,20000,0,10000
3019,50000,0,20000,30000,0,25000,20000,0,10000
3020,50000,0,20000,30000,0,25000,20000,0,10000
3021,50000,0,20000,30000,0,25000,20000,0,10000
3022,50000,0,20000,30000,0,25000,20000,0,10000
3023,50000,0,20000,30000,0,25000,20000,0,10000
3024,50000,0,20000,30000,0,25000,20000,0,10000
3025,50000,0,20000,30000,0,25000,20000,0,10000
3026,50000,0,20000,30000,0,25000,20000,0,10000
3027,50000,0,20000,30000,0,25000,20000,0,10000
3028,50000,0,20000,30000,0,25000,20000,0,10000
3029,50000,0,20000,30000,0,25000,20000,0,10000
3030,50000,0,20000,30000,0,25000,20000,0,10000
3031,50000,0,20000,30000,0,25000,20000,0,10000
3032,50000,0,20000,30000,0,25000,20000,0,10000
3033,50000,0,20000,30000,0,25000,20000,0,10000
3034,50000,0,20000,30000,0,25000,20000,0,10000
3035,50000,0,20000,30000,0,25000,20000,0,10000
3036,50000,0,20000,30000,0,25000,20000,0,10000
3037,50000,0,20000,30000,0,25000,20000,0,10000
3038,50000,0,20000,30000,0,25000,20000,0,10000
3039,50000,0,20000,30000,0,25000,20000,0,10000
3040,50000,0,20000,30000,0,25000,20000,0,10000
3041,50000,0,20000,30000,0,25000,20000,0,10000
3042,50000,0,20000,30000,0,25000,20000,0,10000
3043,50000,0,20000,30000,0,25000,20000,0,10000
3044,50000,0,20000,30000,0,25000,20000,0,10000
3045,50000,0,20000,30000,0,25000,20000,0,10000
3046,50000,0,20000,30000,0,25000,20000,0,10000
3047,50000,0,20000,30000,0,25000,20000,0,10000
3048,50000,0,20000,30000,0,25000,20000,0,10000
3049,50000,0,20000,30000,0,25000,20000,0,10000
3050,50000,0,20000,30000,0,25000,20000,0,10000
3051,50000,0,20000,30000,0,25000,20000,0,10000
3052,50000,0,20000,30000,0,25000,20000,0,10000
3053,50000,0,20000,30000,0,25000,20000,0,10000
3054,50000,0,20000,30000,0,25000,20000,0,10000
3055,50000,0,20000,30000,0,25000,20000,0,10000
3056,50000,0,20000,30000,0,25000,20000,0,10000
3057,50000,0,20000,30000,0,25000,20000,0,10000
3058,50000,0,20000,30000,0,25000,20000,0,10000
3059,50000,0,20000,30000,0,25000,20000,0,10000
3060,50000,0,20000,30000,0,25000,20000,0,10000
3061,50000,0,20000,30000,0,25000,20000,0,10000
3062,50000,0,20000,30000,0,25000,20000,0,10000
3063,50000,0,20000,30000,0,25000,20000,0,10000
3064,50000,0,20000,30000,0,25000,20000,0,10000
3065,50000,0,20000,30000,0,25000,20000,0,10000
3066,50000,0,20000,30000,0,25000,20000,0,10000
3067,50000,0,20000,30000,0,25000,20000,0,10000
3068,50000,0,20000,30000,0,25000,20000,0,10000
3069,50000,0,20000,30000,0,25000,20000,0,10000
3070,50000,0,20000,30000,0,25000,20000,0,10000
3071,50000,0,20000,30000,0,25000,20000,0,10000
3072,50000,0,20000,30000,0,25000,20000,0,10000
3073,50000,0,20000,30000,0,25000,20000,0,10000
3074,50000,0,20000,30000,0,25000,20000,0,10000
3075,50000,0,20000,30000,0,25000,20000,0,10000
3076,50000,0,20000,30000,0,25000,20000,0,10000
3077,50000,0,20000,30000,0,25000,20000,0,10000
3078,50000,0,20000,30000,0,25000,20000,0,10000
3079,50000,0,20000,30000,0,25000,20000,0,10000
3080,50000,0,20000,30000,0,25000,20000,0,10000
3081,50000,0,20000,30000,0,25000,20000,0,10000
3082,50000,0,20000,30000,0,25000,20000,0,10000
3083,50000,0,20000,30000,0,25000,20000,0,10000
3084,50000,0,20000,30000,0,25000,20000,0,10000
3085,50000,0,20000,30000,0,25000,20000,0,10000
3086,50000,0,20000,30000,0,25000,20000,0,10000
3087,50000,0,20000,30000,0,25000,20000,0,10000
3088,50000,0,20000,30000,0,25000,20000,0,10000
3089,50000,0,20000,30000,0,25000,20000,0,10000
3090,50000,0,20000,30000,0,25000,20000,0,10000
3091,50000,0,20000,30000,0,25000,20000,0,10000
3092,50000,0,20000,30000,0,25000,20000,0,10000
3093,50000,0,20000,30000,0,25000,20000,0,10000
3094,50000,0,20000,30000,0,25000,20000,0,10000
3095,50000,0,20000,30000,0,25000,20000,0,10000
3096,50000,0,20000,30000,0,25000,20000,0,10000
3097,50000,0,20000,30000,0,25000,20000,0,10000
3098,50000,0,20000,30000,0,25000,20000,0,10000
3099,50000,0,20000,30000,0,25000,20000,0,10000
3100,50000,0,20000,30000,0,25000,20000,0,10000
3101,50000,0,20000,30000,0,25000,20000,0,10000
3102,50000,0,20000,30000,0,25000,20000,0,10000
3103,50000,0,20000,30000,0,25000,20000,0,10000
3104,50000,0,20000,30000,0,25000,20000,0,10000
3105,50000,0,20000,30000,0,25000,20000,0,10000
3106,50000,0,20000,30000,0,25000,20000,0,10000
3107,50000,0,20000,30000,0,25000,20000,0,10000
3108,50000,0,20000,30000,0,25000,20000,0,10000
3109,50000,0,20000,30000,0,25000,20000,0,10000
3110,50000,0,20000,30000,0,25000,20000,0,10000
3111,50000,0,20000,30000,0,25000,20000,0,10000
3112,50000,0,20000,30000,0,25000,20000,0,10000
3113,50000,0,20000,30000,0,25000,20000,0,10000
3114,50000,0,20000,30000,0,25000,20000,0,10000
3115,50000,0,20000,30000,0,25000,20000,0,10000
3116,50000,0,20000,30000,0,25000,20000,0,10000
3117,50000,0,20000,30000,0,25000,20000,0,10000
3118,50000,0,20000,30000,0,25000,20000,0,10000
3119,50000,0,20000,30000,0,25000,20000,0,10000
3120,50000,0,20000,30000,0,25000,20000,0,10000
3121,50000,0,20000,30000,0,25000,20000,0,10000
3122,50000,0,20000,30000,0,25000,20000,0,10000
3123,50000,0,20000,30000,0,25000,20000,0,10000
3124,50000,0,20000,30000,0,25000,20000,0,10000
3125,50000,0,20000,30000,0,25000,20000,0,10000
3126,50000,0,20000,30000,0,25000,20000,0,10000
3127,50000,0,20000,30000,0,25000,20000,0,10000
3128,50000,0,20000,30000,0,25000,20000,0,10000
3129,50000,0,20000,30000,0,25000,20000,0,10000
3130,50000,0,20000,30000,0,25000,20000,0,10000
3131,50000,0,20000,30000,0,25000,20000,0,10000
3132,50000,0,20000,30000,0,25000,20000,0,10000
3133,50000,0,20000,30000,0,25000,20000,0,10000
3134,50000,0,20000,30000,0,25000,20000,0,10000
3135,50000,0,20000,30000,0,25000,20000,0,10000
3136,50000,0,20000,30000,0,25000,20000,0,10000
3137,50000,0,20000,30000,0,25000,20000,0,10000
3138,50000,0,20000,30000,0,25000,20000,0,10000
3139,50000,0,20000,30000,0,25000,20000,0,10000
3140,50000,0,20000,30000,0,25000,20000,0,10000
3141,50000,0,20000,30000,0,25000,20000,0,10000
3142,50000,0,20000,30000,0,25000,20000,0,10000
3143,50000,0,20000,30000,0,25000,20000,0,10000
3144,50000,0,20000,30000,0,25000,20000,0,10000
3145,50000,0,20000,30000,0,25000,20000,0,10000
3146,50000,0,20000,30000,0,25000,20000,0,10000
3147,50000,0,20000,30000,0,25000,20000,0,10000
3148,50000,0,20000,30000,0,25000,20000,0,10000
3149,50000,0,20000,30000,0,25000,20000,0,10000
3150,50000,0,20000,30000,0,25000,20000,0,10000
3151,50000,0,20000,30000,0,25000,20000,0,10000
3152,50000,0,20000,30000,0,25000,20000,0,10000
3153,50000,0,20000,30000,0,25000,20000,0,10000
3154,50000,0,20000,30000,0,25000,20000,0,10000
3155,50000,0,20000,30000,0,25000,20000,0,10000
3156,50000,0,20000,30000,0,25000,20000,0,10000
3157,50000,0,20000,30000,0,25000,20000,0,10000
3158,50000,0,20000,30000,0,25000,20000,0,10000
3159,50000,0,20000,30000,0,25000,20000,0,10000
3160,50000,0,20000,30000,0,25000,20000,0,10000
3161,50000,0,20000,30000,0,25000,20000,0,10000
3162,50000,0,20000,30000,0,25000,20000,0,10000
3163,50000,0,20000,30000,0,25000,20000,0,10000
3164,50000,0,20000,30000,0,25000,20000,0,10000
3165,50000,0,20000,30000,0,25000,20000,0,10000
3166,50000,0,20000,30000,0,25000,20000,0,10000
3167,50000,0,20000,30000,0,25000,20000,0,10000
3168,50000,0,20000,30000,0,25000,20000,0,10000
3169,50000,0,20000,30000,0,25000,20000,0,10000
3170,50000,0,20000,30000,0,25000,20000,0,10000
3171,50000,0,20000,30000,0,25000,20000,0,10000
3172,50000,0,20000,30000,0,25000,20000,0,10000
3173,50000,0,20000,30000,0,25000,20000,0,10000
3174,50000,0,20000,30000,0,25000,20000,0,10000
3175,50000,0,20000,30000,0,25000,20000,0,10000
3176,50000,0,20000,30000,0,25000,20000,0,10000
3177,50000,0,20000,30000,0,25000,20000,0,10000
3178,50000,0,20000,30000,0,25000,20000,0,10000
3179,50000,0,20000,30000,0,25000,20000,0,10000
3180,50000,0,20000,30000,0,25000,20000,0,10000
3181,50000,0,20000,30000,0,25000,20000,0,10000
3182,50000,0,20000,30000,0,25000,20000,0,10000
3183,50000,0,20000,30000,0,25000,20000,0,10000
3184,50000,0,20000,30000,0,25000,20000,0,10000
3185,50000,0,20000,30000,0,25000,20000,0,10000
3186,50000,0,20000,30000,0,25000,20000,0,10000
3187,50000,0,20000,30000,0,25000,20000,0,10000
3188,50000,0,20000,30000,0,25000,20000,0,10000
3189,50000,0,20000,30000,0,25000,20000,0,10000
3190,50000,0,20000,30000,0,25000,20000,0,10000
3191,50000,0,20000,30000,0,25000,20000,0,10000
3192,50000,0,20000,30000,0,25000,20000,0,10000
3193,50000,0,20000,30000,0,25000,20000,0,10000
3194,50000,0,20000,30000,0,25000,20000,0,10000
3195,50000,0,20000,30000,0,25000,20000,0,10000
3196,50000,0,20000,30000,0,25000,20000,0,10000
3197,50000,0,20000,30000,0,25000,20000,0,10000
3198,50000,0,20000,30000,0,25000,20000,0,10000
3199,50000,0,20000,30000,0,25000,20000,0,10000
3200,50000,0,20000,30000,0,25000,20000,0,10000
3201,50000,0,20000,30000,0,25000,20000,0,10000
3202,50000,0,20000,30000,0,25000,20000,0,10000
3203,50000,0,20000,30000,0,25000,20000,0,10000
3204,50000,0,20000,30000,0,25000,20000,0,10000
3205,50000,0,20000,30000,0,25000,20000,0,10000
3206,50000,0,20000,30000,0,25000,20000,0,10000
3207,50000,0,20000,30000,0,25000,20000,0,10000
3208,50000,0,20000,30000,0,25000,20000,0,10000
3209,50000,0,20000,30000,0,25000,20000,0,10000
3210,50000,0,20000,30000,0,25000,20000,0,10000
3211,50000,0,20000,30000,0,25000,20000,0,10000
3212,50000,0,20000,30000,0,25000,20000,0,10000
3213,50000,0,20000,30000,0,25000,20000,0,10000
3214,50000,0,20000,30000,0,25000,20000,0,10000
3215,50000,0,20000,30000,0,25000,20000,0,10000
3216,50000,0,20000,30000,0,25000,20000,0,10000
3217,50000,0,20000,30000,0,25000,20000,0,10000
3218,50000,0,20000,30000,0,25000,20000,0,10000
3219,50000,0,20000,30000,0,25000,20000,0,10000
3220,50000,0,20000,30000,0,25000,20000,0,10000
3221,50000,0,20000,30000,0,25000,20000,0,10000
3222,50000,0,20000,30000,0,25000,20000,0,10000
3223,50000,0,20000,30000,0,25000,20000,0,10000
3224,50000,0,20000,30000,0,25000,20000,0,10000
3225,50000,0,20000,30000,0,25000,20000,0,10000
3226,50000,0,20000,30000,0,25000,20000,0,10000
3227,50000,0,20000,30000,0,25000,20000,0,10000
3228,50000,0,20000,30000,0,25000,20000,0,10000
3229,50000,0,20000,30000,0,25000,20000,0,10000
3230,50000,0,20000,30000,0,25000,20000,0,10000
3231,50000,0,20000,30000,0,25000,20000,0,10000
3232,50000,0,20000,30000,0,25000,20000,0,10000
3233,50000,0,20000,30000,0,25000,20000,0,10000
3234,50000,0,20000,30000,0,25000,20000,0,10000
3235,50000,0,20000,30000,0,25000,20000,0,10000
3236,50000,0,20000,30000,0,25000,20000,0,10000
3237,50000,0,20000,30000,0,25000,20000,0,10000
3238,50000,0,20000,30000,0,25000,20000,0,10000
3239,50000,0,20000,30000,0,25000,20000,0,10000
3240,50000,0,20000,30000,0,25000,20000,0,10000
3241,50000,0,20000,30000,0,25000,20000,0,10000
3242,50000,0,20000,30000,0,25000,20000,0,10000
3243,50000,0,20000,30000,0,25000,20000,0,10000
3244,50000,0,20000,30000,0,25000,20000,0,10000
3245,50000,0,20000,30000,0,25000,20000,0,10000
3246,50000,0,20000,30000,0,25000,20000,0,10000
3247,50000,0,20000,30000,0,25000,20000,0,10000
3248,50000,0,20000,30000,0,25000,20000,0,10000
3249,50000,0,20000,30000,0,25000,20000,0,10000
3250,50000,0,20000,30000,0,25000,20000,0,10000
3251,50000,0,20000,30000,0,25000,20000,0,10000
3252,50000,0,20000,30000,0,25000,20000,0,10000
3253,50000,0,20000,30000,0,25000,20000,0,10000
3254,50000,0,20000,30000,0,25000,20000,0,10000
3255,50000,0,20000,30000,0,25000,20000,0,10000
3256,50000,0,20000,30000,0,25000,20000,0,10000
3257,50000,0,20000,30000,0,25000,20000,0,10000
3258,50000,0,20000,30000,0,25000,20000,0,10000
3259,50000,0,20000,30000,0,25000,20000,0,10000
3260,50000,0,20000,30000,0,25000,20000,0,10000
3261,50000,0,20000,30000,0,25000,20000,0,10000
3262,50000,0,20000,30000,0,25000,20000,0,10000
3263,50000,0,20000,30000,0,25000,20000,0,10000
3264,50000,0,20000,30000,0,25000,20000,0,10000
3265,50000,0,20000,30000,0,25000,20000,0,10000
3266,50000,0,20000,30000,0,25000,20000,0,10000
3267,50000,0,20000,30000,0,25000,20000,0,10000
3268,50000,0,20000,30000,0,25000,20000,0,10000
3269,50000,0,20000,30000,0,25000,20000,0,10000
3270,50000,0,20000,30000,0,25000,20000,0,10000
3271,50000,0,20000,30000,0,25000,20000,0,10000
3272,50000,0,20000,30000,0,25000,20000,0,10000
3273,50000,0,20000,30000,0,25000,20000,0,10000
3274,50000,0,20000,30000,0,25000,20000,0,10000
3275,50000,0,20000,30000,0,25000,20000,0,10000
3276,50000,0,20000,30000,0,25000,20000,0,10000
3277,50000,0,20000,30000,0,25000,20000,0,10000
3278,50000,0,20000,30000,0,25000,20000,0,10000
3279,50000,0,20000,30000,0,25000,20000,0,10000
3280,50000,0,20000,30000,0,25000,20000,0,10000
3281,50000,0,20000,30000,0,25000,20000,0,10000
3282,50000,0,20000,30000,0,25000,20000,0,10000
3283,50000,0,20000,30000,0,25000,20000,0,10000
3284,50000,0,20000,30000,0,25000,20000,0,10000
3285,50000,0,20000,30000,0,25000,20000,0,10000
3286,50000,0,20000,30000,0,25000,20000,0,10000
3287,50000,0,20000,30000,0,25000,20000,0,10000
3288,50000,0,20000,30000,0,25000,20000,0,10000
3289,50000,0,20000,30000,0,25000,20000,0,10000
3290,50000,0,20000,30000,0,25000,20000,0,10000
3291,50000,0,20000,30000,0,25000,20000,0,10000
3292,50000,0,20000,30000,0,25000,20000,0,10000
3293,50000,0,20000,30000,0,25000,20000,0,10000
3294,50000,0,20000,30000,0,25000,20000,0,10000
3295,50000,0,20000,30000,0,25000,20000,0,10000
3296,50000,0,20000,30000,0,25000,20000,0,10000
3297,50000,0,20000,30000,0,25000,20000,0,10000
3298,50000,0,20000,30000,0,25000,20000,0,10000
3299,50000,0,20000,30000,0,25000,20000,0,10000
3300,50000,0,20000,30000,0,25000,20000,0,10000
3301,50000,0,20000,30000,0,25000,20000,0,10000
3302,50000,0,20000,30000,0,25000,20000,0,10000
3303,50000,0,20000,30000,0,25000,20000,0,10000
3304,50000,0,20000,30000,0,25000,20000,0,10000
3305,50000,0,20000,30000,0,25000,20000,0,10000
3306,50000,0,20000,30000,0,25000,20000,0,10000
3307,50000,0,20000,30000,0,25000,20000,0,10000
3308,50000,0,20000,30000,0,25000,20000,0,10000
3309,50000,0,20000,30000,0,25000,20000,0,10000
3310,50000,0,20000,30000,0,25000,20000,0,10000
3311,50000,0,20000,30000,0,25000,20000,0,10000
3312,50000,0,20000,30000,0,25000,20000,0,10000
3313,50000,0,20000,30000,0,25000,20000,0,10000
3314,50000,0,20000,30000,0,25000,20000,0,10000
3315,50000,0,20000,30000,0,25000,20000,0,10000
3316,50000,0,20000,30000,0,25000,20000,0,10000
3317,50000,0,20000,30000,0,25000,20000,0,10000
3318,50000,0,20000,30000,0,25000,20000,0,10000
3319,50000,0,20000,30000,0,25000,20000,0,10000
3320,50000,0,20000,30000,0,25000,20000,0,10000
3321,50000,0,20000,30000,0,25000,20000,0,10000
3322,50000,0,20000,30000,0,25000,20000,0,10000
3323,50000,0,20000,30000,0,25000,20000,0,10000
3324,50000,0,20000,30000,0,25000,20000,0,10000
3325,50000,0,20000,30000,0,25000,20000,0,10000
3326,50000,0,20000,30000,0,25000,20000,0,10000
3327,50000,0,20000,30000,0,25000,20000,0,10000
3328,50000,0,20000,30000,0,25000,20000,0,10000
3329,50000,0,20000,30000,0,25000,20000,0,10000
3330,50000,0,20000,30000,0,25000,20000,0,10000
3331,50000,0,20000,30000,0,25000,20000,0,10000
3332,50000,0,20000,30000,0,25000,20000,0,10000
3333,50000,0,20000,30000,0,25000,20000,0,10000
3334,50000,0,20000,30000,0,25000,20000,0,10000
3335,50000,0,20000,30000,0,25000,20000,0,10000
3336,50000,0,20000,30000,0,25000,20000,0,10000
3337,50000,0,20000,30000,0,25000,20000,0,10000
3338,50000,0,20000,30000,0,25000,20000,0,10000
3339,50000,0,20000,30000,0,25000,20000,0,10000
3340,50000,0,20000,30000,0,25000,20000,0,10000
3341,50000,0,20000,30000,0,25000,20000,0,10000
3342,50000,0,20000,30000,0,25000,20000,0,10000
3343,50000,0,20000,30000,0,25000,20000,0,10000
3344,50000,0,20000,30000,0,25000,20000,0,10000
3345,50000,0,20000,30000,0,25000,20000,0,10000
3346,50000,0,20000,30000,0,25000,20000,0,10000
3347,50000,0,20000,30000,0,25000,20000,0,10000
3348,50000,0,20000,30000,0,25000,20000,0,10000
3349,50000,0,20000,30000,0,25000,20000,0,10000
3350,50000,0,20000,30000,0,25000,20000,0,10000
3351,50000,0,20000,30000,0,25000,20000,0,10000
3352,50000,0,20000,30000,0,25000,20000,0,10000
3353,50000,0,20000,30000,0,25000,20000,0,10000
3354,50000,0,20000,30000,0,25000,20000,0,10000
3355,50000,0,20000,30000,0,25000,20000,0,10000
3356,50000,0,20000,30000,0,25000,20000,0,10000
3357,50000,0,20000,30000,0,25000,20000,0,10000
3358,50000,0,20000,30000,0,25000,20000,0,10000
3359,50000,0,20000,30000,0,25000,20000,0,10000
3360,50000,0,20000,30000,0,25000,20000,0,10000
3361,50000,0,20000,30000,0,25000,20000,0,10000
3362,50000,0,20000,30000,0,25000,20000,0,10000
3363,50000,0,20000,30000,0,25000,20000,0,10000
3364,50000,0,20000,30000,0,25000,20000,0,10000
3365,50000,0,20000,30000,0,25000,20000,0,10000
3366,50000,0,20000,30000,0,25000,20000,0,10000
3367,50000,0,20000,30000,0,25000,20000,0,10000
3368,50000,0,20000,30000,0,25000,20000,0,10000
3369,50000,0,20000,30000,0,25000,20000,0,10000
3370,50000,0,20000,30000,0,25000,20000,0,10000
3371,50000,0,20000,30000,0,25000,20000,0,10000
3372,50000,0,20000,30000,0,25000,20000,0,10000
3373,50000,0,20000,30000,0,25000,20000,0,10000
3374,50000,0,20000,30000,0,25000,20000,0,10000
3375,50000,0,20000,30000,0,25000,20000,0,10000
3376,50000,0,20000,30000,0,25000,20000,0,10000
3377,50000,0,20000,30000,0,25000,20000,0,10000
3378,50000,0,20000,30000,0,25000,20000,0,10000
3379,50000,0,20000,30000,0,25000,20000,0,10000
3380,50000,0,20000,30000,0,25000,20000,0,10000
3381,50000,0,20000,30000,0,25000,20000,0,10000
3382,50000,0,20000,30000,0,25000,20000,0,10000
3383,50000,0,20000,30000,0,25000,20000,0,10000
3384,50000,0,20000,30000,0,25000,20000,0,10000
3385,50000,0,20000,30000,0,25000,20000,0,10000
3386,50000,0,20000,30000,0,25000,20000,0,10000
3387,50000,0,20000,30000,0,25000,20000,0,10000
3388,50000,0,20000,30000,0,25000,20000,0,10000
3389,50000,0,20000,30000,0,25000,20000,0,10000
3390,50000,0,20000,30000,0,25000,20000,0,10000
3391,50000,0,20000,30000,0,25000,20000,0,10000
3392,50000,0,20000,30000,0,25000,20000,0,10000
3393,50000,0,20000,30000,0,25000,20000,0,10000
3394,50000,0,20000,30000,0,25000,20000,0,10000
3395,50000,0,20000,30000,0,25000,20000,0,10000
3396,50000,0,20000,30000,0,25000,20000,0,10000
3397,50000,0,20000,30000,0,25000,20000,0,10000
3398,50000,0,20000,30000,0,25000,20000,0,10000
3399,50000,0,20000,30000,0,25000,20000,0,10000
3400,50000,0,20000,30000,0,25000,20000,0,10000
3401,50000,0,20000,30000,0,25000,20000,0,10000
3402,50000,0,20000,30000,0,25000,20000,0,10000
3403,50000,0,20000,30000,0,25000,20000,0,10000
3404,50000,0,20000,30000,0,25000,20000,0,10000
3405,50000,0,20000,30000,0,25000,20000,0,10000
3406,50000,0,20000,30000,0,25000,20000,0,10000
3407,50000,0,20000,30000,0,25000,20000,0,10000
3408,50000,0,20000,30000,0,25000,20000,0,10000
3409,50000,0,20000,30000,0,25000,20000,0,10000
3410,50000,0,20000,30000,0,25000,20000,0,10000
3411,50000,0,20000,30000,0,25000,20000,0,10000
3412,50000,0,20000,30000,0,25000,20000,0,10000
3413,50000,0,20000,30000,0,25000,20000,0,10000
3414,50000,0,20000,30000,0,25000,20000,0,10000
3415,50000,0,20000,30000,0,25000,20000,0,10000
3416,50000,0,20000,30000,0,25000,20000,0,10000
3417,50000,0,20000,30000,0,25000,20000,0,10000
3418,50000,0,20000,30000,0,25000,20000,0,10000
3419,50000,0,20000,30000,0,25000,20000,0,10000
3420,50000,0,20000,30000,0,25000,20000,0,10000
3421,50000,0,20000,30000,0,25000,20000,0,10000
3422,50000,0,20000,30000,0,25000,20000,0,10000
3423,50000,0,20000,30000,0,25000,20000,0,10000
3424,50000,0,20000,30000,0,25000,20000,0,10000
3425,50000,0,20000,30000,0,25000,20000,0,10000
3426,50000,0,20000,30000,0,25000,20000,0,10000
3427,50000,0,20000,30000,0,25000,20000,0,10000
3428,50000,0,20000,30000,0,25000,20000,0,10000
3429,50000,0,20000,30000,0,25000,20000,0,10000
3430,50000,0,20000,30000,0,25000,20000,0,10000
3431,50000,0,20000,30000,0,25000,20000,0,10000
3432,50000,0,20000,30000,0,25000,20000,0,10000
3433,50000,0,20000,30000,0,25000,20000,0,10000
3434,50000,0,20000,30000,0,25000,20000,0,10000
3435,50000,0,20000,30000,0,25000,20000,0,10000
3436,50000,0,20000,30000,0,25000,20000,0,10000
3437,50000,0,20000,30000,0,25000,20000,0,10000
3438,50000,0,20000,30000,0,25000,20000,0,10000
3439,50000,0,20000,30000,0,25000,20000,0,10000
3440,50000,0,20000,30000,0,25000,20000,0,10000
3441,50000,0,20000,30000,0,25000,20000,0,10000
3442,50000,0,20000,30000,0,25000,20000,0,10000
3443,50000,0,20000,30000,0,25000,20000,0,10000
3444,50000,0,20000,30000,0,25000,20000,0,10000
3445,50000,0,20000,30000,0,25000,20000,0,10000
3446,50000,0,20000,30000,0,25000,20000,0,10000
3447,50000,0,20000,30000,0,25000,20000,0,10000
3448,50000,0,20000,30000,0,25000,20000,0,10000
3449,50000,0,20000,30000,0,25000,20000,0,10000
3450,50000,0,20000,30000,0,25000,20000,0,10000
3451,50000,0,20000,30000,0,25000,20000,0,10000
3452,50000,0,20000,30000,0,25000,20000,0,10000
3453,50000,0,20000,30000,0,25000,20000,0,10000
3454,50000,0,20000,30000,0,25000,20000,0,10000
3455,50000,0,20000,30000,0,25000,20000,0,10000
3456,50000,0,20000,30000,0,25000,20000,0,10000
3457,50000,0,20000,30000,0,25000,20000,0,10000
3458,50000,0,20000,30000,0,25000,20000,0,10000
3459,50000,0,20000,30000,0,25000,20000,0,10000
3460,50000,0,20000,30000,0,25000,20000,0,10000
3461,50000,0,20000,30000,0,25000,20000,0,10000
3462,50000,0,20000,30000,0,25000,20000,0,10000
3463,50000,0,20000,30000,0,25000,20000,0,10000
3464,50000,0,20000,30000,0,25000,20000,0,10000
3465,50000,0,20000,30000,0,25000,20000,0,10000
3466,50000,0,20000,30000,0,25000,20000,0,10000
3467,50000,0,20000,30000,0,25000,20000,0,10000
3468,50000,0,20000,30000,0,25000,20000,0,10000
3469,50000,0,20000,30000,0,25000,20000,0,10000
3470,50000,0,20000,30000,0,25000,20000,0,10000
3471,50000,0,20000,30000,0,25000,20000,0,10000
3472,50000,0,20000,30000,0,25000,20000,0,10000
3473,50000,0,20000,30000,0,25000,20000,0,10000
3474,50000,0,20000,30000,0,25000,20000,0,10000
3475,50000,0,20000,30000,0,25000,20000,0,10000
3476,50000,0,20000,30000,0,25000,20000,0,10000
3477,50000,0,20000,30000,0,25000,20000,0,10000
3478,50000,0,20000,30000,0,25000,20000,0,10000
3479,50000,0,20000,30000,0,25000,20000,0,10000
3480,50000,0,20000,30000,0,25000,20000,0,10000
3481,50000,0,20000,30000,0,25000,20000,0,10000
3482,50000,0,20000,30000,0,25000,20000,0,10000
3483,50000,0,20000,30000,0,25000,20000,0,10000
3484,50000,0,20000,30000,0,25000,20000,0,10000
3485,50000,0,20000,30000,0,25000,20000,0,10000
3486,50000,0,20000,30000,0,25000,20000,0,10000
3487,50000,0,20000,30000,0,25000,20000,0,10000
3488,50000,0,20000,30000,0,25000,20000,0,10000
3489,50000,0,20000,30000,0,25000,20000,0,10000
3490,50000,0,20000,30000,0,25000,20000,0,10000
3491,50000,0,20000,30000,0,25000,20000,0,10000
3492,50000,0,20000,30000,0,25000,20000,0,10000
3493,50000,0,20000,30000,0,25000,20000,0,10000
3494,50000,0,20000,30000,0,25000,20000,0,10000
3495,50000,0,20000,30000,0,25000,20000,0,10000
3496,50000,0,20000,30000,0,25000,20000,0,10000
3497,50000,0,20000,30000,0,25000,20000,0,10000
3498,50000,0,20000,30000,0,25000,20000,0,10000
3499,50000,0,20000,30000,0,25000,20000,0,10000
3500,50000,0,20000,30000,0,25000,20000,0,10000
3501,50000,0,20000,30000,0,25000,20000,0,10000
3502,50000,0,20000,30000,0,25000,20000,0,10000
3503,50000,0,20000,30000,0,25000,20000,0,10000
3504,50000,0,20000,30000,0,25000,20000,0,10000
3505,50000,0,20000,30000,0,25000,20000,0,10000
3506,50000,0,20000,30000,0,25000,20000,0,10000
3507,50000,0,20000,30000,0,25000,20000,0,10000
3508,50000,0,20000,30000,0,25000,20000,0,10000
3509,50000,0,20000,30000,0,25000,20000,0,10000
3510,50000,0,20000,30000,0,25000,20000,0,10000
3511,50000,0,20000,30000,0,25000,20000,0,10000
3512,50000,0,20000,30000,0,25000,20000,0,10000
3513,50000,0,20000,30000,0,25000,20000,0,10000
3514,50000,0,20000,30000,0,25000,20000,0,10000
3515,50000,0,20000,30000,0,25000,20000,0,10000
3516,50000,0,20000,30000,0,25000,20000,0,10000
3517,50000,0,20000,30000,0,25000,20000,0,10000
3518,50000,0,20000,30000,0,25000,20000,0,10000
3519,50000,0,20000,30000,0,25000,20000,0,10000
3520,50000,0,20000,30000,0,25000,20000,0,10000
3521,50000,0,20000,30000,0,25000,20000,0,10000
3522,50000,0,20000,30000,0,25000,20000,0,10000
3523,50000,0,20000,30000,0,25000,20000,0,10000
3524,50000,0,20000,30000,0,25000,20000,0,10000
3525,50000,0,20000,30000,0,25000,20000,0,10000
3526,50000,0,20000,30000,0,25000,20000,0,10000
3527,50000,0,20000,30000,0,25000,20000,0,10000
3528,50000,0,20000,30000,0,25000,20000,0,10000
3529,50000,0,20000,30000,0,25000,20000,0,10000
3530,50000,0,20000,30000,0,25000,20000,0,10000
3531,50000,0,20000,30000,0,25000,20000,0,10000
3532,50000,0,20000,30000,0,25000,20000,0,10000
3533,50000,0,20000,30000,0,25000,20000,0,10000
3534,50000,0,20000,30000,0,25000,20000,0,10000
3535,50000,0,20000,30000,0,25000,20000,0,10000
3536,50000,0,20000,30000,0,25000,20000,0,10000
3537,50000,0,20000,30000,0,25000,20000,0,10000
3538,50000,0,20000,30000,0,25000,20000,0,10000
3539,50000,0,20000,30000,0,25000,20000,0,10000
3540,50000,0,20000,30000,0,25000,20000,0,10000
3541,50000,0,20000,30000,0,25000,20000,0,10000
3542,50000,0,20000,30000,0,25000,20000,0,10000
3543,50000,0,20000,30000,0,25000,20000,0,10000
3544,50000,0,20000,30000,0,25000,20000,0,10000
3545,50000,0,20000,30000,0,25000,20000,0,10000
3546,50000,0,20000,30000,0,25000,20000,0,10000
3547,50000,0,20000,30000,0,25000,20000,0,10000
3548,50000,0,20000,30000,0,25000,20000,0,10000
3549,50000,0,20000,30000,0,25000,20000,0,10000
3550,50000,0,20000,30000,0,25000,20000,0,10000
3551,50000,0,20000,30000,0,25000,20000,0,10000
3552,50000,0,20000,30000,0,25000,20000,0,10000
3553,50000,0,20000,30000,0,25000,20000,0,10000
3554,50000,0,20000,30000,0,25000,20000,0,10000
3555,50000,0,20000,30000,0,25000,20000,0,10000
3556,50000,0,20000,30000,0,25000,20000,0,10000
3557,50000,0,20000,30000,0,25000,20000,0,10000
3558,50000,0,20000,30000,0,25000,20000,0,10000
3559,50000,0,20000,30000,0,25000,20000,0,10000
3560,50000,0,20000,30000,0,25000,20000,0,10000
3561,50000,0,20000,30000,0,25000,20000,0,10000
3562,50000,0,20000,30000,0,25000,20000,0,10000
3563,50000,0,20000,30000,0,25000,20000,0,10000
3564,50000,0,20000,30000,0,25000,20000,0,10000
3565,50000,0,20000,30000,0,25000,20000,0,10000
3566,50000,0,20000,30000,0,25000,20000,0,10000
3567,50000,0,20000,30000,0,25000,20000,0,10000
3568,50000,0,20000,30000,0,25000,20000,0,10000
3569,50000,0,20000,30000,0,25000,20000,0,10000
3570,50000,0,20000,30000,0,25000,20000,0,10000
3571,50000,0,20000,30000,0,25000,20000,0,10000
3572,50000,0,20000,30000,0,25000,20000,0,10000
3573,50000,0,20000,30000,0,25000,20000,0,10000
3574,50000,0,20000,30000,0,25000,20000,0,10000
3575,50000,0,20000,30000,0,25000,20000,0,10000
3576,50000,0,20000,30000,0,25000,20000,0,10000
3577,50000,0,20000,30000,0,25000,20000,0,10000
3578,50000,0,20000,30000,0,25000,20000,0,10000
3579,50000,0,20000,30000,0,25000,20000,0,10000
3580,50000,0,20000,30000,0,25000,20000,0,10000
3581,50000,0,20000,30000,0,25000,20000,0,10000
3582,50000,0,20000,30000,0,25000,20000,0,10000
3583,50000,0,20000,30000,0,25000,20000,0,10000
3584,50000,0,20000,30000,0,25000,20000,0,10000
3585,50000,0,20000,30000,0,25000,20000,0,10000
3586,50000,0,20000,30000,0,25000,20000,0,10000
3587,50000,0,20000,30000,0,25000,20000,0,10000
3588,50000,0,20000,30000,0,25000,20000,0,10000
3589,50000,0,20000,30000,0,25000,20000,0,10000
3590,50000,0,20000,30000,0,25000,20000,0,10000
3591,50000,0,20000,30000,0,25000,20000,0,10000
3592,50000,0,20000,30000,0,25000,20000,0,10000
3593,50000,0,20000,30000,0,25000,20000,0,10000
3594,50000,0,20000,30000,0,25000,20000,0,10000
3595,50000,0,20000,30000,0,25000,20000,0,10000
3596,50000,0,20000,30000,0,25000,20000,0,10000
3597,50000,0,20000,30000,0,25000,20000,0,10000
3598,50000,0,20000,30000,0,25000,20000,0,10000
3599,50000,0,20000,30000,0,25000,20000,0,10000
3600,50000,0,20000,30000,0,25000,20000,0,10000
3601,50000,0,20000,30000,0,25000,20000,0,10000
3602,50000,0,20000,30000,0,25000,20000,0,10000
3603,50000,0,20000,30000,0,25000,20000,0,10000
3604,50000,0,20000,30000,0,25000,20000,0,10000
3605,50000,0,20000,30000,0,25000,20000,0,10000
3606,50000,0,20000,30000,0,25000,20000,0,10000
3607,50000,0,20000,30000,0,25000,20000,0,10000
3608,50000,0,20000,30000,0,25000,20000,0,10000
3609,50000,0,20000,30000,0,25000,20000,0,10000
3610,50000,0,20000,30000,0,25000,20000,0,10000
3611,50000,0,20000,30000,0,25000,20000,0,10000
3612,50000,0,20000,30000,0,25000,20000,0,10000
3613,50000,0,20000,30000,0,25000,20000,0,10000
3614,50000,0,20000,30000,0,25000,20000,0,10000
3615,50000,0,20000,30000,0,25000,20000,0,10000
3616,50000,0,20000,30000,0,25000,20000,0,10000
3617,50000,0,20000,30000,0,25000,20000,0,10000
3618,50000,0,20000,30000,0,25000,20000,0,10000
3619,50000,0,20000,30000,0,25000,20000,0,10000
3620,50000,0,20000,30000,0,25000,20000,0,10000
3621,50000,0,20000,30000,0,25000,20000,0,10000
3622,50000,0,20000,30000,0,25000,20000,0,10000
3623,50000,0,20000,30000,0,25000,20000,0,10000
3624,50000,0,20000,30000,0,25000,20000,0,10000
3625,50000,0,20000,30000,0,25000,20000,0,10000
3626,50000,0,20000,30000,0,25000,20000,0,10000
3627,50000,0,20000,30000,0,25000,20000,0,10000
3628,50000,0,20000,30000,0,25000,20000,0,10000
3629,50000,0,20000,30000,0,25000,20000,0,10000
3630,50000,0,20000,30000,0,25000,20000,0,10000
3631,50000,0,20000,30000,0,25000,20000,0,10000
3632,50000,0,20000,30000,0,25000,20000,0,10000
3633,50000,0,20000,30000,0,25000,20000,0,10000
3634,50000,0,20000,30000,0,25000,20000,0,10000
3635,50000,0,20000,30000,0,25000,20000,0,10000
3636,50000,0,20000,30000,0,25000,20000,0,10000
3637,50000,0,20000,30000,0,25000,20000,0,10000
3638,50000,0,20000,30000,0,25000,20000,0,10000
3639,50000,0,20000,30000,0,25000,20000,0,10000
3640,50000,0,20000,30000,0,25000,20000,0,10000
3641,50000,0,20000,30000,0,25000,20000,0,10000
3642,50000,0,20000,30000,0,25000,20000,0,10000
3643,50000,0,20000,30000,0,25000,20000,0,10000
3644,50000,0,20000,30000,0,25000,20000,0,10000
3645,50000,0,20000,30000,0,25000,20000,0,10000
3646,50000,0,20000,30000,0,25000,20000,0,10000
3647,50000,0,20000,30000,0,25000,20000,0,10000
3648,50000,0,20000,30000,0,25000,20000,0,10000
3649,50000,0,20000,30000,0,25000,20000,0,10000
3650,50000,0,20000,30000,0,25000,20000,0,10000
3651,50000,0,20000,30000,0,25000,20000,0,10000
3652,50000,0,20000,30000,0,25000,20000,0,10000
3653,50000,0,20000,30000,0,25000,20000,0,10000
3654,50000,0,20000,30000,0,25000,20000,0,10000
3655,50000,0,20000,30000,0,25000,20000,0,10000
3656,50000,0,20000,30000,0,25000,20000,0,10000
3657,50000,0,20000,30000,0,25000,20000,0,10000
3658,50000,0,20000,30000,0,25000,20000,0,10000
3659,50000,0,20000,30000,0,25000,20000,0,10000
3660,50000,0,20000,30000,0,25000,20000,0,10000
3661,50000,0,20000,30000,0,25000,20000,0,10000
3662,50000,0,20000,30000,0,25000,20000,0,10000
3663,50000,0,20000,30000,0,25000,20000,0,10000
3664,50000,0,20000,30000,0,25000,20000,0,10000
3665,50000,0,20000,30000,0,25000,20000,0,10000
3666,50000,0,20000,30000,0,25000,20000,0,10000
3667,50000,0,20000,30000,0,25000,20000,0,10000
3668,50000,0,20000,30000,0,25000,20000,0,10000
3669,50000,0,20000,30000,0,25000,20000,0,10000
3670,50000,0,20000,30000,0,25000,20000,0,10000
3671,50000,0,20000,30000,0,25000,20000,0,10000
3672,50000,0,20000,30000,0,25000,20000,0,10000
3673,50000,0,20000,30000,0,25000,20000,0,10000
3674,50000,0,20000,30000,0,25000,20000,0,10000
3675,50000,0,20000,30000,0,25000,20000,0,10000
3676,50000,0,20000,30000,0,25000,20000,0,10000
3677,50000,0,20000,30000,0,25000,20000,0,10000
3678,50000,0,20000,30000,0,25000,20000,0,10000
3679,50000,0,20000,30000,0,25000,20000,0,10000
3680,50000,0,20000,30000,0,25000,20000,0,10000
3681,50000,0,20000,30000,0,25000,20000,0,10000
3682,50000,0,20000,30000,0,25000,20000,0,10000
3683,50000,0,20000,30000,0,25000,20000,0,10000
3684,50000,0,20000,30000,0,25000,20000,0,10000
3685,50000,0,20000,30000,0,25000,20000,0,10000
3686,50000,0,20000,30000,0,25000,20000,0,10000
3687,50000,0,20000,30000,0,25000,20000,0,10000
3688,50000,0,20000,30000,0,25000,20000,0,10000
3689,50000,0,20000,30000,0,25000,20000,0,10000
3690,50000,0,20000,30000,0,25000,20000,0,10000
3691,50000,0,20000,30000,0,25000,20000,0,10000
3692,50000,0,20000,30000,0,25000,20000,0,10000
3693,50000,0,20000,30000,0,25000,20000,0,10000
3694,50000,0,20000,30000,0,25000,20000,0,10000
3695,50000,0,20000,30000,0,25000,20000,0,10000
3696,50000,0,20000,30000,0,25000,20000,0,10000
3697,50000,0,20000,30000,0,25000,20000,0,10000
3698,50000,0,20000,30000,0,25000,20000,0,10000
3699,50000,0,20000,30000,0,25000,20000,0,10000
3700,50000,0,20000,30000,0,25000,20000,0,10000
3701,50000,0,20000,30000,0,25000,20000,0,10000
3702,50000,0,20000,30000,0,25000,20000,0,10000
3703,50000,0,20000,30000,0,25000,20000,0,10000
3704,50000,0,20000,30000,0,25000,20000,0,10000
3705,50000,0,20000,30000,0,25000,20000,0,10000
3706,50000,0,20000,30000,0,25000,20000,0,10000
3707,50000,0,20000,30000,0,25000,20000,0,10000
3708,50000,0,20000,30000,0,25000,20000,0,10000
3709,50000,0,20000,30000,0,25000,20000,0,10000
3710,50000,0,20000,30000,0,25000,20000,0,10000
3711,50000,0,20000,30000,0,25000,20000,0,10000
3712,50000,0,20000,30000,0,25000,20000,0,10000
3713,50000,0,20000,30000,0,25000,20000,0,10000
3714,50000,0,20000,30000,0,25000,20000,0,10000
3715,50000,0,20000,30000,0,25000,20000,0,10000
3716,50000,0,20000,30000,0,25000,20000,0,10000
3717,50000,0,20000,30000,0,25000,20000,0,10000
3718,50000,0,20000,30000,0,25000,20000,0,10000
3719,50000,0,20000,30000,0,25000,20000,0,10000
3720,50000,0,20000,30000,0,25000,20000,0,10000
3721,50000,0,20000,30000,0,25000,20000,0,10000
3722,50000,0,20000,30000,0,25000,20000,0,10000
3723,50000,0,20000,30000,0,25000,20000,0,10000
3724,50000,0,20000,30000,0,25000,20000,0,10000
3725,50000,0,20000,30000,0,25000,20000,0,10000
3726,50000,0,20000,30000,0,25000,20000,0,10000
3727,50000,0,20000,30000,0,25000,20000,0,10000
3728,50000,0,20000,30000,0,25000,20000,0,10000
3729,50000,0,20000,30000,0,25000,20000,0,10000
3730,50000,0,20000,30000,0,25000,20000,0,10000
3731,50000,0,20000,30000,0,25000,20000,0,10000
3732,50000,0,20000,30000,0,25000,20000,0,10000
3733,50000,0,20000,30000,0,25000,20000,0,10000
3734,50000,0,20000,30000,0,25000,20000,0,10000
3735,50000,0,20000,30000,0,25000,20000,0,10000
3736,50000,0,20000,30000,0,25000,20000,0,10000
3737,50000,0,20000,30000,0,25000,20000,0,10000
3738,50000,0,20000,30000,0,25000,20000,0,10000
3739,50000,0,20000,30000,0,25000,20000,0,10000
3740,50000,0,20000,30000,0,25000,20000,0,10000
3741,50000,0,20000,30000,0,25000,20000,0,10000
3742,50000,0,20000,30000,0,25000,20000,0,10000
3743,50000,0,20000,30000,0,25000,20000,0,10000
3744,50000,0,20000,30000,0,25000,20000,0,10000
3745,50000,0,20000,30000,0,25000,20000,0,10000
3746,50000,0,20000,30000,0,25000,20000,0,10000
3747,50000,0,20000,30000,0,25000,20000,0,10000
3748,50000,0,20000,30000,0,25000,20000,0,10000
3749,50000,0,20000,30000,0,25000,20000,0,10000
3750,50000,0,20000,30000,0,25000,20000,0,10000
3751,50000,0,20000,30000,0,25000,20000,0,10000
3752,50000,0,20000,30000,0,25000,20000,0,10000
3753,50000,0,20000,30000,0,25000,20000,0,10000
3754,50000,0,20000,30000,0,25000,20000,0,10000
3755,50000,0,20000,30000,0,25000,20000,0,10000
3756,50000,0,20000,30000,0,25000,20000,0,10000
3757,50000,0,20000,30000,0,25000,20000,0,10000
3758,50000,0,20000,30000,0,25000,20000,0,10000
3759,50000,0,20000,30000,0,25000,20000,0,10000
3760,50000,0,20000,30000,0,25000,20000,0,10000
3761,50000,0,20000,30000,0,25000,20000,0,10000
3762,50000,0,20000,30000,0,25000,20000,0,10000
3763,50000,0,20000,30000,0,25000,20000,0,10000
3764,50000,0,20000,30000,0,25000,20000,0,10000
3765,50000,0,20000,30000,0,25000,20000,0,10000
3766,50000,0,20000,30000,0,25000,20000,0,10000
3767,50000,0,20000,30000,0,25000,20000,0,10000
3768,50000,0,20000,30000,0,25000,20000,0,10000
3769,50000,0,20000,30000,0,25000,20000,0,10000
3770,50000,0,20000,30000,0,25000,20000,0,10000
3771,50000,0,20000,30000,0,25000,20000,0,10000
3772,50000,0,20000,30000,0,25000,20000,0,10000
3773,50000,0,20000,30000,0,25000,20000,0,10000
3774,50000,0,20000,30000,0,25000,20000,0,10000
3775,50000,0,20000,30000,0,25000,20000,0,10000
3776,50000,0,20000,30000,0,25000,20000,0,10000
3777,50000,0,20000,30000,0,25000,20000,0,10000
3778,50000,0,20000,30000,0,25000,20000,0,10000
3779,50000,0,20000,30000,0,25000,20000,0,10000
3780,50000,0,20000,30000,0,25000,20000,0,10000
3781,50000,0,20000,30000,0,25000,20000,0,10000
3782,50000,0,20000,30000,0,25000,20000,0,10000
3783,50000,0,20000,30000,0,25000,20000,0,10000
3784,50000,0,20000,30000,0,25000,20000,0,10000
3785,50000,0,20000,30000,0,25000,20000,0,10000
3786,50000,0,20000,30000,0,25000,20000,0,10000
3787,50000,0,20000,30000,0,25000,20000,0,10000
3788,50000,0,20000,30000,0,25000,20000,0,10000
3789,50000,0,20000,30000,0,25000,20000,0,10000
3790,50000,0,20000,30000,0,25000,20000,0,10000
3791,50000,0,20000,30000,0,25000,20000,0,10000
3792,50000,0,20000,30000,0,25000,20000,0,10000
3793,50000,0,20000,30000,0,25000,20000,0,10000
3794,50000,0,20000,30000,0,25000,20000,0,10000
3795,50000,0,20000,30000,0,25000,20000,0,10000
3796,50000,0,20000,30000,0,25000,20000,0,10000
3797,50000,0,20000,30000,0,25000,20000,0,10000
3798,50000,0,20000,30000,0,25000,20000,0,10000
3799,50000,0,20000,30000,0,25000,20000,0,10000
3800,50000,0,20000,30000,0,25000,20000,0,10000
3801,50000,0,20000,30000,0,25000,20000,0,10000
3802,50000,0,20000,30000,0,25000,20000,0,10000
3803,50000,0,20000,30000,0,25000,20000,0,10000
3804,50000,0,20000,30000,0,25000,20000,0,10000
3805,50000,0,20000,30000,0,25000,20000,0,10000
3806,50000,0,20000,30000,0,25000,20000,0,10000
3807,50000,0,20000,30000,0,25000,20000,0,10000
3808,50000,0,20000,30000,0,25000,20000,0,10000
3809,50000,0,20000,30000,0,25000,20000,0,10000
3810,50000,0,20000,30000,0,25000,20000,0,10000
3811,50000,0,20000,30000,0,25000,20000,0,10000
3812,50000,0,20000,30000,0,25000,20000,0,10000
3813,50000,0,20000,30000,0,25000,20000,0,10000
3814,50000,0,20000,30000,0,25000,20000,0,10000
3815,50000,0,20000,30000,0,25000,20000,0,10000
3816,50000,0,20000,30000,0,25000,20000,0,10000
3817,50000,0,20000,30000,0,25000,20000,0,10000
3818,50000,0,20000,30000,0,25000,20000,0,10000
3819,50000,0,20000,30000,0,25000,20000,0,10000
3820,50000,0,20000,30000,0,25000,20000,0,10000
3821,50000,0,20000,30000,0,25000,20000,0,10000
3822,50000,0,20000,30000,0,25000,20000,0,10000
3823,50000,0,20000,30000,0,25000,20000,0,10000
3824,50000,0,20000,30000,0,25000,20000,0,10000
3825,50000,0,20000,30000,0,25000,20000,0,10000
3826,50000,0,20000,30000,0,25000,20000,0,10000
3827,50000,0,20000,30000,0,25000,20000,0,10000
3828,50000,0,20000,30000,0,25000,20000,0,10000
3829,50000,0,20000,30000,0,25000,20000,0,10000
3830,50000,0,20000,30000,0,25000,20000,0,10000
3831,50000,0,20000,30000,0,25000,20000,0,10000
3832,50000,0,20000,30000,0,25000,20000,0,10000
3833,50000,0,20000,30000,0,25000,20000,0,10000
3834,50000,0,20000,30000,0,25000,20000,0,10000
3835,50000,0,20000,30000,0,25000,20000,0,10000
3836,50000,0,20000,30000,0,25000,20000,0,10000
3837,50000,0,20000,30000,0,25000,20000,0,10000
3838,50000,0,20000,30000,0,25000,20000,0,10000
3839,50000,0,20000,30000,0,25000,20000,0,10000
3840,50000,0,20000,30000,0,25000,20000,0,10000
3841,50000,0,20000,30000,0,25000,20000,0,10000
3842,50000,0,20000,30000,0,25000,20000,0,10000
3843,50000,0,20000,30000,0,25000,20000,0,10000
3844,50000,0,20000,30000,0,25000,20000,0,10000
3845,50000,0,20000,30000,0,25000,20000,0,10000
3846,50000,0,20000,30000,0,25000,20000,0,10000
3847,50000,0,20000,30000,0,25000,20000,0,10000
3848,50000,0,20000,30000,0,25000,20000,0,10000
3849,50000,0,20000,30000,0,25000,20000,0,10000
3850,50000,0,20000,30000,0,25000,20000,0,10000
3851,50000,0,20000,30000,0,25000,20000,0,10000
3852,50000,0,20000,30000,0,25000,20000,0,10000
3853,50000,0,20000,30000,0,25000,20000,0,10000
3854,50000,0,20000,30000,0,25000,20000,0,10000
3855,50000,0,20000,30000,0,25000,20000,0,10000
3856,50000,0,20000,30000,0,25000,20000,0,10000
3857,50000,0,20000,30000,0,25000,20000,0,10000
3858,50000,0,20000,30000,0,25000,20000,0,10000
3859,50000,0,20000,30000,0,25000,20000,0,10000
3860,50000,0,20000,30000,0,25000,20000,0,10000
3861,50000,0,20000,30000,0,25000,20000,0,10000
3862,50000,0,20000,30000,0,25000,20000,0,10000
3863,50000,0,20000,30000,0,25000,20000,0,10000
3864,50000,0,20000,30000,0,25000,20000,0,10000
3865,50000,0,20000,30000,0,25000,20000,0,10000
3866,50000,0,20000,30000,0,25000,20000,0,10000
3867,50000,0,20000,30000,0,25000,20000,0,10000
3868,50000,0,20000,30000,0,25000,20000,0,10000
3869,50000,0,20000,30000,0,25000,20000,0,10000
3870,50000,0,20000,30000,0,25000,20000,0,10000
3871,50000,0,20000,30000,0,25000,20000,0,10000
3872,50000,0,20000,30000,0,25000,20000,0,10000
3873,50000,0,20000,30000,0,25000,20000,0,10000
3874,50000,0,20000,30000,0,25000,20000,0,10000
3875,50000,0,20000,30000,0,25000,20000,0,10000
3876,50000,0,20000,30000,0,25000,20000,0,10000
3877,50000,0,20000,30000,0,25000,20000,0,10000
3878,50000,0,20000,30000,0,25000,20000,0,10000
3879,50000,0,20000,30000,0,25000,20000,0,10000
3880,50000,0,20000,30000,0,25000,20000,0,10000
3881,50000,0,20000,30000,0,25000,20000,0,10000
3882,50000,0,20000,30000,0,25000,20000,0,10000
3883,50000,0,20000,30000,0,25000,20000,0,10000
3884,50000,0,20000,30000,0,25000,20000,0,10000
3885,50000,0,20000,30000,0,25000,20000,0,10000
3886,50000,0,20000,30000,0,25000,20000,0,10000
3887,50000,0,20000,30000,0,25000,20000,0,10000
3888,50000,0,20000,30000,0,25000,20000,0,10000
3889,50000,0,20000,30000,0,25000,20000,0,10000
3890,50000,0,20000,30000,0,25000,20000,0,10000
3891,50000,0,20000,30000,0,25000,20000,0,10000
3892,50000,0,20000,30000,0,25000,20000,0,10000
3893,50000,0,20000,30000,0,25000,20000,0,10000
3894,50000,0,20000,30000,0,25000,20000,0,10000
3895,50000,0,20000,30000,0,25000,20000,0,10000
3896,50000,0,20000,30000,0,25000,20000,0,10000
3897,50000,0,20000,30000,0,25000,20000,0,10000
3898,50000,0,20000,30000,0,25000,20000,0,10000
3899,50000,0,20000,30000,0,25000,20000,0,10000
3900,50000,0,20000,30000,0,25000,20000,0,10000
3901,50000,0,20000,30000,0,25000,20000,0,10000
3902,50000,0,20000,30000,0,25000,20000,0,10000
3903,50000,0,20000,30000,0,25000,20000,0,10000
3904,50000,0,20000,30000,0,25000,20000,0,10000
3905,50000,0,20000,30000,0,25000,20000,0,10000
3906,50000,0,20000,30000,0,25000,20000,0,10000
3907,50000,0,20000,30000,0,25000,20000,0,10000
3908,50000,0,20000,30000,0,25000,20000,0,10000
3909,50000,0,20000,30000,0,25000,20000,0,10000
3910,50000,0,20000,30000,0,25000,20000,0,10000
3911,50000,0,20000,30000,0,25000,20000,0,10000
3912,50000,0,20000,30000,0,25000,20000,0,10000
3913,50000,0,20000,30000,0,25000,20000,0,10000
3914,50000,0,20000,30000,0,25000,20000,0,10000
3915,50000,0,20000,30000,0,25000,20000,0,10000
3916,50000,0,20000,30000,0,25000,20000,0,10000
3917,50000,0,20000,30000,0,25000,20000,0,10000
3918,50000,0,20000,30000,0,25000,20000,0,10000
3919,50000,0,20000,30000,0,25000,20000,0,10000
3920,50000,0,20000,30000,0,25000,20000,0,10000
3921,50000,0,20000,30000,0,25000,20000,0,10000
3922,50000,0,20000,30000,0,25000,20000,0,10000
3923,50000,0,20000,30000,0,25000,20000,0,10000
3924,50000,0,20000,30000,0,25000,20000,0,10000
3925,50000,0,20000,30000,0,25000,20000,0,10000
3926,50000,0,20000,30000,0,25000,20000,0,10000
3927,50000,0,20000,30000,0,25000,20000,0,10000
3928,50000,0,20000,30000,0,25000,20000,0,10000
3929,50000,0,20000,30000,0,25000,20000,0,10000
3930,50000,0,20000,30000,0,25000,20000,0,10000
3931,50000,0,20000,30000,0,25000,20000,0,10000
3932,50000,0,20000,30000,0,25000,20000,0,10000
3933,50000,0,20000,30000,0,25000,20000,0,10000
3934,50000,0,20000,30000,0,25000,20000,0,10000
3935,50000,0,20000,30000,0,25000,20000,0,10000
3936,50000,0,20000,30000,0,25000,20000,0,10000
3937,50000,0,20000,30000,0,25000,20000,0,10000
3938,50000,0,20000,30000,0,25000,20000,0,10000
3939,50000,0,20000,30000,0,25000,20000,0,10000
3940,50000,0,20000,30000,0,25000,20000,0,10000
3941,50000,0,20000,30000,0,25000,20000,0,10000
3942,50000,0,20000,30000,0,25000,20000,0,10000
3943,50000,0,20000,30000,0,25000,20000,0,10000
3944,50000,0,20000,30000,0,25000,20000,0,10000
3945,50000,0,20000,30000,0,25000,20000,0,10000
3946,50000,0,20000,30000,0,25000,20000,0,10000
3947,50000,0,20000,30000,0,25000,20000,0,10000
3948,50000,0,20000,30000,0,25000,20000,0,10000
3949,50000,0,20000,30000,0,25000,20000,0,10000
3950,50000,0,20000,30000,0,25000,20000,0,10000
3951,50000,0,20000,30000,0,25000,20000,0,10000
3952,50000,0,20000,30000,0,25000,20000,0,10000
3953,50000,0,20000,30000,0,25000,20000,0,10000
3954,50000,0,20000,30000,0,25000,20000,0,10000
3955,50000,0,20000,30000,0,25000,20000,0,10000
3956,50000,0,20000,30000,0,25000,20000,0,10000
3957,50000,0,20000,30000,0,25000,20000,0,10000
3958,50000,0,20000,30000,0,25000,20000,0,10000
3959,50000,0,20000,30000,0,25000,20000,0,10000
3960,50000,0,20000,30000,0,25000,20000,0,10000
3961,50000,0,20000,30000,0,25000,20000,0,10000
3962,50000,0,20000,30000,0,25000,20000,0,10000
3963,50000,0,20000,30000,0,25000,20000,0,10000
3964,50000,0,20000,30000,0,25000,20000,0,10000
3965,50000,0,20000,30000,0,25000,20000,0,10000
3966,50000,0,20000,30000,0,25000,20000,0,10000
3967,50000,0,20000,30000,0,25000,20000,0,10000
3968,50000,0,20000,30000,0,25000,20000,0,10000
3969,50000,0,20000,30000,0,25000,20000,0,10000
3970,50000,0,20000,30000,0,25000,20000,0,10000
3971,50000,0,20000,30000,0,25000,20000,0,10000
3972,50000,0,20000,30000,0,25000,20000,0,10000
3973,50000,0,20000,30000,0,25000,20000,0,10000
3974,50000,0,20000,30000,0,25000,20000,0,10000
3975,50000,0,20000,30000,0,25000,20000,0,10000
3976,50000,0,20000,30000,0,25000,20000,0,10000
3977,50000,0,20000,30000,0,25000,20000,0,10000
3978,50000,0,20000,30000,0,25000,20000,0,10000
3979,50000,0,20000,30000,0,25000,20000,0,10000
3980,50000,0,20000,30000,0,25000,20000,0,10000
3981,50000,0,20000,30000,0,25000,20000,0,10000
3982,50000,0,20000,30000,0,25000,20000,0,10000
3983,50000,0,20000,30000,0,25000,20000,0,10000
3984,50000,0,20000,30000,0,25000,20000,0,10000
3985,50000,0,20000,30000,0,25000,20000,0,10000
3986,50000,0,20000,30000,0,25000,20000,0,10000
3987,50000,0,20000,30000,0,25000,20000,0,10000
3988,50000,0,20000,30000,0,25000,20000,0,10000
3989,50000,0,20000,30000,0,25000,20000,0,10000
3990,50000,0,20000,30000,0,25000,20000,0,10000
3991,50000,0,20000,30000,0,25000,20000,0,10000
3992,50000,0,20000,30000,0,25000,20000,0,10000
3993,50000,0,20000,30000,0,25000,20000,0,10000
3994,50000,0,20000,30000,0,25000,20000,0,10000
3995,50000,0,20000,30000,0,25000,20000,0,10000
3996,50000,0,20000,30000,0,25000,20000,0,10000
3997,50000,0,20000,30000,0,25000,20000,0,10000
3998,50000,0,20000,30000,0,25000,20000,0,10000
3999,50000,0,20000,30000,0,25000,20000,0,10000
4000,50000,0,20000,30000,0,25000,20000,0,10000
4001,50000,0,20000,30000,0,25000,20000,0,10000
4002,50000,0,20000,30000,0,25000,20000,0,10000
4003,50000,0,20000,30000,0,25000,20000,0,10000
4004,50000,0,20000,30000,0,25000,20000,0,10000
4005,50000,0,20000,30000,0,25000,20000,0,10000
4006,50000,0,20000,30000,0,25000,20000,0,10000
4007,50000,0,20000,30000,0,25000,20000,0,10000
4008,50000,0,20000,30000,0,25000,20000,0,10000
4009,50000,0,20000,30000,0,25000,20000,0,10000
4010,50000,0,20000,30000,0,25000,20000,0,10000
4011,50000,0,20000,30000,0,25000,20000,0,10000
4012,50000,0,20000,30000,0,25000,20000,0,10000
4013,50000,0,20000,30000,0,25000,20000,0,10000
4014,50000,0,20000,30000,0,25000,20000,0,10000
4015,50000,0,20000,30000,0,25000,20000,0,10000
4016,50000,0,20000,30000,0,25000,20000,0,10000
4017,50000,0,20000,30000,0,25000,20000,0,10000
4018,50000,0,20000,30000,0,25000,20000,0,10000
4019,50000,0,20000,30000,0,25000,20000,0,10000
4020,50000,0,20000,30000,0,25000,20000,0,10000
4021,50000,0,20000,30000,0,25000,20000,0,10000
4022,50000,0,20000,30000,0,25000,20000,0,10000
4023,50000,0,20000,30000,0,25000,20000,0,10000
4024,50000,0,20000,30000,0,25000,20000,0,10000
4025,50000,0,20000,30000,0,25000,20000,0,10000
4026,50000,0,20000,30000,0,25000,20000,0,10000
4027,50000,0,20000,30000,0,25000,20000,0,10000
4028,50000,0,20000,30000,0,25000,20000,0,10000
4029,50000,0,20000,30000,0,25000,20000,0,10000
4030,50000,0,20000,30000,0,25000,20000,0,10000
4031,50000,0,20000,30000,0,25000,20000,0,10000
4032,50000,0,20000,30000,0,25000,20000,0,10000
4033,50000,0,20000,30000,0,25000,20000,0,10000
4034,50000,0,20000,30000,0,25000,20000,0,10000
4035,50000,0,20000,30000,0,25000,20000,0,10000
4036,50000,0,20000,30000,0,25000,20000,0,10000
4037,50000,0,20000,30000,0,25000,20000,0,10000
4038,50000,0,20000,30000,0,25000,20000,0,10000
4039,50000,0,20000,30000,0,25000,20000,0,10000
4040,50000,0,20000,30000,0,25000,20000,0,10000
4041,50000,0,20000,30000,0,25000,20000,0,10000
4042,50000,0,20000,30000,0,25000,20000,0,10000
4043,50000,0,20000,30000,0,25000,20000,0,10000
4044,50000,0,20000,30000,0,25000,20000,0,10000
4045,50000,0,20000,30000,0,25000,20000,0,10000
4046,50000,0,20000,30000,0,25000,20000,0,10000
4047,50000,0,20000,30000,0,25000,20000,0,10000
4048,50000,0,20000,30000,0,25000,20000,0,10000
4049,50000,0,20000,30000,0,25000,20000,0,10000
4050,50000,0,20000,30000,0,25000,20000,0,10000
4051,50000,0,20000,30000,0,25000,20000,0,10000
4052,50000,0,20000,30000,0,25000,20000,0,10000
4053,50000,0,20000,30000,0,25000,20000,0,10000
4054,50000,0,20000,30000,0,25000,20000,0,10000
4055,50000,0,20000,30000,0,25000,20000,0,10000
4056,50000,0,20000,30000,0,25000,20000,0,10000
4057,50000,0,20000,30000,0,25000,20000,0,10000
4058,50000,0,20000,30000,0,25000,20000,0,10000
4059,50000,0,20000,30000,0,25000,20000,0,10000
4060,50000,0,20000,30000,0,25000,20000,0,10000
4061,50000,0,20000,30000,0,25000,20000,0,10000
4062,50000,0,20000,30000,0,25000,20000,0,10000
4063,50000,0,20000,30000,0,25000,20000,0,10000
4064,50000,0,20000,30000,0,25000,20000,0,10000
4065,50000,0,20000,30000,0,25000,20000,0,10000
4066,50000,0,20000,30000,0,25000,20000,0,10000
4067,50000,0,20000,30000,0,25000,20000,0,10000
4068,50000,0,20000,30000,0,25000,20000,0,10000
4069,50000,0,20000,30000,0,25000,20000,0,10000
4070,50000,0,20000,30000,0,25000,20000,0,10000
4071,50000,0,20000,30000,0,25000,20000,0,10000
4072,50000,0,20000,30000,0,25000,20000,0,10000
4073,50000,0,20000,30000,0,25000,20000,0,10000
4074,50000,0,20000,30000,0,25000,20000,0,10000
4075,50000,0,20000,30000,0,25000,20000,0,10000
4076,50000,0,20000,30000,0,25000,20000,0,10000
4077,50000,0,20000,30000,0,25000,20000,0,10000
4078,50000,0,20000,30000,0,25000,20000,0,10000
4079,50000,0,20000,30000,0,25000,20000,0,10000
4080,50000,0,20000,30000,0,25000,20000,0,10000
4081,50000,0,20000,30000,0,25000,20000,0,10000
4082,50000,0,20000,30000,0,25000,20000,0,10000
4083,50000,0,20000,30000,0,25000,20000,0,10000
4084,50000,0,20000,30000,0,25000,20000,0,10000
4085,50000,0,20000,30000,0,25000,20000,0,10000
4086,50000,0,20000,30000,0,25000,20000,0,10000
4087,50000,0,20000,30000,0,25000,20000,0,10000
4088,50000,0,20000,30000,0,25000,20000,0,10000
4089,50000,0,20000,30000,0,25000,20000,0,10000
4090,50000,0,20000,30000,0,25000,20000,0,10000
4091,50000,0,20000,30000,0,25000,20000,0,10000
4092,50000,0,20000,30000,0,25000,20000,0,10000
4093,50000,0,20000,30000,0,25000,20000,0,10000
4094,50000,0,20000,30000,0,25000,20000,0,10000
4095,50000,0,20000,30000,0,25000,20000,0,10000
4096,50000,0,20000,30000,0,25000,20000,0,10000
4097,50000,0,20000,30000,0,25000,20000,0,10000
4098,50000,0,20000,30000,0,25000,20000,0,10000
4099,50000,0,20000,30000,0,25000,20000,0,10000
4100,50000,0,20000,30000,0,25000,20000,0,10000
4101,50000,0,20000,30000,0,25000,20000,0,10000
4102,50000,0,20000,30000,0,25000,20000,0,10000
4103,50000,0,20000,30000,0,25000,20000,0,10000
4104,50000,0,20000,30000,0,25000,20000,0,10000
4105,50000,0,20000,30000,0,25000,20000,0,10000
4106,50000,0,20000,30000,0,25000,20000,0,10000
4107,50000,0,20000,30000,0,25000,20000,0,10000
4108,50000,0,20000,30000,0,25000,20000,0,10000
4109,50000,0,20000,30000,0,25000,20000,0,10000
4110,50000,0,20000,30000,0,25000,20000,0,10000
4111,50000,0,20000,30000,0,25000,20000,0,10000
4112,50000,0,20000,30000,0,25000,20000,0,10000
4113,50000,0,20000,30000,0,25000,20000,0,10000
4114,50000,0,20000,30000,0,25000,20000,0,10000
4115,50000,0,20000,30000,0,25000,20000,0,10000
4116,50000,0,20000,30000,0,25000,20000,0,10000
4117,50000,0,20000,30000,0,25000,20000,0,10000
4118,50000,0,20000,30000,0,25000,20000,0,10000
4119,50000,0,20000,30000,0,25000,20000,0,10000
4120,50000,0,20000,30000,0,25000,20000,0,10000
4121,50000,0,20000,30000,0,25000,20000,0,10000
4122,50000,0,20000,30000,0,25000,20000,0,10000
4123,50000,0,20000,30000,0,25000,20000,0,10000
4124,50000,0,20000,30000,0,25000,20000,0,10000
4125,50000,0,20000,30000,0,25000,20000,0,10000
4126,50000,0,20000,30000,0,25000,20000,0,10000
4127,50000,0,20000,30000,0,25000,20000,0,10000
4128,50000,0,20000,30000,0,25000,20000,0,10000
4129,50000,0,20000,30000,0,25000,20000,0,10000
4130,50000,0,20000,30000,0,25000,20000,0,10000
4131,50000,0,20000,30000,0,25000,20000,0,10000
4132,50000,0,20000,30000,0,25000,20000,0,10000
4133,50000,0,20000,30000,0,25000,20000,0,10000
4134,50000,0,20000,30000,0,25000,20000,0,10000
4135,50000,0,20000,30000,0,25000,20000,0,10000
4136,50000,0,20000,30000,0,25000,20000,0,10000
4137,50000,0,20000,30000,0,25000,20000,0,10000
4138,50000,0,20000,30000,0,25000,20000,0,10000
4139,50000,0,20000,30000,0,25000,20000,0,10000
4140,50000,0,20000,30000,0,25000,20000,0,10000
4141,50000,0,20000,30000,0,25000,20000,0,10000
4142,50000,0,20000,30000,0,25000,20000,0,10000
4143,50000,0,20000,30000,0,25000,20000,0,10000
4144,50000,0,20000,30000,0,25000,20000,0,10000
4145,50000,0,20000,30000,0,25000,20000,0,10000
4146,50000,0,20000,30000,0,25000,20000,0,10000
4147,50000,0,20000,30000,0,25000,20000,0,10000
4148,50000,0,20000,30000,0,25000,20000,0,10000
4149,50000,0,20000,30000,0,25000,20000,0,10000
4150,50000,0,20000,30000,0,25000,20000,0,10000
4151,50000,0,20000,30000,0,25000,20000,0,10000
4152,50000,0,20000,30000,0,25000,20000,0,10000
4153,50000,0,20000,30000,0,25000,20000,0,10000
4154,50000,0,20000,30000,0,25000,20000,0,10000
4155,50000,0,20000,30000,0,25000,20000,0,10000
4156,50000,0,20000,30000,0,25000,20000,0,10000
4157,50000,0,20000,30000,0,25000,20000,0,10000
4158,50000,0,20000,30000,0,25000,20000,0,10000
4159,50000,0,20000,30000,0,25000,20000,0,10000
4160,50000,0,20000,30000,0,25000,20000,0,10000
4161,50000,0,20000,30000,0,25000,20000,0,10000
4162,50000,0,20000,30000,0,25000,20000,0,10000
4163,50000,0,20000,30000,0,25000,20000,0,10000
4164,50000,0,20000,30000,0,25000,20000,0,10000
4165,50000,0,20000,30000,0,25000,20000,0,10000
4166,50000,0,20000,30000,0,25000,20000,0,10000
4167,50000,0,20000,30000,0,25000,20000,0,10000
4168,50000,0,20000,30000,0,25000,20000,0,10000
4169,50000,0,20000,30000,0,25000,20000,0,10000
4170,50000,0,20000,30000,0,25000,20000,0,10000
4171,50000,0,20000,30000,0,25000,20000,0,10000
4172,50000,0,20000,30000,0,25000,20000,0,10000
4173,50000,0,20000,30000,0,25000,20000,0,10000
4174,50000,0,20000,30000,0,25000,20000,0,10000
4175,50000,0,20000,30000,0,25000,20000,0,10000
4176,50000,0,20000,30000,0,25000,20000,0,10000
4177,50000,0,20000,30000,0,25000,20000,0,10000
4178,50000,0,20000,30000,0,25000,20000,0,10000
4179,50000,0,20000,30000,0,25000,20000,0,10000
4180,50000,0,20000,30000,0,25000,20000,0,10000
4181,50000,0,20000,30000,0,25000,20000,0,10000
4182,50000,0,20000,30000,0,25000,20000,0,10000
4183,50000,0,20000,30000,0,25000,20000,0,10000
4184,50000,0,20000,30000,0,25000,20000,0,10000
4185,50000,0,20000,30000,0,25000,20000,0,10000
4186,50000,0,20000,30000,0,25000,20000,0,10000
4187,50000,0,20000,30000,0,25000,20000,0,10000
4188,50000,0,20000,30000,0,25000,20000,0,10000
4189,50000,0,20000,30000,0,25000,20000,0,10000
4190,50000,0,20000,30000,0,25000,20000,0,10000
4191,50000,0,20000,30000,0,25000,20000,0,10000
4192,50000,0,20000,30000,0,25000,20000,0,10000
4193,50000,0,20000,30000,0,25000,20000,0,10000
4194,50000,0,20000,30000,0,25000,20000,0,10000
4195,50000,0,20000,30000,0,25000,20000,0,10000
4196,50000,0,20000,30000,0,25000,20000,0,10000
4197,50000,0,20000,30000,0,25000,20000,0,10000
4198,50000,0,20000,30000,0,25000,20000,0,10000
4199,50000,0,20000,30000,0,25000,20000,0,10000
4200,50000,0,20000,30000,0,25000,20000,0,10000
4201,50000,0,20000,30000,0,25000,20000,0,10000
4202,50000,0,20000,30000,0,25000,20000,0,10000
4203,50000,0,20000,30000,0,25000,20000,0,10000
4204,50000,0,20000,30000,0,25000,20000,0,10000
4205,50000,0,20000,30000,0,25000,20000,0,10000
4206,50000,0,20000,30000,0,25000,20000,0,10000
4207,50000,0,20000,30000,0,25000,20000,0,10000
4208,50000,0,20000,30000,0,25000,20000,0,10000
4209,50000,0,20000,30000,0,25000,20000,0,10000
4210,50000,0,20000,30000,0,25000,20000,0,10000
4211,50000,0,20000,30000,0,25000,20000,0,10000
4212,50000,0,20000,30000,0,25000,20000,0,10000
4213,50000,0,20000,30000,0,25000,20000,0,10000
4214,50000,0,20000,30000,0,25000,20000,0,10000
4215,50000,0,20000,30000,0,25000,20000,0,10000
4216,50000,0,20000,30000,0,25000,20000,0,10000
4217,50000,0,20000,30000,0,25000,20000,0,10000
4218,50000,0,20000,30000,0,25000,20000,0,10000
4219,50000,0,20000,30000,0,25000,20000,0,10000
4220,50000,0,20000,30000,0,25000,20000,0,10000
4221,50000,0,20000,30000,0,25000,20000,0,10000
4222,50000,0,20000,30000,0,25000,20000,0,10000
4223,50000,0,20000,30000,0,25000,20000,0,10000
4224,50000,0,20000,30000,0,25000,20000,0,10000
4225,50000,0,20000,30000,0,25000,20000,0,10000
4226,50000,0,20000,30000,0,25000,20000,0,10000
4227,50000,0,20000,30000,0,25000,20000,0,10000
4228,50000,0,20000,30000,0,25000,20000,0,10000
4229,50000,0,20000,30000,0,25000,20000,0,10000
4230,50000,0,20000,30000,0,25000,20000,0,10000
4231,50000,0,20000,30000,0,25000,20000,0,10000
4232,50000,0,20000,30000,0,25000,20000,0,10000
4233,50000,0,20000,30000,0,25000,20000,0,10000
4234,50000,0,20000,30000,0,25000,20000,0,10000
4235,50000,0,20000,30000,0,25000,20000,0,10000
4236,50000,0,20000,30000,0,25000,20000,0,10000
4237,50000,0,20000,30000,0,25000,20000,0,10000
4238,50000,0,20000,30000,0,25000,20000,0,10000
4239,50000,0,20000,30000,0,25000,20000,0,10000
4240,50000,0,20000,30000,0,25000,20000,0,10000
4241,50000,0,20000,30000,0,25000,20000,0,10000
4242,50000,0,20000,30000,0,25000,20000,0,10000
4243,50000,0,20000,30000,0,25000,20000,0,10000
4244,50000,0,20000,30000,0,25000,20000,0,10000
4245,50000,0,20000,30000,0,25000,20000,0,10000
4246,50000,0,20000,30000,0,25000,20000,0,10000
4247,50000,0,20000,30000,0,25000,20000,0,10000
4248,50000,0,20000,30000,0,25000,20000,0,10000
4249,50000,0,20000,30000,0,25000,20000,0,10000
4250,50000,0,20000,30000,0,25000,20000,0,10000
4251,50000,0,20000,30000,0,25000,20000,0,10000
4252,50000,0,20000,30000,0,25000,20000,0,10000
4253,50000,0,20000,30000,0,25000,20000,0,10000
4254,50000,0,20000,30000,0,25000,20000,0,10000
4255,50000,0,20000,30000,0,25000,20000,0,10000
4256,50000,0,20000,30000,0,25000,20000,0,10000
4257,50000,0,20000,30000,0,25000,20000,0,10000
4258,50000,0,20000,30000,0,25000,20000,0,10000
4259,50000,0,20000,30000,0,25000,20000,0,10000
4260,50000,0,20000,30000,0,25000,20000,0,10000
4261,50000,0,20000,30000,0,25000,20000,0,10000
4262,50000,0,20000,30000,0,25000,20000,0,10000
4263,50000,0,20000,30000,0,25000,20000,0,10000
4264,50000,0,20000,30000,0,25000,20000,0,10000
4265,50000,0,20000,30000,0,25000,20000,0,10000
4266,50000,0,20000,30000,0,25000,20000,0,10000
4267,50000,0,20000,30000,0,25000,20000,0,10000
4268,50000,0,20000,30000,0,25000,20000,0,10000
4269,50000,0,20000,30000,0,25000,20000,0,10000
4270,50000,0,20000,30000,0,25000,20000,0,10000
4271,50000,0,20000,30000,0,25000,20000,0,10000
4272,50000,0,20000,30000,0,25000,20000,0,10000
4273,50000,0,20000,30000,0,25000,20000,0,10000
4274,50000,0,20000,30000,0,25000,20000,0,10000
4275,50000,0,20000,30000,0,25000,20000,0,10000
4276,50000,0,20000,30000,0,25000,20000,0,10000
4277,50000,0,20000,30000,0,25000,20000,0,10000
4278,50000,0,20000,30000,0,25000,20000,0,10000
4279,50000,0,20000,30000,0,25000,20000,0,10000
4280,50000,0,20000,30000,0,25000,20000,0,10000
4281,50000,0,20000,30000,0,25000,20000,0,10000
4282,50000,0,20000,30000,0,25000,20000,0,10000
4283,50000,0,20000,30000,0,25000,20000,0,10000
4284,50000,0,20000,30000,0,25000,20000,0,10000
4285,50000,0,20000,30000,0,25000,20000,0,10000
4286,50000,0,20000,30000,0,25000,20000,0,10000
4287,50000,0,20000,30000,0,25000,20000,0,10000
4288,50000,0,20000,30000,0,25000,20000,0,10000
4289,50000,0,20000,30000,0,25000,20000,0,10000
4290,50000,0,20000,30000,0,25000,20000,0,10000
4291,50000,0,20000,30000,0,25000,20000,0,10000
4292,50000,0,20000,30000,0,25000,20000,0,10000
4293,50000,0,20000,30000,0,25000,20000,0,10000
4294,50000,0,20000,30000,0,25000,20000,0,10000
4295,50000,0,20000,30000,0,25000,20000,0,10000
4296,50000,0,20000,30000,0,25000,20000,0,10000
4297,50000,0,20000,30000,0,25000,20000,0,10000
4298,50000,0,20000,30000,0,25000,20000,0,10000
4299,50000,0,20000,30000,0,25000,20000,0,10000
4300,50000,0,20000,30000,0,25000,20000,0,10000
4301,50000,0,20000,30000,0,25000,20000,0,10000
4302,50000,0,20000,30000,0,25000,20000,0,10000
4303,50000,0,20000,30000,0,25000,20000,0,10000
4304,50000,0,20000,30000,0,25000,20000,0,10000
4305,50000,0,20000,30000,0,25000,20000,0,10000
4306,50000,0,20000,30000,0,25000,20000,0,10000
4307,50000,0,20000,30000,0,25000,20000,0,10000
4308,50000,0,20000,30000,0,25000,20000,0,10000
4309,50000,0,20000,30000,0,25000,20000,0,10000
4310,50000,0,20000,30000,0,25000,20000,0,10000
4311,50000,0,20000,30000,0,25000,20000,0,10000
4312,50000,0,20000,30000,0,25000,20000,0,10000
4313,50000,0,20000,30000,0,25000,20000,0,10000
4314,50000,0,20000,30000,0,25000,20000,0,10000
4315,50000,0,20000,30000,0,25000,20000,0,10000
4316,50000,0,20000,30000,0,25000,20000,0,10000
4317,50000,0,20000,30000,0,25000,20000,0,10000
4318,50000,0,20000,30000,0,25000,20000,0,10000
4319,50000,0,20000,30000,0,25000,20000,0,10000
4320,50000,0,20000,30000,0,25000,20000,0,10000
4321,50000,0,20000,30000,0,25000,20000,0,10000
4322,50000,0,20000,30000,0,25000,20000,0,10000
4323,50000,0,20000,30000,0,25000,20000,0,10000
4324,50000,0,20000,30000,0,25000,20000,0,10000
4325,50000,0,20000,30000,0,25000,20000,0,10000
4326,50000,0,20000,30000,0,25000,20000,0,10000
4327,50000,0,20000,30000,0,25000,20000,0,10000
4328,50000,0,20000,30000,0,25000,20000,0,10000
4329,50000,0,20000,30000,0,25000,20000,0,10000
4330,50000,0,20000,30000,0,25000,20000,0,10000
4331,50000,0,20000,30000,0,25000,20000,0,10000
4332,50000,0,20000,30000,0,25000,20000,0,10000
4333,50000,0,20000,30000,0,25000,20000,0,10000
4334,50000,0,20000,30000,0,25000,20000,0,10000
4335,50000,0,20000,30000,0,25000,20000,0,10000
4336,50000,0,20000,30000,0,25000,20000,0,10000
4337,50000,0,20000,30000,0,25000,20000,0,10000
4338,50000,0,20000,30000,0,25000,20000,0,10000
4339,50000,0,20000,30000,0,25000,20000,0,10000
4340,50000,0,20000,30000,0,25000,20000,0,10000
4341,50000,0,20000,30000,0,25000,20000,0,10000
4342,50000,0,20000,30000,0,25000,20000,0,10000
4343,50000,0,20000,30000,0,25000,20000,0,10000
4344,50000,0,20000,30000,0,25000,20000,0,10000
4345,50000,0,20000,30000,0,25000,20000,0,10000
4346,50000,0,20000,30000,0,25000,20000,0,10000
4347,50000,0,20000,30000,0,25000,20000,0,10000
4348,50000,0,20000,30000,0,25000,20000,0,10000
4349,50000,0,20000,30000,0,25000,20000,0,10000
4350,50000,0,20000,30000,0,25000,20000,0,10000
4351,50000,0,20000,30000,0,25000,20000,0,10000
4352,50000,0,20000,30000,0,25000,20000,0,10000
4353,50000,0,20000,30000,0,25000,20000,0,10000
4354,50000,0,20000,30000,0,25000,20000,0,10000
4355,50000,0,20000,30000,0,25000,20000,0,10000
4356,50000,0,20000,30000,0,25000,20000,0,10000
4357,50000,0,20000,30000,0,25000,20000,0,10000
4358,50000,0,20000,30000,0,25000,20000,0,10000
4359,50000,0,20000,30000,0,25000,20000,0,10000
4360,50000,0,20000,30000,0,25000,20000,0,10000
4361,50000,0,20000,30000,0,25000,20000,0,10000
4362,50000,0,20000,30000,0,25000,20000,0,10000
4363,50000,0,20000,30000,0,25000,20000,0,10000
4364,50000,0,20000,30000,0,25000,20000,0,10000
4365,50000,0,20000,30000,0,25000,20000,0,10000
4366,50000,0,20000,30000,0,25000,20000,0,10000
4367,50000,0,20000,30000,0,25000,20000,0,10000
4368,50000,0,20000,30000,0,25000,20000,0,10000
4369,50000,0,20000,30000,0,25000,20000,0,10000
4370,50000,0,20000,30000,0,25000,20000,0,10000
4371,50000,0,20000,30000,0,25000,20000,0,10000
4372,50000,0,20000,30000,0,25000,20000,0,10000
4373,50000,0,20000,30000,0,25000,20000,0,10000
4374,50000,0,20000,30000,0,25000,20000,0,10000
4375,50000,0,20000,30000,0,25000,20000,0,10000
4376,50000,0,20000,30000,0,25000,20000,0,10000
4377,50000,0,20000,30000,0,25000,20000,0,10000
4378,50000,0,20000,30000,0,25000,20000,0,10000
4379,50000,0,20000,30000,0,25000,20000,0,10000
4380,50000,0,20000,30000,0,25000,20000,0,10000
4381,50000,0,20000,30000,0,25000,20000,0,10000
4382,50000,0,20000,30000,0,25000,20000,0,10000
4383,50000,0,20000,30000,0,25000,20000,0,10000
4384,50000,0,20000,30000,0,25000,20000,0,10000
4385,50000,0,20000,30000,0,25000,20000,0,10000
4386,50000,0,20000,30000,0,25000,20000,0,10000
4387,50000,0,20000,30000,0,25000,20000,0,10000
4388,50000,0,20000,30000,0,25000,20000,0,10000
4389,50000,0,20000,30000,0,25000,20000,0,10000
4390,50000,0,20000,30000,0,25000,20000,0,10000
4391,50000,0,20000,30000,0,25000,20000,0,10000
4392,50000,0,20000,30000,0,25000,20000,0,10000
4393,50000,0,20000,30000,0,25000,20000,0,10000
4394,50000,0,20000,30000,0,25000,20000,0,10000
4395,50000,0,20000,30000,0,25000,20000,0,10000
4396,50000,0,20000,30000,0,25000,20000,0,10000
4397,50000,0,20000,30000,0,25000,20000,0,10000
4398,50000,0,20000,30000,0,25000,20000,0,10000
4399,50000,0,20000,30000,0,25000,20000,0,10000
4400,50000,0,20000,30000,0,25000,20000,0,10000
4401,50000,0,20000,30000,0,25000,20000,0,10000
4402,50000,0,20000,30000,0,25000,20000,0,10000
4403,50000,0,20000,30000,0,25000,20000,0,10000
4404,50000,0,20000,30000,0,25000,20000,0,10000
4405,50000,0,20000,30000,0,25000,20000,0,10000
4406,50000,0,20000,30000,0,25000,20000,0,10000
4407,50000,0,20000,30000,0,25000,20000,0,10000
4408,50000,0,20000,30000,0,25000,20000,0,10000
4409,50000,0,20000,30000,0,25000,20000,0,10000
4410,50000,0,20000,30000,0,25000,20000,0,10000
4411,50000,0,20000,30000,0,25000,20000,0,10000
4412,50000,0,20000,30000,0,25000,20000,0,10000
4413,50000,0,20000,30000,0,25000,20000,0,10000
4414,50000,0,20000,30000,0,25000,20000,0,10000
4415,50000,0,20000,30000,0,25000,20000,0,10000
4416,50000,0,20000,30000,0,25000,20000,0,10000
4417,50000,0,20000,30000,0,25000,20000,0,10000
4418,50000,0,20000,30000,0,25000,20000,0,10000
4419,50000,0,20000,30000,0,25000,20000,0,10000
4420,50000,0,20000,30000,0,25000,20000,0,10000
4421,50000,0,20000,30000,0,25000,20000,0,10000
4422,50000,0,20000,30000,0,25000,20000,0,10000
4423,50000,0,20000,30000,0,25000,20000,0,10000
4424,50000,0,20000,30000,0,25000,20000,0,10000
4425,50000,0,20000,30000,0,25000,20000,0,10000
4426,50000,0,20000,30000,0,25000,20000,0,10000
4427,50000,0,20000,30000,0,25000,20000,0,10000
4428,50000,0,20000,30000,0,25000,20000,0,10000
4429,50000,0,20000,30000,0,25000,20000,0,10000
4430,50000,0,20000,30000,0,25000,20000,0,10000
4431,50000,0,20000,30000,0,25000,20000,0,10000
4432,50000,0,20000,30000,0,25000,20000,0,10000
4433,50000,0,20000,30000,0,25000,20000,0,10000
4434,50000,0,20000,30000,0,25000,20000,0,10000
4435,50000,0,20000,30000,0,25000,20000,0,10000
4436,50000,0,20000,30000,0,25000,20000,0,10000
4437,50000,0,20000,30000,0,25000,20000,0,10000
4438,50000,0,20000,30000,0,25000,20000,0,10000
4439,50000,0,20000,30000,0,25000,20000,0,10000
4440,50000,0,20000,30000,0,25000,20000,0,10000
4441,50000,0,20000,30000,0,25000,20000,0,10000
4442,50000,0,20000,30000,0,25000,20000,0,10000
4443,50000,0,20000,30000,0,25000,20000,0,10000
4444,50000,0,20000,30000,0,25000,20000,0,10000
4445,50000,0,20000,30000,0,25000,20000,0,10000
4446,50000,0,20000,30000,0,25000,20000,0,10000
4447,50000,0,20000,30000,0,25000,20000,0,10000
4448,50000,0,20000,30000,0,25000,20000,0,10000
4449,50000,0,20000,30000,0,25000,20000,0,10000
4450,50000,0,20000,30000,0,25000,20000,0,10000
4451,50000,0,20000,30000,0,25000,20000,0,10000
4452,50000,0,20000,30000,0,25000,20000,0,10000
4453,50000,0,20000,30000,0,25000,20000,0,10000
4454,50000,0,20000,30000,0,25000,20000,0,10000
4455,50000,0,20000,30000,0,25000,20000,0,10000
4456,50000,0,20000,30000,0,25000,20000,0,10000
4457,50000,0,20000,30000,0,25000,20000,0,10000
4458,50000,0,20000,30000,0,25000,20000,0,10000
4459,50000,0,20000,30000,0,25000,20000,0,10000
4460,50000,0,20000,30000,0,25000,20000,0,10000
4461,50000,0,20000,30000,0,25000,20000,0,10000
4462,50000,0,20000,30000,0,25000,20000,0,10000
4463,50000,0,20000,30000,0,25000,20000,0,10000
4464,50000,0,20000,30000,0,25000,20000,0,10000
4465,50000,0,20000,30000,0,25000,20000,0,10000
4466,50000,0,20000,30000,0,25000,20000,0,10000
4467,50000,0,20000,30000,0,25000,20000,0,10000
4468,50000,0,20000,30000,0,25000,20000,0,10000
4469,50000,0,20000,30000,0,25000,20000,0,10000
4470,50000,0,20000,30000,0,25000,20000,0,10000
4471,50000,0,20000,30000,0,25000,20000,0,10000
4472,50000,0,20000,30000,0,25000,20000,0,10000
4473,50000,0,20000,30000,0,25000,20000,0,10000
4474,50000,0,20000,30000,0,25000,20000,0,10000
4475,50000,0,20000,30000,0,25000,20000,0,10000
4476,50000,0,20000,30000,0,25000,20000,0,10000
4477,50000,0,20000,30000,0,25000,20000,0,10000
4478,50000,0,20000,30000,0,25000,20000,0,10000
4479,50000,0,20000,30000,0,25000,20000,0,10000
4480,50000,0,20000,30000,0,25000,20000,0,10000
4481,50000,0,20000,30000,0,25000,20000,0,10000
4482,50000,0,20000,30000,0,25000,20000,0,10000
4483,50000,0,20000,30000,0,25000,20000,0,10000
4484,50000,0,20000,30000,0,25000,20000,0,10000
4485,50000,0,20000,30000,0,25000,20000,0,10000
4486,50000,0,20000,30000,0,25000,20000,0,10000
4487,50000,0,20000,30000,0,25000,20000,0,10000
4488,50000,0,20000,30000,0,25000,20000,0,10000
4489,50000,0,20000,30000,0,25000,20000,0,10000
4490,50000,0,20000,30000,0,25000,20000,0,10000
4491,50000,0,20000,30000,0,25000,20000,0,10000
4492,50000,0,20000,30000,0,25000,20000,0,10000
4493,50000,0,20000,30000,0,25000,20000,0,10000
4494,50000,0,20000,30000,0,25000,20000,0,10000
4495,50000,0,20000,30000,0,25000,20000,0,10000
4496,50000,0,20000,30000,0,25000,20000,0,10000
4497,50000,0,20000,30000,0,25000,20000,0,10000
4498,50000,0,20000,30000,0,25000,20000,0,10000
4499,50000,0,20000,30000,0,25000,20000,0,10000
4500,50000,0,20000,30000,0,25000,20000,0,10000
4501,50000,0,20000,30000,0,25000,20000,0,10000
4502,50000,0,20000,30000,0,25000,20000,0,10000
4503,50000,0,20000,30000,0,25000,20000,0,10000
4504,50000,0,20000,30000,0,25000,20000,0,10000
4505,50000,0,20000,30000,0,25000,20000,0,10000
4506,50000,0,20000,30000,0,25000,20000,0,10000
4507,50000,0,20000,30000,0,25000,20000,0,10000
4508,50000,0,20000,30000,0,25000,20000,0,10000
4509,50000,0,20000,30000,0,25000,20000,0,10000
4510,50000,0,20000,30000,0,25000,20000,0,10000
4511,50000,0,20000,30000,0,25000,20000,0,10000
4512,50000,0,20000,30000,0,25000,20000,0,10000
4513,50000,0,20000,30000,0,25000,20000,0,10000
4514,50000,0,20000,30000,0,25000,20000,0,10000
4515,50000,0,20000,30000,0,25000,20000,0,10000
4516,50000,0,20000,30000,0,25000,20000,0,10000
4517,50000,0,20000,30000,0,25000,20000,0,10000
4518,50000,0,20000,30000,0,25000,20000,0,10000
4519,50000,0,20000,30000,0,25000,20000,0,10000
4520,50000,0,20000,30000,0,25000,20000,0,10000
4521,50000,0,20000,30000,0,25000,20000,0,10000
4522,50000,0,20000,30000,0,25000,20000,0,10000
4523,50000,0,20000,30000,0,25000,20000,0,10000
4524,50000,0,20000,30000,0,25000,20000,0,10000
4525,50000,0,20000,30000,0,25000,20000,0,10000
4526,50000,0,20000,30000,0,25000,20000,0,10000
4527,50000,0,20000,30000,0,25000,20000,0,10000
4528,50000,0,20000,30000,0,25000,20000,0,10000
4529,50000,0,20000,30000,0,25000,20000,0,10000
4530,50000,0,20000,30000,0,25000,20000,0,10000
4531,50000,0,20000,30000,0,25000,20000,0,10000
4532,50000,0,20000,30000,0,25000,20000,0,10000
4533,50000,0,20000,30000,0,25000,20000,0,10000
4534,50000,0,20000,30000,0,25000,20000,0,10000
4535,50000,0,20000,30000,0,25000,20000,0,10000
4536,50000,0,20000,30000,0,25000,20000,0,10000
4537,50000,0,20000,30000,0,25000,20000,0,10000
4538,50000,0,20000,30000,0,25000,20000,0,10000
4539,50000,0,20000,30000,0,25000,20000,0,10000
4540,50000,0,20000,30000,0,25000,20000,0,10000
4541,50000,0,20000,30000,0,25000,20000,0,10000
4542,50000,0,20000,30000,0,25000,20000,0,10000
4543,50000,0,20000,30000,0,25000,20000,0,10000
4544,50000,0,20000,30000,0,25000,20000,0,10000
4545,50000,0,20000,30000,0,25000,20000,0,10000
4546,50000,0,20000,30000,0,25000,20000,0,10000
4547,50000,0,20000,30000,0,25000,20000,0,10000
4548,50000,0,20000,30000,0,25000,20000,0,10000
4549,50000,0,20000,30000,0,25000,20000,0,10000
4550,50000,0,20000,30000,0,25000,20000,0,10000
4551,50000,0,20000,30000,0,25000,20000,0,10000
4552,50000,0,20000,30000,0,25000,20000,0,10000
4553,50000,0,20000,30000,0,25000,20000,0,10000
4554,50000,0,20000,30000,0,25000,20000,0,10000
4555,50000,0,20000,30000,0,25000,20000,0,10000
4556,50000,0,20000,30000,0,25000,20000,0,10000
4557,50000,0,20000,30000,0,25000,20000,0,10000
4558,50000,0,20000,30000,0,25000,20000,0,10000
4559,50000,0,20000,30000,0,25000,20000,0,10000
4560,50000,0,20000,30000,0,25000,20000,0,10000
4561,50000,0,20000,30000,0,25000,20000,0,10000
4562,50000,0,20000,30000,0,25000,20000,0,10000
4563,50000,0,20000,30000,0,25000,20000,0,10000
4564,50000,0,20000,30000,0,25000,20000,0,10000
4565,50000,0,20000,30000,0,25000,20000,0,10000
4566,50000,0,20000,30000,0,25000,20000,0,10000
4567,50000,0,20000,30000,0,25000,20000,0,10000
4568,50000,0,20000,30000,0,25000,20000,0,10000
4569,50000,0,20000,30000,0,25000,20000,0,10000
4570,50000,0,20000,30000,0,25000,20000,0,10000
4571,50000,0,20000,30000,0,25000,20000,0,10000
4572,50000,0,20000,30000,0,25000,20000,0,10000
4573,50000,0,20000,30000,0,25000,20000,0,10000
4574,50000,0,20000,30000,0,25000,20000,0,10000
4575,50000,0,20000,30000,0,25000,20000,0,10000
4576,50000,0,20000,30000,0,25000,20000,0,10000
4577,50000,0,20000,30000,0,25000,20000,0,10000
4578,50000,0,20000,30000,0,25000,20000,0,10000
4579,50000,0,20000,30000,0,25000,20000,0,10000
4580,50000,0,20000,30000,0,25000,20000,0,10000
4581,50000,0,20000,30000,0,25000,20000,0,10000
4582,50000,0,20000,30000,0,25000,20000,0,10000
4583,50000,0,20000,30000,0,25000,20000,0,10000
4584,50000,0,20000,30000,0,25000,20000,0,10000
4585,50000,0,20000,30000,0,25000,20000,0,10000
4586,50000,0,20000,30000,0,25000,20000,0,10000
4587,50000,0,20000,30000,0,25000,20000,0,10000
4588,50000,0,20000,30000,0,25000,20000,0,10000
4589,50000,0,20000,30000,0,25000,20000,0,10000
4590,50000,0,20000,30000,0,25000,20000,0,10000
4591,50000,0,20000,30000,0,25000,20000,0,10000
4592,50000,0,20000,30000,0,25000,20000,0,10000
4593,50000,0,20000,30000,0,25000,20000,0,10000
4594,50000,0,20000,30000,0,25000,20000,0,10000
4595,50000,0,20000,30000,0,25000,20000,0,10000
4596,50000,0,20000,30000,0,25000,20000,0,10000
4597,50000,0,20000,30000,0,25000,20000,0,10000
4598,50000,0,20000,30000,0,25000,20000,0,10000
4599,50000,0,20000,30000,0,25000,20000,0,10000
4600,50000,0,20000,30000,0,25000,20000,0,10000
4601,50000,0,20000,30000,0,25000,20000,0,10000
4602,50000,0,20000,30000,0,25000,20000,0,10000
4603,50000,0,20000,30000,0,25000,20000,0,10000
4604,50000,0,20000,30000,0,25000,20000,0,10000
4605,50000,0,20000,30000,0,25000,20000,0,10000
4606,50000,0,20000,30000,0,25000,20000,0,10000
4607,50000,0,20000,30000,0,25000,20000,0,10000
4608,50000,0,20000,30000,0,25000,20000,0,10000
4609,50000,0,20000,30000,0,25000,20000,0,10000
4610,50000,0,20000,30000,0,25000,20000,0,10000
4611,50000,0,20000,30000,0,25000,20000,0,10000
4612,50000,0,20000,30000,0,25000,20000,0,10000
4613,50000,0,20000,30000,0,25000,20000,0,10000
4614,50000,0,20000,30000,0,25000,20000,0,10000
4615,50000,0,20000,30000,0,25000,20000,0,10000
4616,50000,0,20000,30000,0,25000,20000,0,10000
4617,50000,0,20000,30000,0,25000,20000,0,10000
4618,50000,0,20000,30000,0,25000,20000,0,10000
4619,50000,0,20000,30000,0,25000,20000,0,10000
4620,50000,0,20000,30000,0,25000,20000,0,10000
4621,50000,0,20000,30000,0,25000,20000,0,10000
4622,50000,0,20000,30000,0,25000,20000,0,10000
4623,50000,0,20000,30000,0,25000,20000,0,10000
4624,50000,0,20000,30000,0,25000,20000,0,10000
4625,50000,0,20000,30000,0,25000,20000,0,10000
4626,50000,0,20000,30000,0,25000,20000,0,10000
4627,50000,0,20000,30000,0,25000,20000,0,10000
4628,50000,0,20000,30000,0,25000,20000,0,10000
4629,50000,0,20000,30000,0,25000,20000,0,10000
4630,50000,0,20000,30000,0,25000,20000,0,10000
4631,50000,0,20000,30000,0,25000,20000,0,10000
4632,50000,0,20000,30000,0,25000,20000,0,10000
4633,50000,0,20000,30000,0,25000,20000,0,10000
4634,50000,0,20000,30000,0,25000,20000,0,10000
4635,50000,0,20000,30000,0,25000,20000,0,10000
4636,50000,0,20000,30000,0,25000,20000,0,10000
4637,50000,0,20000,30000,0,25000,20000,0,10000
4638,50000,0,20000,30000,0,25000,20000,0,10000
4639,50000,0,20000,30000,0,25000,20000,0,10000
4640,50000,0,20000,30000,0,25000,20000,0,10000
4641,50000,0,20000,30000,0,25000,20000,0,10000
4642,50000,0,20000,30000,0,25000,20000,0,10000
4643,50000,0,20000,30000,0,25000,20000,0,10000
4644,50000,0,20000,30000,0,25000,20000,0,10000
4645,50000,0,20000,30000,0,25000,20000,0,10000
4646,50000,0,20000,30000,0,25000,20000,0,10000
4647,50000,0,20000,30000,0,25000,20000,0,10000
4648,50000,0,20000,30000,0,25000,20000,0,10000
4649,50000,0,20000,30000,0,25000,20000,0,10000
4650,50000,0,20000,30000,0,25000,20000,0,10000
4651,50000,0,20000,30000,0,25000,20000,0,10000
4652,50000,0,20000,30000,0,25000,20000,0,10000
4653,50000,0,20000,30000,0,25000,20000,0,10000
4654,50000,0,20000,30000,0,25000,20000,0,10000
4655,50000,0,20000,30000,0,25000,20000,0,10000
4656,50000,0,20000,30000,0,25000,20000,0,10000
4657,50000,0,20000,30000,0,25000,20000,0,10000
4658,50000,0,20000,30000,0,25000,20000,0,10000
4659,50000,0,20000,30000,0,25000,20000,0,10000
4660,50000,0,20000,30000,0,25000,20000,0,10000
4661,50000,0,20000,30000,0,25000,20000,0,10000
4662,50000,0,20000,30000,0,25000,20000,0,10000
4663,50000,0,20000,30000,0,25000,20000,0,10000
4664,50000,0,20000,30000,0,25000,20000,0,10000
4665,50000,0,20000,30000,0,25000,20000,0,10000
4666,50000,0,20000,30000,0,25000,20000,0,10000
4667,50000,0,20000,30000,0,25000,20000,0,10000
4668,50000,0,20000,30000,0,25000,20000,0,10000
4669,50000,0,20000,30000,0,25000,20000,0,10000
4670,50000,0,20000,30000,0,25000,20000,0,10000
4671,50000,0,20000,30000,0,25000,20000,0,10000
4672,50000,0,20000,30000,0,25000,20000,0,10000
4673,50000,0,20000,30000,0,25000,20000,0,10000
4674,50000,0,20000,30000,0,25000,20000,0,10000
4675,50000,0,20000,30000,0,25000,20000,0,10000
4676,50000,0,20000,30000,0,25000,20000,0,10000
4677,50000,0,20000,30000,0,25000,20000,0,10000
4678,50000,0,20000,30000,0,25000,20000,0,10000
4679,50000,0,20000,30000,0,25000,20000,0,10000
4680,50000,0,20000,30000,0,25000,20000,0,10000
4681,50000,0,20000,30000,0,25000,20000,0,10000
4682,50000,0,20000,30000,0,25000,20000,0,10000
4683,50000,0,20000,30000,0,25000,20000,0,10000
4684,50000,0,20000,30000,0,25000,20000,0,10000
4685,50000,0,20000,30000,0,25000,20000,0,10000
4686,50000,0,20000,30000,0,25000,20000,0,10000
4687,50000,0,20000,30000,0,25000,20000,0,10000
4688,50000,0,20000,30000,0,25000,20000,0,10000
4689,50000,0,20000,30000,0,25000,20000,0,10000
4690,50000,0,20000,30000,0,25000,20000,0,10000
4691,50000,0,20000,30000,0,25000,20000,0,10000
4692,50000,0,20000,30000,0,25000,20000,0,10000
4693,50000,0,20000,30000,0,25000,20000,0,10000
4694,50000,0,20000,30000,0,25000,20000,0,10000
4695,50000,0,20000,30000,0,25000,20000,0,10000
4696,50000,0,20000,30000,0,25000,20000,0,10000
4697,50000,0,20000,30000,0,25000,20000,0,10000
4698,50000,0,20000,30000,0,25000,20000,0,10000
4699,50000,0,20000,30000,0,25000,20000,0,10000
4700,50000,0,20000,30000,0,25000,20000,0,10000
4701,50000,0,20000,30000,0,25000,20000,0,10000
4702,50000,0,20000,30000,0,25000,20000,0,10000
4703,50000,0,20000,30000,0,25000,20000,0,10000
4704,50000,0,20000,30000,0,25000,20000,0,10000
4705,50000,0,20000,30000,0,25000,20000,0,10000
4706,50000,0,20000,30000,0,25000,20000,0,10000
4707,50000,0,20000,30000,0,25000,20000,0,10000
4708,50000,0,20000,30000,0,25000,20000,0,10000
4709,50000,0,20000,30000,0,25000,20000,0,10000
4710,50000,0,20000,30000,0,25000,20000,0,10000
4711,50000,0,20000,30000,0,25000,20000,0,10000
4712,50000,0,20000,30000,0,25000,20000,0,10000
4713,50000,0,20000,30000,0,25000,20000,0,10000
4714,50000,0,20000,30000,0,25000,20000,0,10000
4715,50000,0,20000,30000,0,25000,20000,0,10000
4716,50000,0,20000,30000,0,25000,20000,0,10000
4717,50000,0,20000,30000,0,25000,20000,0,10000
4718,50000,0,20000,30000,0,25000,20000,0,10000
4719,50000,0,20000,30000,0,25000,20000,0,10000
4720,50000,0,20000,30000,0,25000,20000,0,10000
4721,50000,0,20000,30000,0,25000,20000,0,10000
4722,50000,0,20000,30000,0,25000,20000,0,10000
4723,50000,0,20000,30000,0,25000,20000,0,10000
4724,50000,0,20000,30000,0,25000,20000,0,10000
4725,50000,0,20000,30000,0,25000,20000,0,10000
4726,50000,0,20000,30000,0,25000,20000,0,10000
4727,50000,0,20000,30000,0,25000,20000,0,10000
4728,50000,0,20000,30000,0,25000,20000,0,10000
4729,50000,0,20000,30000,0,25000,20000,0,10000
4730,50000,0,20000,30000,0,25000,20000,0,10000
4731,50000,0,20000,30000,0,25000,20000,0,10000
4732,50000,0,20000,30000,0,25000,20000,0,10000
4733,50000,0,20000,30000,0,25000,20000,0,10000
4734,50000,0,20000,30000,0,25000,20000,0,10000
4735,50000,0,20000,30000,0,25000,20000,0,10000
4736,50000,0,20000,30000,0,25000,20000,0,10000
4737,50000,0,20000,30000,0,25000,20000,0,10000
4738,50000,0,20000,30000,0,25000,20000,0,10000
4739,50000,0,20000,30000,0,25000,20000,0,10000
4740,50000,0,20000,30000,0,25000,20000,0,10000
4741,50000,0,20000,30000,0,25000,20000,0,10000
4742,50000,0,20000,30000,0,25000,20000,0,10000
4743,50000,0,20000,30000,0,25000,20000,0,10000
4744,50000,0,20000,30000,0,25000,20000,0,10000
4745,50000,0,20000,30000,0,25000,20000,0,10000
4746,50000,0,20000,30000,0,25000,20000,0,10000
4747,50000,0,20000,30000,0,25000,20000,0,10000
4748,50000,0,20000,30000,0,25000,20000,0,10000
4749,50000,0,20000,30000,0,25000,20000,0,10000
4750,50000,0,20000,30000,0,25000,20000,0,10000
4751,50000,0,20000,30000,0,25000,20000,0,10000
4752,50000,0,20000,30000,0,25000,20000,0,10000
4753,50000,0,20000,30000,0,25000,20000,0,10000
4754,50000,0,20000,30000,0,25000,20000,0,10000
4755,50000,0,20000,30000,0,25000,20000,0,10000
4756,50000,0,20000,30000,0,25000,20000,0,10000
4757,50000,0,20000,30000,0,25000,20000,0,10000
4758,50000,0,20000,30000,0,25000,20000,0,10000
4759,50000,0,20000,30000,0,25000,20000,0,10000
4760,50000,0,20000,30000,0,25000,20000,0,10000
4761,50000,0,20000,30000,0,25000,20000,0,10000
4762,50000,0,20000,30000,0,25000,20000,0,10000
4763,50000,0,20000,30000,0,25000,20000,0,10000
4764,50000,0,20000,30000,0,25000,20000,0,10000
4765,50000,0,20000,30000,0,25000,20000,0,10000
4766,50000,0,20000,30000,0,25000,20000,0,10000
4767,50000,0,20000,30000,0,25000,20000,0,10000
4768,50000,0,20000,30000,0,25000,20000,0,10000
4769,50000,0,20000,30000,0,25000,20000,0,10000
4770,50000,0,20000,30000,0,25000,20000,0,10000
4771,50000,0,20000,30000,0,25000,20000,0,10000
4772,50000,0,20000,30000,0,25000,20000,0,10000
4773,50000,0,20000,30000,0,25000,20000,0,10000
4774,50000,0,20000,30000,0,25000,20000,0,10000
4775,50000,0,20000,30000,0,25000,20000,0,10000
4776,50000,0,20000,30000,0,25000,20000,0,10000
4777,50000,0,20000,30000,0,25000,20000,0,10000
4778,50000,0,20000,30000,0,25000,20000,0,10000
4779,50000,0,20000,30000,0,25000,20000,0,10000
4780,50000,0,20000,30000,0,25000,20000,0,10000
4781,50000,0,20000,30000,0,25000,20000,0,10000
4782,50000,0,20000,30000,0,25000,20000,0,10000
4783,50000,0,20000,30000,0,25000,20000,0,10000
4784,50000,0,20000,30000,0,25000,20000,0,10000
4785,50000,0,20000,30000,0,25000,20000,0,10000
4786,50000,0,20000,30000,0,25000,20000,0,10000
4787,50000,0,20000,30000,0,25000,20000,0,10000
4788,50000,0,20000,30000,0,25000,20000,0,10000
4789,50000,0,20000,30000,0,25000,20000,0,10000
4790,50000,0,20000,30000,0,25000,20000,0,10000
4791,50000,0,20000,30000,0,25000,20000,0,10000
4792,50000,0,20000,30000,0,25000,20000,0,10000
4793,50000,0,20000,30000,0,25000,20000,0,10000
4794,50000,0,20000,30000,0,25000,20000,0,10000
4795,50000,0,20000,30000,0,25000,20000,0,10000
4796,50000,0,20000,30000,0,25000,20000,0,10000
4797,50000,0,20000,30000,0,25000,20000,0,10000
4798,50000,0,20000,30000,0,25000,20000,0,10000
4799,50000,0,20000,30000,0,25000,20000,0,10000
4800,50000,0,20000,30000,0,25000,20000,0,10000
4801,50000,0,20000,30000,0,25000,20000,0,10000
4802,50000,0,20000,30000,0,25000,20000,0,10000
4803,50000,0,20000,30000,0,25000,20000,0,10000
4804,50000,0,20000,30000,0,25000,20000,0,10000
4805,50000,0,20000,30000,0,25000,20000,0,10000
4806,50000,0,20000,30000,0,25000,20000,0,10000
4807,50000,0,20000,30000,0,25000,20000,0,10000
4808,50000,0,20000,30000,0,25000,20000,0,10000
4809,50000,0,20000,30000,0,25000,20000,0,10000
4810,50000,0,20000,30000,0,25000,20000,0,10000
4811,50000,0,20000,30000,0,25000,20000,0,10000
4812,50000,0,20000,30000,0,25000,20000,0,10000
4813,50000,0,20000,30000,0,25000,20000,0,10000
4814,50000,0,20000,30000,0,25000,20000,0,10000
4815,50000,0,20000,30000,0,25000,20000,0,10000
4816,50000,0,20000,30000,0,25000,20000,0,10000
4817,50000,0,20000,30000,0,25000,20000,0,10000
4818,50000,0,20000,30000,0,25000,20000,0,10000
4819,50000,0,20000,30000,0,25000,20000,0,10000
4820,50000,0,20000,30000,0,25000,20000,0,10000
4821,50000,0,20000,30000,0,25000,20000,0,10000
4822,50000,0,20000,30000,0,25000,20000,0,10000
4823,50000,0,20000,30000,0,25000,20000,0,10000
4824,50000,0,20000,30000,0,25000,20000,0,10000
4825,50000,0,20000,30000,0,25000,20000,0,10000
4826,50000,0,20000,30000,0,25000,20000,0,10000
4827,50000,0,20000,30000,0,25000,20000,0,10000
4828,50000,0,20000,30000,0,25000,20000,0,10000
4829,50000,0,20000,30000,0,25000,20000,0,10000
4830,50000,0,20000,30000,0,25000,20000,0,10000
4831,50000,0,20000,30000,0,25000,20000,0,10000
4832,50000,0,20000,30000,0,25000,20000,0,10000
4833,50000,0,20000,30000,0,25000,20000,0,10000
4834,50000,0,20000,30000,0,25000,20000,0,10000
4835,50000,0,20000,30000,0,25000,20000,0,10000
4836,50000,0,20000,30000,0,25000,20000,0,10000
4837,50000,0,20000,30000,0,25000,20000,0,10000
4838,50000,0,20000,30000,0,25000,20000,0,10000
4839,50000,0,20000,30000,0,25000,20000,0,10000
4840,50000,0,20000,30000,0,25000,20000,0,10000
4841,50000,0,20000,30000,0,25000,20000,0,10000
4842,50000,0,20000,30000,0,25000,20000,0,10000
4843,50000,0,20000,30000,0,25000,20000,0,10000
4844,50000,0,20000,30000,0,25000,20000,0,10000
4845,50000,0,20000,30000,0,25000,20000,0,10000
4846,50000,0,20000,30000,0,25000,20000,0,10000
4847,50000,0,20000,30000,0,25000,20000,0,10000
4848,50000,0,20000,30000,0,25000,20000,0,10000
4849,50000,0,20000,30000,0,25000,20000,0,10000
4850,50000,0,20000,30000,0,25000,20000,0,10000
4851,50000,0,20000,30000,0,25000,20000,0,10000
4852,50000,0,20000,30000,0,25000,20000,0,10000
4853,50000,0,20000,30000,0,25000,20000,0,10000
4854,50000,0,20000,30000,0,25000,20000,0,10000
4855,50000,0,20000,30000,0,25000,20000,0,10000
4856,50000,0,20000,30000,0,25000,20000,0,10000
4857,50000,0,20000,30000,0,25000,20000,0,10000
4858,50000,0,20000,30000,0,25000,20000,0,10000
4859,50000,0,20000,30000,0,25000,20000,0,10000
4860,50000,0,20000,30000,0,25000,20000,0,10000
4861,50000,0,20000,30000,0,25000,20000,0,10000
4862,50000,0,20000,30000,0,25000,20000,0,10000
4863,50000,0,20000,30000,0,25000,20000,0,10000
4864,50000,0,20000,30000,0,25000,20000,0,10000
4865,50000,0,20000,30000,0,25000,20000,0,10000
4866,50000,0,20000,30000,0,25000,20000,0,10000
4867,50000,0,20000,30000,0,25000,20000,0,10000
4868,50000,0,20000,30000,0,25000,20000,0,10000
4869,50000,0,20000,30000,0,25000,20000,0,10000
4870,50000,0,20000,30000,0,25000,20000,0,10000
4871,50000,0,20000,30000,0,25000,20000,0,10000
4872,50000,0,20000,30000,0,25000,20000,0,10000
4873,50000,0,20000,30000,0,25000,20000,0,10000
4874,50000,0,20000,30000,0,25000,20000,0,10000
4875,50000,0,20000,30000,0,25000,20000,0,10000
4876,50000,0,20000,30000,0,25000,20000,0,10000
4877,50000,0,20000,30000,0,25000,20000,0,10000
4878,50000,0,20000,30000,0,25000,20000,0,10000
4879,50000,0,20000,30000,0,25000,20000,0,10000
4880,50000,0,20000,30000,0,25000,20000,0,10000
4881,50000,0,20000,30000,0,25000,20000,0,10000
4882,50000,0,20000,30000,0,25000,20000,0,10000
4883,50000,0,20000,30000,0,25000,20000,0,10000
4884,50000,0,20000,30000,0,25000,20000,0,10000
4885,50000,0,20000,30000,0,25000,20000,0,10000
4886,50000,0,20000,30000,0,25000,20000,0,10000
4887,50000,0,20000,30000,0,25000,20000,0,10000
4888,50000,0,20000,30000,0,25000,20000,0,10000
4889,50000,0,20000,30000,0,25000,20000,0,10000
4890,50000,0,20000,30000,0,25000,20000,0,10000
4891,50000,0,20000,30000,0,25000,20000,0,10000
4892,50000,0,20000,30000,0,25000,20000,0,10000
4893,50000,0,20000,30000,0,25000,20000,0,10000
4894,50000,0,20000,30000,0,25000,20000,0,10000
4895,50000,0,20000,30000,0,25000,20000,0,10000
4896,50000,0,20000,30000,0,25000,20000,0,10000
4897,50000,0,20000,30000,0,25000,20000,0,10000
4898,50000,0,20000,30000,0,25000,20000,0,10000
4899,50000,0,20000,30000,0,25000,20000,0,10000
4900,50000,0,20000,30000,0,25000,20000,0,10000
4901,50000,0,20000,30000,0,25000,20000,0,10000
4902,50000,0,20000,30000,0,25000,20000,0,10000
4903,50000,0,20000,30000,0,25000,20000,0,10000
4904,50000,0,20000,30000,0,25000,20000,0,10000
4905,50000,0,20000,30000,0,25000,20000,0,10000
4906,50000,0,20000,30000,0,25000,20000,0,10000
4907,50000,0,20000,30000,0,25000,20000,0,10000
4908,50000,0,20000,30000,0,25000,20000,0,10000
4909,50000,0,20000,30000,0,25000,20000,0,10000
4910,50000,0,20000,30000,0,25000,20000,0,10000
4911,50000,0,20000,30000,0,25000,20000,0,10000
4912,50000,0,20000,30000,0,25000,20000,0,10000
4913,50000,0,20000,30000,0,25000,20000,0,10000
4914,50000,0,20000,30000,0,25000,20000,0,10000
4915,50000,0,20000,30000,0,25000,20000,0,10000
4916,50000,0,20000,30000,0,25000,20000,0,10000
4917,50000,0,20000,30000,0,25000,20000,0,10000
4918,50000,0,20000,30000,0,25000,20000,0,10000
4919,50000,0,20000,30000,0,25000,20000,0,10000
4920,50000,0,20000,30000,0,25000,20000,0,10000
4921,50000,0,20000,30000,0,25000,20000,0,10000
4922,50000,0,20000,30000,0,25000,20000,0,10000
4923,50000,0,20000,30000,0,25000,20000,0,10000
4924,50000,0,20000,30000,0,25000,20000,0,10000
4925,50000,0,20000,30000,0,25000,20000,0,10000
4926,50000,0,20000,30000,0,25000,20000,0,10000
4927,50000,0,20000,30000,0,25000,20000,0,10000
4928,50000,0,20000,30000,0,25000,20000,0,10000
4929,50000,0,20000,30000,0,25000,20000,0,10000
4930,50000,0,20000,30000,0,25000,20000,0,10000
4931,50000,0,20000,30000,0,25000,20000,0,10000
4932,50000,0,20000,30000,0,25000,20000,0,10000
4933,50000,0,20000,30000,0,25000,20000,0,10000
4934,50000,0,20000,30000,0,25000,20000,0,10000
4935,50000,0,20000,30000,0,25000,20000,0,10000
4936,50000,0,20000,30000,0,25000,20000,0,10000
4937,50000,0,20000,30000,0,25000,20000,0,10000
4938,50000,0,20000,30000,0,25000,20000,0,10000
4939,50000,0,20000,30000,0,25000,20000,0,10000
4940,50000,0,20000,30000,0,25000,20000,0,10000
4941,50000,0,20000,30000,0,25000,20000,0,10000
4942,50000,0,20000,30000,0,25000,20000,0,10000
4943,50000,0,20000,30000,0,25000,20000,0,10000
4944,50000,0,20000,30000,0,25000,20000,0,10000
4945,50000,0,20000,30000,0,25000,20000,0,10000
4946,50000,0,20000,30000,0,25000,20000,0,10000
4947,50000,0,20000,30000,0,25000,20000,0,10000
4948,50000,0,20000,30000,0,25000,20000,0,10000
4949,50000,0,20000,30000,0,25000,20000,0,10000
4950,50000,0,20000,30000,0,25000,20000,0,10000
4951,50000,0,20000,30000,0,25000,20000,0,10000
4952,50000,0,20000,30000,0,25000,20000,0,10000
4953,50000,0,20000,30000,0,25000,20000,0,10000
4954,50000,0,20000,30000,0,25000,20000,0,10000
4955,50000,0,20000,30000,0,25000,20000,0,10000
4956,50000,0,20000,30000,0,25000,20000,0,10000
4957,50000,0,20000,30000,0,25000,20000,0,10000
4958,50000,0,20000,30000,0,25000,20000,0,10000
4959,50000,0,20000,30000,0,25000,20000,0,10000
4960,50000,0,20000,30000,0,25000,20000,0,10000
4961,50000,0,20000,30000,0,25000,20000,0,10000
4962,50000,0,20000,30000,0,25000,20000,0,10000
4963,50000,0,20000,30000,0,25000,20000,0,10000
4964,50000,0,20000,30000,0,25000,20000,0,10000
4965,50000,0,20000,30000,0,25000,20000,0,10000
4966,50000,0,20000,30000,0,25000,20000,0,10000
4967,50000,0,20000,30000,0,25000,20000,0,10000
4968,50000,0,20000,30000,0,25000,20000,0,10000
4969,50000,0,20000,30000,0,25000,20000,0,10000
4970,50000,0,20000,30000,0,25000,20000,0,10000
4971,50000,0,20000,30000,0,25000,20000,0,10000
4972,50000,0,20000,30000,0,25000,20000,0,10000
4973,50000,0,20000,30000,0,25000,20000,0,10000
4974,50000,0,20000,30000,0,25000,20000,0,10000
4975,50000,0,20000,30000,0,25000,20000,0,10000
4976,50000,0,20000,30000,0,25000,20000,0,10000
4977,50000,0,20000,30000,0,25000,20000,0,10000
4978,50000,0,20000,30000,0,25000,20000,0,10000
4979,50000,0,20000,30000,0,25000,20000,0,10000
4980,50000,0,20000,30000,0,25000,20000,0,10000
4981,50000,0,20000,30000,0,25000,20000,0,10000
4982,50000,0,20000,30000,0,25000,20000,0,10000
4983,50000,0,20000,30000,0,25000,20000,0,10000
4984,50000,0,20000,30000,0,25000,20000,0,10000
4985,50000,0,20000,30000,0,25000,20000,0,10000
4986,50000,0,20000,30000,0,25000,20000,0,10000
4987,50000,0,20000,30000,0,25000,20000,0,10000
4988,50000,0,20000,30000,0,25000,20000,0,10000
4989,50000,0,20000,30000,0,25000,20000,0,10000
4990,50000,0,20000,30000,0,25000,20000,0,10000
4991,50000,0,20000,30000,0,25000,20000,0,10000
4992,50000,0,20000,30000,0,25000,20000,0,10000
4993,50000,0,20000,30000,0,25000,20000,0,10000
4994,50000,0,20000,30000,0,25000,20000,0,10000
4995,50000,0,20000,30000,0,25000,20000,0,10000
4996,50000,0,20000,30000,0,25000,20000,0,10000
4997,50000,0,20000,30000,0,25000,20000,0,10000
4998,50000,0,20000,30000,0,25000,20000,0,10000
4999,50000,0,20000,30000,0,25000,20000,0,10000
5000,50000,0,20000,30000,0,25000,20000,0,10000
5001,50000,0,20000,30000,0,25000,20000,0,10000
5002,50000,0,20000,30000,0,25000,20000,0,10000
5003,50000,0,20000,30000,0,25000,20000,0,10000
5004,50000,0,20000,30000,0,25000,20000,0,10000
5005,50000,0,20000,30000,0,25000,20000,0,10000
5006,50000,0,20000,30000,0,25000,20000,0,10000
5007,50000,0,20000,30000,0,25000,20000,0,10000
5008,50000,0,20000,30000,0,25000,20000,0,10000
5009,50000,0,20000,30000,0,25000,20000,0,10000
5010,50000,0,20000,30000,0,25000,20000,0,10000
5011,50000,0,20000,30000,0,25000,20000,0,10000
5012,50000,0,20000,30000,0,25000,20000,0,10000
5013,50000,0,20000,30000,0,25000,20000,0,10000
5014,50000,0,20000,30000,0,25000,20000,0,10000
5015,50000,0,20000,30000,0,25000,20000,0,10000
5016,50000,0,20000,30000,0,25000,20000,0,10000
5017,50000,0,20000,30000,0,25000,20000,0,10000
5018,50000,0,20000,30000,0,25000,20000,0,10000
5019,50000,0,20000,30000,0,25000,20000,0,10000
5020,50000,0,20000,30000,0,25000,20000,0,10000
5021,50000,0,20000,30000,0,25000,20000,0,10000
5022,50000,0,20000,30000,0,25000,20000,0,10000
5023,50000,0,20000,30000,0,25000,20000,0,10000
5024,50000,0,20000,30000,0,25000,20000,0,10000
5025,50000,0,20000,30000,0,25000,20000,0,10000
5026,50000,0,20000,30000,0,25000,20000,0,10000
5027,50000,0,20000,30000,0,25000,20000,0,10000
5028,50000,0,20000,30000,0,25000,20000,0,10000
5029,50000,0,20000,30000,0,25000,20000,0,10000
5030,50000,0,20000,30000,0,25000,20000,0,10000
5031,50000,0,20000,30000,0,25000,20000,0,10000
5032,50000,0,20000,30000,0,25000,20000,0,10000
5033,50000,0,20000,30000,0,25000,20000,0,10000
5034,50000,0,20000,30000,0,25000,20000,0,10000
5035,50000,0,20000,30000,0,25000,20000,0,10000
5036,50000,0,20000,30000,0,25000,20000,0,10000
5037,50000,0,20000,30000,0,25000,20000,0,10000
5038,50000,0,20000,30000,0,25000,20000,0,10000
5039,50000,0,20000,30000,0,25000,20000,0,10000
5040,50000,0,20000,30000,0,25000,20000,0,10000
5041,50000,0,20000,30000,0,25000,20000,0,10000
5042,50000,0,20000,30000,0,25000,20000,0,10000
5043,50000,0,20000,30000,0,25000,20000,0,10000
5044,50000,0,20000,30000,0,25000,20000,0,10000
5045,50000,0,20000,30000,0,25000,20000,0,10000
5046,50000,0,20000,30000,0,25000,20000,0,10000
5047,50000,0,20000,30000,0,25000,20000,0,10000
5048,50000,0,20000,30000,0,25000,20000,0,10000
5049,50000,0,20000,30000,0,25000,20000,0,10000
5050,50000,0,20000,30000,0,25000,20000,0,10000
5051,50000,0,20000,30000,0,25000,20000,0,10000
5052,50000,0,20000,30000,0,25000,20000,0,10000
5053,50000,0,20000,30000,0,25000,20000,0,10000
5054,50000,0,20000,30000,0,25000,20000,0,10000
5055,50000,0,20000,30000,0,25000,20000,0,10000
5056,50000,0,20000,30000,0,25000,20000,0,10000
5057,50000,0,20000,30000,0,25000,20000,0,10000
5058,50000,0,20000,30000,0,25000,20000,0,10000
5059,50000,0,20000,30000,0,25000,20000,0,10000
5060,50000,0,20000,30000,0,25000,20000,0,10000
5061,50000,0,20000,30000,0,25000,20000,0,10000
5062,50000,0,20000,30000,0,25000,20000,0,10000
5063,50000,0,20000,30000,0,25000,20000,0,10000
5064,50000,0,20000,30000,0,25000,20000,0,10000
5065,50000,0,20000,30000,0,25000,20000,0,10000
5066,50000,0,20000,30000,0,25000,20000,0,10000
5067,50000,0,20000,30000,0,25000,20000,0,10000
5068,50000,0,20000,30000,0,25000,20000,0,10000
5069,50000,0,20000,30000,0,25000,20000,0,10000
5070,50000,0,20000,30000,0,25000,20000,0,10000
5071,50000,0,20000,30000,0,25000,20000,0,10000
5072,50000,0,20000,30000,0,25000,20000,0,10000
5073,50000,0,20000,30000,0,25000,20000,0,10000
5074,50000,0,20000,30000,0,25000,20000,0,10000
5075,50000,0,20000,30000,0,25000,20000,0,10000
5076,50000,0,20000,30000,0,25000,20000,0,10000
5077,50000,0,20000,30000,0,25000,20000,0,10000
5078,50000,0,20000,30000,0,25000,20000,0,10000
5079,50000,0,20000,30000,0,25000,20000,0,10000
5080,50000,0,20000,30000,0,25000,20000,0,10000
5081,50000,0,20000,30000,0,25000,20000,0,10000
5082,50000,0,20000,30000,0,25000,20000,0,10000
5083,50000,0,20000,30000,0,25000,20000,0,10000
5084,50000,0,20000,30000,0,25000,20000,0,10000
5085,50000,0,20000,30000,0,25000,20000,0,10000
5086,50000,0,20000,30000,0,25000,20000,0,10000
5087,50000,0,20000,30000,0,25000,20000,0,10000
5088,50000,0,20000,30000,0,25000,20000,0,10000
5089,50000,0,20000,30000,0,25000,20000,0,10000
5090,50000,0,20000,30000,0,25000,20000,0,10000
5091,50000,0,20000,30000,0,25000,20000,0,10000
5092,50000,0,20000,30000,0,25000,20000,0,10000
5093,50000,0,20000,30000,0,25000,20000,0,10000
5094,50000,0,20000,30000,0,25000,20000,0,10000
5095,50000,0,20000,30000,0,25000,20000,0,10000
5096,50000,0,20000,30000,0,25000,20000,0,10000
5097,50000,0,20000,30000,0,25000,20000,0,10000
5098,50000,0,20000,30000,0,25000,20000,0,10000
5099,50000,0,20000,30000,0,25000,20000,0,10000
5100,50000,0,20000,30000,0,25000,20000,0,10000
5101,50000,0,20000,30000,0,25000,20000,0,10000
5102,50000,0,20000,30000,0,25000,20000,0,10000
5103,50000,0,20000,30000,0,25000,20000,0,10000
5104,50000,0,20000,30000,0,25000,20000,0,10000
5105,50000,0,20000,30000,0,25000,20000,0,10000
5106,50000,0,20000,30000,0,25000,20000,0,10000
5107,50000,0,20000,30000,0,25000,20000,0,10000
5108,50000,0,20000,30000,0,25000,20000,0,10000
5109,50000,0,20000,30000,0,25000,20000,0,10000
5110,50000,0,20000,30000,0,25000,20000,0,10000
5111,50000,0,20000,30000,0,25000,20000,0,10000
5112,50000,0,20000,30000,0,25000,20000,0,10000
5113,50000,0,20000,30000,0,25000,20000,0,10000
5114,50000,0,20000,30000,0,25000,20000,0,10000
5115,50000,0,20000,30000,0,25000,20000,0,10000
5116,50000,0,20000,30000,0,25000,20000,0,10000
5117,50000,0,20000,30000,0,25000,20000,0,10000
5118,50000,0,20000,30000,0,25000,20000,0,10000
5119,50000,0,20000,30000,0,25000,20000,0,10000
5120,50000,0,20000,30000,0,25000,20000,0,10000
5121,50000,0,20000,30000,0,25000,20000,0,10000
5122,50000,0,20000,30000,0,25000,20000,0,10000
5123,50000,0,20000,30000,0,25000,20000,0,10000
5124,50000,0,20000,30000,0,25000,20000,0,10000
5125,50000,0,20000,30000,0,25000,20000,0,10000
5126,50000,0,20000,30000,0,25000,20000,0,10000
5127,50000,0,20000,30000,0,25000,20000,0,10000
5128,50000,0,20000,30000,0,25000,20000,0,10000
5129,50000,0,20000,30000,0,25000,20000,0,10000
5130,50000,0,20000,30000,0,25000,20000,0,10000
5131,50000,0,20000,30000,0,25000,20000,0,10000
5132,50000,0,20000,30000,0,25000,20000,0,10000
5133,50000,0,20000,30000,0,25000,20000,0,10000
5134,50000,0,20000,30000,0,25000,20000,0,10000
5135,50000,0,20000,30000,0,25000,20000,0,10000
5136,50000,0,20000,30000,0,25000,20000,0,10000
5137,50000,0,20000,30000,0,25000,20000,0,10000
5138,50000,0,20000,30000,0,25000,20000,0,10000
5139,50000,0,20000,30000,0,25000,20000,0,10000
5140,50000,0,20000,30000,0,25000,20000,0,10000
5141,50000,0,20000,30000,0,25000,20000,0,10000
5142,50000,0,20000,30000,0,25000,20000,0,10000
5143,50000,0,20000,30000,0,25000,20000,0,10000
5144,50000,0,20000,30000,0,25000,20000,0,10000
5145,50000,0,20000,30000,0,25000,20000,0,10000
5146,50000,0,20000,30000,0,25000,20000,0,10000
5147,50000,0,20000,30000,0,25000,20000,0,10000
5148,50000,0,20000,30000,0,25000,20000,0,10000
5149,50000,0,20000,30000,0,25000,20000,0,10000
5150,50000,0,20000,30000,0,25000,20000,0,10000
5151,50000,0,20000,30000,0,25000,20000,0,10000
5152,50000,0,20000,30000,0,25000,20000,0,10000
5153,50000,0,20000,30000,0,25000,20000,0,10000
5154,50000,0,20000,30000,0,25000,20000,0,10000
5155,50000,0,20000,30000,0,25000,20000,0,10000
5156,50000,0,20000,30000,0,25000,20000,0,10000
5157,50000,0,20000,30000,0,25000,20000,0,10000
5158,50000,0,20000,30000,0,25000,20000,0,10000
5159,50000,0,20000,30000,0,25000,20000,0,10000
5160,50000,0,20000,30000,0,25000,20000,0,10000
5161,50000,0,20000,30000,0,25000,20000,0,10000
5162,50000,0,20000,30000,0,25000,20000,0,10000
5163,50000,0,20000,30000,0,25000,20000,0,10000
5164,50000,0,20000,30000,0,25000,20000,0,10000
5165,50000,0,20000,30000,0,25000,20000,0,10000
5166,50000,0,20000,30000,0,25000,20000,0,10000
5167,50000,0,20000,30000,0,25000,20000,0,10000
5168,50000,0,20000,30000,0,25000,20000,0,10000
5169,50000,0,20000,30000,0,25000,20000,0,10000
5170,50000,0,20000,30000,0,25000,20000,0,10000
5171,50000,0,20000,30000,0,25000,20000,0,10000
5172,50000,0,20000,30000,0,25000,20000,0,10000
5173,50000,0,20000,30000,0,25000,20000,0,10000
5174,50000,0,20000,30000,0,25000,20000,0,10000
5175,50000,0,20000,30000,0,25000,20000,0,10000
5176,50000,0,20000,30000,0,25000,20000,0,10000
5177,50000,0,20000,30000,0,25000,20000,0,10000
5178,50000,0,20000,30000,0,25000,20000,0,10000
5179,50000,0,20000,30000,0,25000,20000,0,10000
5180,50000,0,20000,30000,0,25000,20000,0,10000
5181,50000,0,20000,30000,0,25000,20000,0,10000
5182,50000,0,20000,30000,0,25000,20000,0,10000
5183,50000,0,20000,30000,0,25000,20000,0,10000
5184,50000,0,20000,30000,0,25000,20000,0,10000
5185,50000,0,20000,30000,0,25000,20000,0,10000
5186,50000,0,20000,30000,0,25000,20000,0,10000
5187,50000,0,20000,30000,0,25000,20000,0,10000
5188,50000,0,20000,30000,0,25000,20000,0,10000
5189,50000,0,20000,30000,0,25000,20000,0,10000
5190,50000,0,20000,30000,0,25000,20000,0,10000
5191,50000,0,20000,30000,0,25000,20000,0,10000
5192,50000,0,20000,30000,0,25000,20000,0,10000
5193,50000,0,20000,30000,0,25000,20000,0,10000
5194,50000,0,20000,30000,0,25000,20000,0,10000
5195,50000,0,20000,30000,0,25000,20000,0,10000
5196,50000,0,20000,30000,0,25000,20000,0,10000
5197,50000,0,20000,30000,0,25000,20000,0,10000
5198,50000,0,20000,30000,0,25000,20000,0,10000
5199,50000,0,20000,30000,0,25000,20000,0,10000
5200,50000,0,20000,30000,0,25000,20000,0,10000
5201,50000,0,20000,30000,0,25000,20000,0,10000
5202,50000,0,20000,30000,0,25000,20000,0,10000
5203,50000,0,20000,30000,0,25000,20000,0,10000
5204,50000,0,20000,30000,0,25000,20000,0,10000
5205,50000,0,20000,30000,0,25000,20000,0,10000
5206,50000,0,20000,30000,0,25000,20000,0,10000
5207,50000,0,20000,30000,0,25000,20000,0,10000
5208,50000,0,20000,30000,0,25000,20000,0,10000
5209,50000,0,20000,30000,0,25000,20000,0,10000
5210,50000,0,20000,30000,0,25000,20000,0,10000
5211,50000,0,20000,30000,0,25000,20000,0,10000
5212,50000,0,20000,30000,0,25000,20000,0,10000
5213,50000,0,20000,30000,0,25000,20000,0,10000
5214,50000,0,20000,30000,0,25000,20000,0,10000
5215,50000,0,20000,30000,0,25000,20000,0,10000
5216,50000,0,20000,30000,0,25000,20000,0,10000
5217,50000,0,20000,30000,0,25000,20000,0,10000
5218,50000,0,20000,30000,0,25000,20000,0,10000
5219,50000,0,20000,30000,0,25000,20000,0,10000
5220,50000,0,20000,30000,0,25000,20000,0,10000
5221,50000,0,20000,30000,0,25000,20000,0,10000
5222,50000,0,20000,30000,0,25000,20000,0,10000
5223,50000,0,20000,30000,0,25000,20000,0,10000
5224,50000,0,20000,30000,0,25000,20000,0,10000
5225,50000,0,20000,30000,0,25000,20000,0,10000
5226,50000,0,20000,30000,0,25000,20000,0,10000
5227,50000,0,20000,30000,0,25000,20000,0,10000
5228,50000,0,20000,30000,0,25000,20000,0,10000
5229,50000,0,20000,30000,0,25000,20000,0,10000
5230,50000,0,20000,30000,0,25000,20000,0,10000
5231,50000,0,20000,30000,0,25000,20000,0,10000
5232,50000,0,20000,30000,0,25000,20000,0,10000
5233,50000,0,20000,30000,0,25000,20000,0,10000
5234,50000,0,20000,30000,0,25000,20000,0,10000
5235,50000,0,20000,30000,0,25000,20000,0,10000
5236,50000,0,20000,30000,0,25000,20000,0,10000
5237,50000,0,20000,30000,0,25000,20000,0,10000
5238,50000,0,20000,30000,0,25000,20000,0,10000
5239,50000,0,20000,30000,0,25000,20000,0,10000
5240,50000,0,20000,30000,0,25000,20000,0,10000
5241,50000,0,20000,30000,0,25000,20000,0,10000
5242,50000,0,20000,30000,0,25000,20000,0,10000
5243,50000,0,20000,30000,0,25000,20000,0,10000
5244,50000,0,20000,30000,0,25000,20000,0,10000
5245,50000,0,20000,30000,0,25000,20000,0,10000
5246,50000,0,20000,30000,0,25000,20000,0,10000
5247,50000,0,20000,30000,0,25000,20000,0,10000
5248,50000,0,20000,30000,0,25000,20000,0,10000
5249,50000,0,20000,30000,0,25000,20000,0,10000
5250,50000,0,20000,30000,0,25000,20000,0,10000
5251,50000,0,20000,30000,0,25000,20000,0,10000
5252,50000,0,20000,30000,0,25000,20000,0,10000
5253,50000,0,20000,30000,0,25000,20000,0,10000
5254,50000,0,20000,30000,0,25000,20000,0,10000
5255,50000,0,20000,30000,0,25000,20000,0,10000
5256,50000,0,20000,30000,0,25000,20000,0,10000
5257,50000,0,20000,30000,0,25000,20000,0,10000
5258,50000,0,20000,30000,0,25000,20000,0,10000
5259,50000,0,20000,30000,0,25000,20000,0,10000
5260,50000,0,20000,30000,0,25000,20000,0,10000
5261,50000,0,20000,30000,0,25000,20000,0,10000
5262,50000,0,20000,30000,0,25000,20000,0,10000
5263,50000,0,20000,30000,0,25000,20000,0,10000
5264,50000,0,20000,30000,0,25000,20000,0,10000
5265,50000,0,20000,30000,0,25000,20000,0,10000
5266,50000,0,20000,30000,0,25000,20000,0,10000
5267,50000,0,20000,30000,0,25000,20000,0,10000
5268,50000,0,20000,30000,0,25000,20000,0,10000
5269,50000,0,20000,30000,0,25000,20000,0,10000
5270,50000,0,20000,30000,0,25000,20000,0,10000
5271,50000,0,20000,30000,0,25000,20000,0,10000
5272,50000,0,20000,30000,0,25000,20000,0,10000
5273,50000,0,20000,30000,0,25000,20000,0,10000
5274,50000,0,20000,30000,0,25000,20000,0,10000
5275,50000,0,20000,30000,0,25000,20000,0,10000
5276,50000,0,20000,30000,0,25000,20000,0,10000
5277,50000,0,20000,30000,0,25000,20000,0,10000
5278,50000,0,20000,30000,0,25000,20000,0,10000
5279,50000,0,20000,30000,0,25000,20000,0,10000
5280,50000,0,20000,30000,0,25000,20000,0,10000
5281,50000,0,20000,30000,0,25000,20000,0,10000
5282,50000,0,20000,30000,0,25000,20000,0,10000
5283,50000,0,20000,30000,0,25000,20000,0,10000
5284,50000,0,20000,30000,0,25000,20000,0,10000
5285,50000,0,20000,30000,0,25000,20000,0,10000
5286,50000,0,20000,30000,0,25000,20000,0,10000
5287,50000,0,20000,30000,0,25000,20000,0,10000
5288,50000,0,20000,30000,0,25000,20000,0,10000
5289,50000,0,20000,30000,0,25000,20000,0,10000
5290,50000,0,20000,30000,0,25000,20000,0,10000
5291,50000,0,20000,30000,0,25000,20000,0,10000
5292,50000,0,20000,30000,0,25000,20000,0,10000
5293,50000,0,20000,30000,0,25000,20000,0,10000
5294,50000,0,20000,30000,0,25000,20000,0,10000
5295,50000,0,20000,30000,0,25000,20000,0,10000
5296,50000,0,20000,30000,0,25000,20000,0,10000
5297,50000,0,20000,30000,0,25000,20000,0,10000
5298,50000,0,20000,30000,0,25000,20000,0,10000
5299,50000,0,20000,30000,0,25000,20000,0,10000
5300,50000,0,20000,30000,0,25000,20000,0,10000
5301,50000,0,20000,30000,0,25000,20000,0,10000
5302,50000,0,20000,30000,0,25000,20000,0,10000
5303,50000,0,20000,30000,0,25000,20000,0,10000
5304,50000,0,20000,30000,0,25000,20000,0,10000
5305,50000,0,20000,30000,0,25000,20000,0,10000
5306,50000,0,20000,30000,0,25000,20000,0,10000
5307,50000,0,20000,30000,0,25000,20000,0,10000
5308,50000,0,20000,30000,0,25000,20000,0,10000
5309,50000,0,20000,30000,0,25000,20000,0,10000
5310,50000,0,20000,30000,0,25000,20000,0,10000
5311,50000,0,20000,30000,0,25000,20000,0,10000
5312,50000,0,20000,30000,0,25000,20000,0,10000
5313,50000,0,20000,30000,0,25000,20000,0,10000
5314,50000,0,20000,30000,0,25000,20000,0,10000
5315,50000,0,20000,30000,0,25000,20000,0,10000
5316,50000,0,20000,30000,0,25000,20000,0,10000
5317,50000,0,20000,30000,0,25000,20000,0,10000
5318,50000,0,20000,30000,0,25000,20000,0,10000
5319,50000,0,20000,30000,0,25000,20000,0,10000
5320,50000,0,20000,30000,0,25000,20000,0,10000
5321,50000,0,20000,30000,0,25000,20000,0,10000
5322,50000,0,20000,30000,0,25000,20000,0,10000
5323,50000,0,20000,30000,0,25000,20000,0,10000
5324,50000,0,20000,30000,0,25000,20000,0,10000
5325,50000,0,20000,30000,0,25000,20000,0,10000
5326,50000,0,20000,30000,0,25000,20000,0,10000
5327,50000,0,20000,30000,0,25000,20000,0,10000
5328,50000,0,20000,30000,0,25000,20000,0,10000
5329,50000,0,20000,30000,0,25000,20000,0,10000
5330,50000,0,20000,30000,0,25000,20000,0,10000
5331,50000,0,20000,30000,0,25000,20000,0,10000
5332,50000,0,20000,30000,0,25000,20000,0,10000
5333,50000,0,20000,30000,0,25000,20000,0,10000
5334,50000,0,20000,30000,0,25000,20000,0,10000
5335,50000,0,20000,30000,0,25000,20000,0,10000
5336,50000,0,20000,30000,0,25000,20000,0,10000
5337,50000,0,20000,30000,0,25000,20000,0,10000
5338,50000,0,20000,30000,0,25000,20000,0,10000
5339,50000,0,20000,30000,0,25000,20000,0,10000
5340,50000,0,20000,30000,0,25000,20000,0,10000
5341,50000,0,20000,30000,0,25000,20000,0,10000
5342,50000,0,20000,30000,0,25000,20000,0,10000
5343,50000,0,20000,30000,0,25000,20000,0,10000
5344,50000,0,20000,30000,0,25000,20000,0,10000
5345,50000,0,20000,30000,0,25000,20000,0,10000
5346,50000,0,20000,30000,0,25000,20000,0,10000
5347,50000,0,20000,30000,0,25000,20000,0,10000
5348,50000,0,20000,30000,0,25000,20000,0,10000
5349,50000,0,20000,30000,0,25000,20000,0,10000
5350,50000,0,20000,30000,0,25000,20000,0,10000
5351,50000,0,20000,30000,0,25000,20000,0,10000
5352,50000,0,20000,30000,0,25000,20000,0,10000
5353,50000,0,20000,30000,0,25000,20000,0,10000
5354,50000,0,20000,30000,0,25000,20000,0,10000
5355,50000,0,20000,30000,0,25000,20000,0,10000
5356,50000,0,20000,30000,0,25000,20000,0,10000
5357,50000,0,20000,30000,0,25000,20000,0,10000
5358,50000,0,20000,30000,0,25000,20000,0,10000
5359,50000,0,20000,30000,0,25000,20000,0,10000
5360,50000,0,20000,30000,0,25000,20000,0,10000
5361,50000,0,20000,30000,0,25000,20000,0,10000
5362,50000,0,20000,30000,0,25000,20000,0,10000
5363,50000,0,20000,30000,0,25000,20000,0,10000
5364,50000,0,20000,30000,0,25000,20000,0,10000
5365,50000,0,20000,30000,0,25000,20000,0,10000
5366,50000,0,20000,30000,0,25000,20000,0,10000
5367,50000,0,20000,30000,0,25000,20000,0,10000
5368,50000,0,20000,30000,0,25000,20000,0,10000
5369,50000,0,20000,30000,0,25000,20000,0,10000
5370,50000,0,20000,30000,0,25000,20000,0,10000
5371,50000,0,20000,30000,0,25000,20000,0,10000
5372,50000,0,20000,30000,0,25000,20000,0,10000
5373,50000,0,20000,30000,0,25000,20000,0,10000
5374,50000,0,20000,30000,0,25000,20000,0,10000
5375,50000,0,20000,30000,0,25000,20000,0,10000
5376,50000,0,20000,30000,0,25000,20000,0,10000
5377,50000,0,20000,30000,0,25000,20000,0,10000
5378,50000,0,20000,30000,0,25000,20000,0,10000
5379,50000,0,20000,30000,0,25000,20000,0,10000
5380,50000,0,20000,30000,0,25000,20000,0,10000
5381,50000,0,20000,30000,0,25000,20000,0,10000
5382,50000,0,20000,30000,0,25000,20000,0,10000
5383,50000,0,20000,30000,0,25000,20000,0,10000
5384,50000,0,20000,30000,0,25000,20000,0,10000
5385,50000,0,20000,30000,0,25000,20000,0,10000
5386,50000,0,20000,30000,0,25000,20000,0,10000
5387,50000,0,20000,30000,0,25000,20000,0,10000
5388,50000,0,20000,30000,0,25000,20000,0,10000
5389,50000,0,20000,30000,0,25000,20000,0,10000
5390,50000,0,20000,30000,0,25000,20000,0,10000
5391,50000,0,20000,30000,0,25000,20000,0,10000
5392,50000,0,20000,30000,0,25000,20000,0,10000
5393,50000,0,20000,30000,0,25000,20000,0,10000
5394,50000,0,20000,30000,0,25000,20000,0,10000
5395,50000,0,20000,30000,0,25000,20000,0,10000
5396,50000,0,20000,30000,0,25000,20000,0,10000
5397,50000,0,20000,30000,0,25000,20000,0,10000
5398,50000,0,20000,30000,0,25000,20000,0,10000
5399,50000,0,20000,30000,0,25000,20000,0,10000
5400,50000,0,20000,30000,0,25000,20000,0,10000
5401,50000,0,20000,30000,0,25000,20000,0,10000
5402,50000,0,20000,30000,0,25000,20000,0,10000
5403,50000,0,20000,30000,0,25000,20000,0,10000
5404,50000,0,20000,30000,0,25000,20000,0,10000
5405,50000,0,20000,30000,0,25000,20000,0,10000
5406,50000,0,20000,30000,0,25000,20000,0,10000
5407,50000,0,20000,30000,0,25000,20000,0,10000
5408,50000,0,20000,30000,0,25000,20000,0,10000
5409,50000,0,20000,30000,0,25000,20000,0,10000
5410,50000,0,20000,30000,0,25000,20000,0,10000
5411,50000,0,20000,30000,0,25000,20000,0,10000
5412,50000,0,20000,30000,0,25000,20000,0,10000
5413,50000,0,20000,30000,0,25000,20000,0,10000
5414,50000,0,20000,30000,0,25000,20000,0,10000
5415,50000,0,20000,30000,0,25000,20000,0,10000
5416,50000,0,20000,30000,0,25000,20000,0,10000
5417,50000,0,20000,30000,0,25000,20000,0,10000
5418,50000,0,20000,30000,0,25000,20000,0,10000
5419,50000,0,20000,30000,0,25000,20000,0,10000
5420,50000,0,20000,30000,0,25000,20000,0,10000
5421,50000,0,20000,30000,0,25000,20000,0,10000
5422,50000,0,20000,30000,0,25000,20000,0,10000
5423,50000,0,20000,30000,0,25000,20000,0,10000
5424,50000,0,20000,30000,0,25000,20000,0,10000
5425,50000,0,20000,30000,0,25000,20000,0,10000
5426,50000,0,20000,30000,0,25000,20000,0,10000
5427,50000,0,20000,30000,0,25000,20000,0,10000
5428,50000,0,20000,30000,0,25000,20000,0,10000
5429,50000,0,20000,30000,0,25000,20000,0,10000
5430,50000,0,20000,30000,0,25000,20000,0,10000
5431,50000,0,20000,30000,0,25000,20000,0,10000
5432,50000,0,20000,30000,0,25000,20000,0,10000
5433,50000,0,20000,30000,0,25000,20000,0,10000
5434,50000,0,20000,30000,0,25000,20000,0,10000
5435,50000,0,20000,30000,0,25000,20000,0,10000
5436,50000,0,20000,30000,0,25000,20000,0,10000
5437,50000,0,20000,30000,0,25000,20000,0,10000
5438,50000,0,20000,30000,0,25000,20000,0,10000
5439,50000,0,20000,30000,0,25000,20000,0,10000
5440,50000,0,20000,30000,0,25000,20000,0,10000
5441,50000,0,20000,30000,0,25000,20000,0,10000
5442,50000,0,20000,30000,0,25000,20000,0,10000
5443,50000,0,20000,30000,0,25000,20000,0,10000
5444,50000,0,20000,30000,0,25000,20000,0,10000
5445,50000,0,20000,30000,0,25000,20000,0,10000
5446,50000,0,20000,30000,0,25000,20000,0,10000
5447,50000,0,20000,30000,0,25000,20000,0,10000
5448,50000,0,20000,30000,0,25000,20000,0,10000
5449,50000,0,20000,30000,0,25000,20000,0,10000
5450,50000,0,20000,30000,0,25000,20000,0,10000
5451,50000,0,20000,30000,0,25000,20000,0,10000
5452,50000,0,20000,30000,0,25000,20000,0,10000
5453,50000,0,20000,30000,0,25000,20000,0,10000
5454,50000,0,20000,30000,0,25000,20000,0,10000
5455,50000,0,20000,30000,0,25000,20000,0,10000
5456,50000,0,20000,30000,0,25000,20000,0,10000
5457,50000,0,20000,30000,0,25000,20000,0,10000
5458,50000,0,20000,30000,0,25000,20000,0,10000
5459,50000,0,20000,30000,0,25000,20000,0,10000
5460,50000,0,20000,30000,0,25000,20000,0,10000
5461,50000,0,20000,30000,0,25000,20000,0,10000
5462,50000,0,20000,30000,0,25000,20000,0,10000
5463,50000,0,20000,30000,0,25000,20000,0,10000
5464,50000,0,20000,30000,0,25000,20000,0,10000
5465,50000,0,20000,30000,0,25000,20000,0,10000
5466,50000,0,20000,30000,0,25000,20000,0,10000
5467,50000,0,20000,30000,0,25000,20000,0,10000
5468,50000,0,20000,30000,0,25000,20000,0,10000
5469,50000,0,20000,30000,0,25000,20000,0,10000
5470,50000,0,20000,30000,0,25000,20000,0,10000
5471,50000,0,20000,30000,0,25000,20000,0,10000
5472,50000,0,20000,30000,0,25000,20000,0,10000
5473,50000,0,20000,30000,0,25000,20000,0,10000
5474,50000,0,20000,30000,0,25000,20000,0,10000
5475,50000,0,20000,30000,0,25000,20000,0,10000
5476,50000,0,20000,30000,0,25000,20000,0,10000
5477,50000,0,20000,30000,0,25000,20000,0,10000
5478,50000,0,20000,30000,0,25000,20000,0,10000
5479,50000,0,20000,30000,0,25000,20000,0,10000
5480,50000,0,20000,30000,0,25000,20000,0,10000
5481,50000,0,20000,30000,0,25000,20000,0,10000
5482,50000,0,20000,30000,0,25000,20000,0,10000
5483,50000,0,20000,30000,0,25000,20000,0,10000
5484,50000,0,20000,30000,0,25000,20000,0,10000
5485,50000,0,20000,30000,0,25000,20000,0,10000
5486,50000,0,20000,30000,0,25000,20000,0,10000
5487,50000,0,20000,30000,0,25000,20000,0,10000
5488,50000,0,20000,30000,0,25000,20000,0,10000
5489,50000,0,20000,30000,0,25000,20000,0,10000
5490,50000,0,20000,30000,0,25000,20000,0,10000
5491,50000,0,20000,30000,0,25000,20000,0,10000
5492,50000,0,20000,30000,0,25000,20000,0,10000
5493,50000,0,20000,30000,0,25000,20000,0,10000
5494,50000,0,20000,30000,0,25000,20000,0,10000
5495,50000,0,20000,30000,0,25000,20000,0,10000
5496,50000,0,20000,30000,0,25000,20000,0,10000
5497,50000,0,20000,30000,0,25000,20000,0,10000
5498,50000,0,20000,30000,0,25000,20000,0,10000
5499,50000,0,20000,30000,0,25000,20000,0,10000
5500,50000,0,20000,30000,0,25000,20000,0,10000
5501,50000,0,20000,30000,0,25000,20000,0,10000
5502,50000,0,20000,30000,0,25000,20000,0,10000
5503,50000,0,20000,30000,0,25000,20000,0,10000
5504,50000,0,20000,30000,0,25000,20000,0,10000
5505,50000,0,20000,30000,0,25000,20000,0,10000
5506,50000,0,20000,30000,0,25000,20000,0,10000
5507,50000,0,20000,30000,0,25000,20000,0,10000
5508,50000,0,20000,30000,0,25000,20000,0,10000
5509,50000,0,20000,30000,0,25000,20000,0,10000
5510,50000,0,20000,30000,0,25000,20000,0,10000
5511,50000,0,20000,30000,0,25000,20000,0,10000
5512,50000,0,20000,30000,0,25000,20000,0,10000
5513,50000,0,20000,30000,0,25000,20000,0,10000
5514,50000,0,20000,30000,0,25000,20000,0,10000
5515,50000,0,20000,30000,0,25000,20000,0,10000
5516,50000,0,20000,30000,0,25000,20000,0,10000
5517,50000,0,20000,30000,0,25000,20000,0,10000
5518,50000,0,20000,30000,0,25000,20000,0,10000
5519,50000,0,20000,30000,0,25000,20000,0,10000
5520,50000,0,20000,30000,0,25000,20000,0,10000
5521,50000,0,20000,30000,0,25000,20000,0,10000
5522,50000,0,20000,30000,0,25000,20000,0,10000
5523,50000,0,20000,30000,0,25000,20000,0,10000
5524,50000,0,20000,30000,0,25000,20000,0,10000
5525,50000,0,20000,30000,0,25000,20000,0,10000
5526,50000,0,20000,30000,0,25000,20000,0,10000
5527,50000,0,20000,30000,0,25000,20000,0,10000
5528,50000,0,20000,30000,0,25000,20000,0,10000
5529,50000,0,20000,30000,0,25000,20000,0,10000
5530,50000,0,20000,30000,0,25000,20000,0,10000
5531,50000,0,20000,30000,0,25000,20000,0,10000
5532,50000,0,20000,30000,0,25000,20000,0,10000
5533,50000,0,20000,30000,0,25000,20000,0,10000
5534,50000,0,20000,30000,0,25000,20000,0,10000
5535,50000,0,20000,30000,0,25000,20000,0,10000
5536,50000,0,20000,30000,0,25000,20000,0,10000
5537,50000,0,20000,30000,0,25000,20000,0,10000
5538,50000,0,20000,30000,0,25000,20000,0,10000
5539,50000,0,20000,30000,0,25000,20000,0,10000
5540,50000,0,20000,30000,0,25000,20000,0,10000
5541,50000,0,20000,30000,0,25000,20000,0,10000
5542,50000,0,20000,30000,0,25000,20000,0,10000
5543,50000,0,20000,30000,0,25000,20000,0,10000
5544,50000,0,20000,30000,0,25000,20000,0,10000
5545,50000,0,20000,30000,0,25000,20000,0,10000
5546,50000,0,20000,30000,0,25000,20000,0,10000
5547,50000,0,20000,30000,0,25000,20000,0,10000
5548,50000,0,20000,30000,0,25000,20000,0,10000
5549,50000,0,20000,30000,0,25000,20000,0,10000
5550,50000,0,20000,30000,0,25000,20000,0,10000
5551,50000,0,20000,30000,0,25000,20000,0,10000
5552,50000,0,20000,30000,0,25000,20000,0,10000
5553,50000,0,20000,30000,0,25000,20000,0,10000
5554,50000,0,20000,30000,0,25000,20000,0,10000
5555,50000,0,20000,30000,0,25000,20000,0,10000
5556,50000,0,20000,30000,0,25000,20000,0,10000
5557,50000,0,20000,30000,0,25000,20000,0,10000
5558,50000,0,20000,30000,0,25000,20000,0,10000
5559,50000,0,20000,30000,0,25000,20000,0,10000
5560,50000,0,20000,30000,0,25000,20000,0,10000
5561,50000,0,20000,30000,0,25000,20000,0,10000
5562,50000,0,20000,30000,0,25000,20000,0,10000
5563,50000,0,20000,30000,0,25000,20000,0,10000
5564,50000,0,20000,30000,0,25000,20000,0,10000
5565,50000,0,20000,30000,0,25000,20000,0,10000
5566,50000,0,20000,30000,0,25000,20000,0,10000
5567,50000,0,20000,30000,0,25000,20000,0,10000
5568,50000,0,20000,30000,0,25000,20000,0,10000
5569,50000,0,20000,30000,0,25000,20000,0,10000
5570,50000,0,20000,30000,0,25000,20000,0,10000
5571,50000,0,20000,30000,0,25000,20000,0,10000
5572,50000,0,20000,30000,0,25000,20000,0,10000
5573,50000,0,20000,30000,0,25000,20000,0,10000
5574,50000,0,20000,30000,0,25000,20000,0,10000
5575,50000,0,20000,30000,0,25000,20000,0,10000
5576,50000,0,20000,30000,0,25000,20000,0,10000
5577,50000,0,20000,30000,0,25000,20000,0,10000
5578,50000,0,20000,30000,0,25000,20000,0,10000
5579,50000,0,20000,30000,0,25000,20000,0,10000
5580,50000,0,20000,30000,0,25000,20000,0,10000
5581,50000,0,20000,30000,0,25000,20000,0,10000
5582,50000,0,20000,30000,0,25000,20000,0,10000
5583,50000,0,20000,30000,0,25000,20000,0,10000
5584,50000,0,20000,30000,0,25000,20000,0,10000
5585,50000,0,20000,30000,0,25000,20000,0,10000
5586,50000,0,20000,30000,0,25000,20000,0,10000
5587,50000,0,20000,30000,0,25000,20000,0,10000
5588,50000,0,20000,30000,0,25000,20000,0,10000
5589,50000,0,20000,30000,0,25000,20000,0,10000
5590,50000,0,20000,30000,0,25000,20000,0,10000
5591,50000,0,20000,30000,0,25000,20000,0,10000
5592,50000,0,20000,30000,0,25000,20000,0,10000
5593,50000,0,20000,30000,0,25000,20000,0,10000
5594,50000,0,20000,30000,0,25000,20000,0,10000
5595,50000,0,20000,30000,0,25000,20000,0,10000
5596,50000,0,20000,30000,0,25000,20000,0,10000
5597,50000,0,20000,30000,0,25000,20000,0,10000
5598,50000,0,20000,30000,0,25000,20000,0,10000
5599,50000,0,20000,30000,0,25000,20000,0,10000
5600,50000,0,20000,30000,0,25000,20000,0,10000
5601,50000,0,20000,30000,0,25000,20000,0,10000
5602,50000,0,20000,30000,0,25000,20000,0,10000
5603,50000,0,20000,30000,0,25000,20000,0,10000
5604,50000,0,20000,30000,0,25000,20000,0,10000
5605,50000,0,20000,30000,0,25000,20000,0,10000
5606,50000,0,20000,30000,0,25000,20000,0,10000
5607,50000,0,20000,30000,0,25000,20000,0,10000
5608,50000,0,20000,30000,0,25000,20000,0,10000
5609,50000,0,20000,30000,0,25000,20000,0,10000
5610,50000,0,20000,30000,0,25000,20000,0,10000
5611,50000,0,20000,30000,0,25000,20000,0,10000
5612,50000,0,20000,30000,0,25000,20000,0,10000
5613,50000,0,20000,30000,0,25000,20000,0,10000
5614,50000,0,20000,30000,0,25000,20000,0,10000
5615,50000,0,20000,30000,0,25000,20000,0,10000
5616,50000,0,20000,30000,0,25000,20000,0,10000
5617,50000,0,20000,30000,0,25000,20000,0,10000
5618,50000,0,20000,30000,0,25000,20000,0,10000
5619,50000,0,20000,30000,0,25000,20000,0,10000
5620,50000,0,20000,30000,0,25000,20000,0,10000
5621,50000,0,20000,30000,0,25000,20000,0,10000
5622,50000,0,20000,30000,0,25000,20000,0,10000
5623,50000,0,20000,30000,0,25000,20000,0,10000
5624,50000,0,20000,30000,0,25000,20000,0,10000
5625,50000,0,20000,30000,0,25000,20000,0,10000
5626,50000,0,20000,30000,0,25000,20000,0,10000
5627,50000,0,20000,30000,0,25000,20000,0,10000
5628,50000,0,20000,30000,0,25000,20000,0,10000
5629,50000,0,20000,30000,0,25000,20000,0,10000
5630,50000,0,20000,30000,0,25000,20000,0,10000
5631,50000,0,20000,30000,0,25000,20000,0,10000
5632,50000,0,20000,30000,0,25000,20000,0,10000
5633,50000,0,20000,30000,0,25000,20000,0,10000
5634,50000,0,20000,30000,0,25000,20000,0,10000
5635,50000,0,20000,30000,0,25000,20000,0,10000
5636,50000,0,20000,30000,0,25000,20000,0,10000
5637,50000,0,20000,30000,0,25000,20000,0,10000
5638,50000,0,20000,30000,0,25000,20000,0,10000
5639,50000,0,20000,30000,0,25000,20000,0,10000
5640,50000,0,20000,30000,0,25000,20000,0,10000
5641,50000,0,20000,30000,0,25000,20000,0,10000
5642,50000,0,20000,30000,0,25000,20000,0,10000
5643,50000,0,20000,30000,0,25000,20000,0,10000
5644,50000,0,20000,30000,0,25000,20000,0,10000
5645,50000,0,20000,30000,0,25000,20000,0,10000
5646,50000,0,20000,30000,0,25000,20000,0,10000
5647,50000,0,20000,30000,0,25000,20000,0,10000
5648,50000,0,20000,30000,0,25000,20000,0,10000
5649,50000,0,20000,30000,0,25000,20000,0,10000
5650,50000,0,20000,30000,0,25000,20000,0,10000
5651,50000,0,20000,30000,0,25000,20000,0,10000
5652,50000,0,20000,30000,0,25000,20000,0,10000
5653,50000,0,20000,30000,0,25000,20000,0,10000
5654,50000,0,20000,30000,0,25000,20000,0,10000
5655,50000,0,20000,30000,0,25000,20000,0,10000
5656,50000,0,20000,30000,0,25000,20000,0,10000
5657,50000,0,20000,30000,0,25000,20000,0,10000
5658,50000,0,20000,30000,0,25000,20000,0,10000
5659,50000,0,20000,30000,0,25000,20000,0,10000
5660,50000,0,20000,30000,0,25000,20000,0,10000
5661,50000,0,20000,30000,0,25000,20000,0,10000
5662,50000,0,20000,30000,0,25000,20000,0,10000
5663,50000,0,20000,30000,0,25000,20000,0,10000
5664,50000,0,20000,30000,0,25000,20000,0,10000
5665,50000,0,20000,30000,0,25000,20000,0,10000
5666,50000,0,20000,30000,0,25000,20000,0,10000
5667,50000,0,20000,30000,0,25000,20000,0,10000
5668,50000,0,20000,30000,0,25000,20000,0,10000
5669,50000,0,20000,30000,0,25000,20000,0,10000
5670,50000,0,20000,30000,0,25000,20000,0,10000
5671,50000,0,20000,30000,0,25000,20000,0,10000
5672,50000,0,20000,30000,0,25000,20000,0,10000
5673,50000,0,20000,30000,0,25000,20000,0,10000
5674,50000,0,20000,30000,0,25000,20000,0,10000
5675,50000,0,20000,30000,0,25000,20000,0,10000
5676,50000,0,20000,30000,0,25000,20000,0,10000
5677,50000,0,20000,30000,0,25000,20000,0,10000
5678,50000,0,20000,30000,0,25000,20000,0,10000
5679,50000,0,20000,30000,0,25000,20000,0,10000
5680,50000,0,20000,30000,0,25000,20000,0,10000
5681,50000,0,20000,30000,0,25000,20000,0,10000
5682,50000,0,20000,30000,0,25000,20000,0,10000
5683,50000,0,20000,30000,0,25000,20000,0,10000
5684,50000,0,20000,30000,0,25000,20000,0,10000
5685,50000,0,20000,30000,0,25000,20000,0,10000
5686,50000,0,20000,30000,0,25000,20000,0,10000
5687,50000,0,20000,30000,0,25000,20000,0,10000
5688,50000,0,20000,30000,0,25000,20000,0,10000
5689,50000,0,20000,30000,0,25000,20000,0,10000
5690,50000,0,20000,30000,0,25000,20000,0,10000
5691,50000,0,20000,30000,0,25000,20000,0,10000
5692,50000,0,20000,30000,0,25000,20000,0,10000
5693,50000,0,20000,30000,0,25000,20000,0,10000
5694,50000,0,20000,30000,0,25000,20000,0,10000
5695,50000,0,20000,30000,0,25000,20000,0,10000
5696,50000,0,20000,30000,0,25000,20000,0,10000
5697,50000,0,20000,30000,0,25000,20000,0,10000
5698,50000,0,20000,30000,0,25000,20000,0,10000
5699,50000,0,20000,30000,0,25000,20000,0,10000
5700,50000,0,20000,30000,0,25000,20000,0,10000
5701,50000,0,20000,30000,0,25000,20000,0,10000
5702,50000,0,20000,30000,0,25000,20000,0,10000
5703,50000,0,20000,30000,0,25000,20000,0,10000
5704,50000,0,20000,30000,0,25000,20000,0,10000
5705,50000,0,20000,30000,0,25000,20000,0,10000
5706,50000,0,20000,30000,0,25000,20000,0,10000
5707,50000,0,20000,30000,0,25000,20000,0,10000
5708,50000,0,20000,30000,0,25000,20000,0,10000
5709,50000,0,20000,30000,0,25000,20000,0,10000
5710,50000,0,20000,30000,0,25000,20000,0,10000
5711,50000,0,20000,30000,0,25000,20000,0,10000
5712,50000,0,20000,30000,0,25000,20000,0,10000
5713,50000,0,20000,30000,0,25000,20000,0,10000
5714,50000,0,20000,30000,0,25000,20000,0,10000
5715,50000,0,20000,30000,0,25000,20000,0,10000
5716,50000,0,20000,30000,0,25000,20000,0,10000
5717,50000,0,20000,30000,0,25000,20000,0,10000
5718,50000,0,20000,30000,0,25000,20000,0,10000
5719,50000,0,20000,30000,0,25000,20000,0,10000
5720,50000,0,20000,30000,0,25000,20000,0,10000
5721,50000,0,20000,30000,0,25000,20000,0,10000
5722,50000,0,20000,30000,0,25000,20000,0,10000
5723,50000,0,20000,30000,0,25000,20000,0,10000
5724,50000,0,20000,30000,0,25000,20000,0,10000
5725,50000,0,20000,30000,0,25000,20000,0,10000
5726,50000,0,20000,30000,0,25000,20000,0,10000
5727,50000,0,20000,30000,0,25000,20000,0,10000
5728,50000,0,20000,30000,0,25000,20000,0,10000
5729,50000,0,20000,30000,0,25000,20000,0,10000
5730,50000,0,20000,30000,0,25000,20000,0,10000
5731,50000,0,20000,30000,0,25000,20000,0,10000
5732,50000,0,20000,30000,0,25000,20000,0,10000
5733,50000,0,20000,30000,0,25000,20000,0,10000
5734,50000,0,20000,30000,0,25000,20000,0,10000
5735,50000,0,20000,30000,0,25000,20000,0,10000
5736,50000,0,20000,30000,0,25000,20000,0,10000
5737,50000,0,20000,30000,0,25000,20000,0,10000
5738,50000,0,20000,30000,0,25000,20000,0,10000
5739,50000,0,20000,30000,0,25000,20000,0,10000
5740,50000,0,20000,30000,0,25000,20000,0,10000
5741,50000,0,20000,30000,0,25000,20000,0,10000
5742,50000,0,20000,30000,0,25000,20000,0,10000
5743,50000,0,20000,30000,0,25000,20000,0,10000
5744,50000,0,20000,30000,0,25000,20000,0,10000
5745,50000,0,20000,30000,0,25000,20000,0,10000
5746,50000,0,20000,30000,0,25000,20000,0,10000
5747,50000,0,20000,30000,0,25000,20000,0,10000
5748,50000,0,20000,30000,0,25000,20000,0,10000
5749,50000,0,20000,30000,0,25000,20000,0,10000
5750,50000,0,20000,30000,0,25000,20000,0,10000
5751,50000,0,20000,30000,0,25000,20000,0,10000
5752,50000,0,20000,30000,0,25000,20000,0,10000
5753,50000,0,20000,30000,0,25000,20000,0,10000
5754,50000,0,20000,30000,0,25000,20000,0,10000
5755,50000,0,20000,30000,0,25000,20000,0,10000
5756,50000,0,20000,30000,0,25000,20000,0,10000
5757,50000,0,20000,30000,0,25000,20000,0,10000
5758,50000,0,20000,30000,0,25000,20000,0,10000
5759,50000,0,20000,30000,0,25000,20000,0,10000
5760,50000,0,20000,30000,0,25000,20000,0,10000
5761,50000,0,20000,30000,0,25000,20000,0,10000
5762,50000,0,20000,30000,0,25000,20000,0,10000
5763,50000,0,20000,30000,0,25000,20000,0,10000
5764,50000,0,20000,30000,0,25000,20000,0,10000
5765,50000,0,20000,30000,0,25000,20000,0,10000
5766,50000,0,20000,30000,0,25000,20000,0,10000
5767,50000,0,20000,30000,0,25000,20000,0,10000
5768,50000,0,20000,30000,0,25000,20000,0,10000
5769,50000,0,20000,30000,0,25000,20000,0,10000
5770,50000,0,20000,30000,0,25000,20000,0,10000
5771,50000,0,20000,30000,0,25000,20000,0,10000
5772,50000,0,20000,30000,0,25000,20000,0,10000
5773,50000,0,20000,30000,0,25000,20000,0,10000
5774,50000,0,20000,30000,0,25000,20000,0,10000
5775,50000,0,20000,30000,0,25000,20000,0,10000
5776,50000,0,20000,30000,0,25000,20000,0,10000
5777,50000,0,20000,30000,0,25000,20000,0,10000
5778,50000,0,20000,30000,0,25000,20000,0,10000
5779,50000,0,20000,30000,0,25000,20000,0,10000
5780,50000,0,20000,30000,0,25000,20000,0,10000
5781,50000,0,20000,30000,0,25000,20000,0,10000
5782,50000,0,20000,30000,0,25000,20000,0,10000
5783,50000,0,20000,30000,0,25000,20000,0,10000
5784,50000,0,20000,30000,0,25000,20000,0,10000
5785,50000,0,20000,30000,0,25000,20000,0,10000
5786,50000,0,20000,30000,0,25000,20000,0,10000
5787,50000,0,20000,30000,0,25000,20000,0,10000
5788,50000,0,20000,30000,0,25000,20000,0,10000
5789,50000,0,20000,30000,0,25000,20000,0,10000
5790,50000,0,20000,30000,0,25000,20000,0,10000
5791,50000,0,20000,30000,0,25000,20000,0,10000
5792,50000,0,20000,30000,0,25000,20000,0,10000
5793,50000,0,20000,30000,0,25000,20000,0,10000
5794,50000,0,20000,30000,0,25000,20000,0,10000
5795,50000,0,20000,30000,0,25000,20000,0,10000
5796,50000,0,20000,30000,0,25000,20000,0,10000
5797,50000,0,20000,30000,0,25000,20000,0,10000
5798,50000,0,20000,30000,0,25000,20000,0,10000
5799,50000,0,20000,30000,0,25000,20000,0,10000
5800,50000,0,20000,30000,0,25000,20000,0,10000
5801,50000,0,20000,30000,0,25000,20000,0,10000
5802,50000,0,20000,30000,0,25000,20000,0,10000
5803,50000,0,20000,30000,0,25000,20000,0,10000
5804,50000,0,20000,30000,0,25000,20000,0,10000
5805,50000,0,20000,30000,0,25000,20000,0,10000
5806,50000,0,20000,30000,0,25000,20000,0,10000
5807,50000,0,20000,30000,0,25000,20000,0,10000
5808,50000,0,20000,30000,0,25000,20000,0,10000
5809,50000,0,20000,30000,0,25000,20000,0,10000
5810,50000,0,20000,30000,0,25000,20000,0,10000
5811,50000,0,20000,30000,0,25000,20000,0,10000
5812,50000,0,20000,30000,0,25000,20000,0,10000
5813,50000,0,20000,30000,0,25000,20000,0,10000
5814,50000,0,20000,30000,0,25000,20000,0,10000
5815,50000,0,20000,30000,0,25000,20000,0,10000
5816,50000,0,20000,30000,0,25000,20000,0,10000
5817,50000,0,20000,30000,0,25000,20000,0,10000
5818,50000,0,20000,30000,0,25000,20000,0,10000
5819,50000,0,20000,30000,0,25000,20000,0,10000
5820,50000,0,20000,30000,0,25000,20000,0,10000
5821,50000,0,20000,30000,0,25000,20000,0,10000
5822,50000,0,20000,30000,0,25000,20000,0,10000
5823,50000,0,20000,30000,0,25000,20000,0,10000
5824,50000,0,20000,30000,0,25000,20000,0,10000
5825,50000,0,20000,30000,0,25000,20000,0,10000
5826,50000,0,20000,30000,0,25000,20000,0,10000
5827,50000,0,20000,30000,0,25000,20000,0,10000
5828,50000,0,20000,30000,0,25000,20000,0,10000
5829,50000,0,20000,30000,0,25000,20000,0,10000
5830,50000,0,20000,30000,0,25000,20000,0,10000
5831,50000,0,20000,30000,0,25000,20000,0,10000
5832,50000,0,20000,30000,0,25000,20000,0,10000
5833,50000,0,20000,30000,0,25000,20000,0,10000
5834,50000,0,20000,30000,0,25000,20000,0,10000
5835,50000,0,20000,30000,0,25000,20000,0,10000
5836,50000,0,20000,30000,0,25000,20000,0,10000
5837,50000,0,20000,30000,0,25000,20000,0,10000
5838,50000,0,20000,30000,0,25000,20000,0,10000
5839,50000,0,20000,30000,0,25000,20000,0,10000
5840,50000,0,20000,30000,0,25000,20000,0,10000
5841,50000,0,20000,30000,0,25000,20000,0,10000
5842,50000,0,20000,30000,0,25000,20000,0,10000
5843,50000,0,20000,30000,0,25000,20000,0,10000
5844,50000,0,20000,30000,0,25000,20000,0,10000
5845,50000,0,20000,30000,0,25000,20000,0,10000
5846,50000,0,20000,30000,0,25000,20000,0,10000
5847,50000,0,20000,30000,0,25000,20000,0,10000
5848,50000,0,20000,30000,0,25000,20000,0,10000
5849,50000,0,20000,30000,0,25000,20000,0,10000
5850,50000,0,20000,30000,0,25000,20000,0,10000
5851,50000,0,20000,30000,0,25000,20000,0,10000
5852,50000,0,20000,30000,0,25000,20000,0,10000
5853,50000,0,20000,30000,0,25000,20000,0,10000
5854,50000,0,20000,30000,0,25000,20000,0,10000
5855,50000,0,20000,30000,0,25000,20000,0,10000
5856,50000,0,20000,30000,0,25000,20000,0,10000
5857,50000,0,20000,30000,0,25000,20000,0,10000
5858,50000,0,20000,30000,0,25000,20000,0,10000
5859,50000,0,20000,30000,0,25000,20000,0,10000
5860,50000,0,20000,30000,0,25000,20000,0,10000
5861,50000,0,20000,30000,0,25000,20000,0,10000
5862,50000,0,20000,30000,0,25000,20000,0,10000
5863,50000,0,20000,30000,0,25000,20000,0,10000
5864,50000,0,20000,30000,0,25000,20000,0,10000
5865,50000,0,20000,30000,0,25000,20000,0,10000
5866,50000,0,20000,30000,0,25000,20000,0,10000
5867,50000,0,20000,30000,0,25000,20000,0,10000
5868,50000,0,20000,30000,0,25000,20000,0,10000
5869,50000,0,20000,30000,0,25000,20000,0,10000
5870,50000,0,20000,30000,0,25000,20000,0,10000
5871,50000,0,20000,30000,0,25000,20000,0,10000
5872,50000,0,20000,30000,0,25000,20000,0,10000
5873,50000,0,20000,30000,0,25000,20000,0,10000
5874,50000,0,20000,30000,0,25000,20000,0,10000
5875,50000,0,20000,30000,0,25000,20000,0,10000
5876,50000,0,20000,30000,0,25000,20000,0,10000
5877,50000,0,20000,30000,0,25000,20000,0,10000
5878,50000,0,20000,30000,0,25000,20000,0,10000
5879,50000,0,20000,30000,0,25000,20000,0,10000
5880,50000,0,20000,30000,0,25000,20000,0,10000
5881,50000,0,20000,30000,0,25000,20000,0,10000
5882,50000,0,20000,30000,0,25000,20000,0,10000
5883,50000,0,20000,30000,0,25000,20000,0,10000
5884,50000,0,20000,30000,0,25000,20000,0,10000
5885,50000,0,20000,30000,0,25000,20000,0,10000
5886,50000,0,20000,30000,0,25000,20000,0,10000
5887,50000,0,20000,30000,0,25000,20000,0,10000
5888,50000,0,20000,30000,0,25000,20000,0,10000
5889,50000,0,20000,30000,0,25000,20000,0,10000
5890,50000,0,20000,30000,0,25000,20000,0,10000
5891,50000,0,20000,30000,0,25000,20000,0,10000
5892,50000,0,20000,30000,0,25000,20000,0,10000
5893,50000,0,20000,30000,0,25000,20000,0,10000
5894,50000,0,20000,30000,0,25000,20000,0,10000
5895,50000,0,20000,30000,0,25000,20000,0,10000
5896,50000,0,20000,30000,0,25000,20000,0,10000
5897,50000,0,20000,30000,0,25000,20000,0,10000
5898,50000,0,20000,30000,0,25000,20000,0,10000
5899,50000,0,20000,30000,0,25000,20000,0,10000
5900,50000,0,20000,30000,0,25000,20000,0,10000
5901,50000,0,20000,30000,0,25000,20000,0,10000
5902,50000,0,20000,30000,0,25000,20000,0,10000
5903,50000,0,20000,30000,0,25000,20000,0,10000
5904,50000,0,20000,30000,0,25000,20000,0,10000
5905,50000,0,20000,30000,0,25000,20000,0,10000
5906,50000,0,20000,30000,0,25000,20000,0,10000
5907,50000,0,20000,30000,0,25000,20000,0,10000
5908,50000,0,20000,30000,0,25000,20000,0,10000
5909,50000,0,20000,30000,0,25000,20000,0,10000
5910,50000,0,20000,30000,0,25000,20000,0,10000
5911,50000,0,20000,30000,0,25000,20000,0,10000
5912,50000,0,20000,30000,0,25000,20000,0,10000
5913,50000,0,20000,30000,0,25000,20000,0,10000
5914,50000,0,20000,30000,0,25000,20000,0,10000
5915,50000,0,20000,30000,0,25000,20000,0,10000
5916,50000,0,20000,30000,0,25000,20000,0,10000
5917,50000,0,20000,30000,0,25000,20000,0,10000
5918,50000,0,20000,30000,0,25000,20000,0,10000
5919,50000,0,20000,30000,0,25000,20000,0,10000
5920,50000,0,20000,30000,0,25000,20000,0,10000
5921,50000,0,20000,30000,0,25000,20000,0,10000
5922,50000,0,20000,30000,0,25000,20000,0,10000
5923,50000,0,20000,30000,0,25000,20000,0,10000
5924,50000,0,20000,30000,0,25000,20000,0,10000
5925,50000,0,20000,30000,0,25000,20000,0,10000
5926,50000,0,20000,30000,0,25000,20000,0,10000
5927,50000,0,20000,30000,0,25000,20000,0,10000
5928,50000,0,20000,30000,0,25000,20000,0,10000
5929,50000,0,20000,30000,0,25000,20000,0,10000
5930,50000,0,20000,30000,0,25000,20000,0,10000
5931,50000,0,20000,30000,0,25000,20000,0,10000
5932,50000,0,20000,30000,0,25000,20000,0,10000
5933,50000,0,20000,30000,0,25000,20000,0,10000
5934,50000,0,20000,30000,0,25000,20000,0,10000
5935,50000,0,20000,30000,0,25000,20000,0,10000
5936,50000,0,20000,30000,0,25000,20000,0,10000
5937,50000,0,20000,30000,0,25000,20000,0,10000
5938,50000,0,20000,30000,0,25000,20000,0,10000
5939,50000,0,20000,30000,0,25000,20000,0,10000
5940,50000,0,20000,30000,0,25000,20000,0,10000
5941,50000,0,20000,30000,0,25000,20000,0,10000
5942,50000,0,20000,30000,0,25000,20000,0,10000
5943,50000,0,20000,30000,0,25000,20000,0,10000
5944,50000,0,20000,30000,0,25000,20000,0,10000
5945,50000,0,20000,30000,0,25000,20000,0,10000
5946,50000,0,20000,30000,0,25000,20000,0,10000
5947,50000,0,20000,30000,0,25000,20000,0,10000
5948,50000,0,20000,30000,0,25000,20000,0,10000
5949,50000,0,20000,30000,0,25000,20000,0,10000
5950,50000,0,20000,30000,0,25000,20000,0,10000
5951,50000,0,20000,30000,0,25000,20000,0,10000
5952,50000,0,20000,30000,0,25000,20000,0,10000
5953,50000,0,20000,30000,0,25000,20000,0,10000
5954,50000,0,20000,30000,0,25000,20000,0,10000
5955,50000,0,20000,30000,0,25000,20000,0,10000
5956,50000,0,20000,30000,0,25000,20000,0,10000
5957,50000,0,20000,30000,0,25000,20000,0,10000
5958,50000,0,20000,30000,0,25000,20000,0,10000
5959,50000,0,20000,30000,0,25000,20000,0,10000
5960,50000,0,20000,30000,0,25000,20000,0,10000
5961,50000,0,20000,30000,0,25000,20000,0,10000
5962,50000,0,20000,30000,0,25000,20000,0,10000
5963,50000,0,20000,30000,0,25000,20000,0,10000
5964,50000,0,20000,30000,0,25000,20000,0,10000
5965,50000,0,20000,30000,0,25000,20000,0,10000
5966,50000,0,20000,30000,0,25000,20000,0,10000
5967,50000,0,20000,30000,0,25000,20000,0,10000
5968,50000,0,20000,30000,0,25000,20000,0,10000
5969,50000,0,20000,30000,0,25000,20000,0,10000
5970,50000,0,20000,30000,0,25000,20000,0,10000
5971,50000,0,20000,30000,0,25000,20000,0,10000
5972,50000,0,20000,30000,0,25000,20000,0,10000
5973,50000,0,20000,30000,0,25000,20000,0,10000
5974,50000,0,20000,30000,0,25000,20000,0,10000
5975,50000,0,20000,30000,0,25000,20000,0,10000
5976,50000,0,20000,30000,0,25000,20000,0,10000
5977,50000,0,20000,30000,0,25000,20000,0,10000
5978,50000,0,20000,30000,0,25000,20000,0,10000
5979,50000,0,20000,30000,0,25000,20000,0,10000
5980,50000,0,20000,30000,0,25000,20000,0,10000
5981,50000,0,20000,30000,0,25000,20000,0,10000
5982,50000,0,20000,30000,0,25000,20000,0,10000
5983,50000,0,20000,30000,0,25000,20000,0,10000
5984,50000,0,20000,30000,0,25000,20000,0,10000
5985,50000,0,20000,30000,0,25000,20000,0,10000
5986,50000,0,20000,30000,0,25000,20000,0,10000
5987,50000,0,20000,30000,0,25000,20000,0,10000
5988,50000,0,20000,30000,0,25000,20000,0,10000
5989,50000,0,20000,30000,0,25000,20000,0,10000
5990,50000,0,20000,30000,0,25000,20000,0,10000
5991,50000,0,20000,30000,0,25000,20000,0,10000
5992,50000,0,20000,30000,0,25000,20000,0,10000
5993,50000,0,20000,30000,0,25000,20000,0,10000
5994,50000,0,20000,30000,0,25000,20000,0,10000
5995,50000,0,20000,30000,0,25000,20000,0,10000
5996,50000,0,20000,30000,0,25000,20000,0,10000
5997,50000,0,20000,30000,0,25000,20000,0,10000
5998,50000,0,20000,30000,0,25000,20000,0,10000
5999,50000,0,20000,30000,0,25000,20000,0,10000
6000,50000,0,20000,30000,0,25000,20000,0,10000
6001,50000,0,20000,30000,0,25000,20000,0,10000
6002,50000,0,20000,30000,0,25000,20000,0,10000
6003,50000,0,20000,30000,0,25000,20000,0,10000
6004,50000,0,20000,30000,0,25000,20000,0,10000
6005,50000,0,20000,30000,0,25000,20000,0,10000
6006,50000,0,20000,30000,0,25000,20000,0,10000
6007,50000,0,20000,30000,0,25000,20000,0,10000
6008,50000,0,20000,30000,0,25000,20000,0,10000
6009,50000,0,20000,30000,0,25000,20000,0,10000
6010,50000,0,20000,30000,0,25000,20000,0,10000
6011,50000,0,20000,30000,0,25000,20000,0,10000
6012,50000,0,20000,30000,0,25000,20000,0,10000
6013,50000,0,20000,30000,0,25000,20000,0,10000
6014,50000,0,20000,30000,0,25000,20000,0,10000
6015,50000,0,20000,30000,0,25000,20000,0,10000
6016,50000,0,20000,30000,0,25000,20000,0,10000
6017,50000,0,20000,30000,0,25000,20000,0,10000
6018,50000,0,20000,30000,0,25000,20000,0,10000
6019,50000,0,20000,30000,0,25000,20000,0,10000
6020,50000,0,20000,30000,0,25000,20000,0,10000
6021,50000,0,20000,30000,0,25000,20000,0,10000
6022,50000,0,20000,30000,0,25000,20000,0,10000
6023,50000,0,20000,30000,0,25000,20000,0,10000
6024,50000,0,20000,30000,0,25000,20000,0,10000
6025,50000,0,20000,30000,0,25000,20000,0,10000
6026,50000,0,20000,30000,0,25000,20000,0,10000
6027,50000,0,20000,30000,0,25000,20000,0,10000
6028,50000,0,20000,30000,0,25000,20000,0,10000
6029,50000,0,20000,30000,0,25000,20000,0,10000
6030,50000,0,20000,30000,0,25000,20000,0,10000
6031,50000,0,20000,30000,0,25000,20000,0,10000
6032,50000,0,20000,30000,0,25000,20000,0,10000
6033,50000,0,20000,30000,0,25000,20000,0,10000
6034,50000,0,20000,30000,0,25000,20000,0,10000
6035,50000,0,20000,30000,0,25000,20000,0,10000
6036,50000,0,20000,30000,0,25000,20000,0,10000
6037,50000,0,20000,30000,0,25000,20000,0,10000
6038,50000,0,20000,30000,0,25000,20000,0,10000
6039,50000,0,20000,30000,0,25000,20000,0,10000
6040,50000,0,20000,30000,0,25000,20000,0,10000
6041,50000,0,20000,30000,0,25000,20000,0,10000
6042,50000,0,20000,30000,0,25000,20000,0,10000
6043,50000,0,20000,30000,0,25000,20000,0,10000
6044,50000,0,20000,30000,0,25000,20000,0,10000
6045,50000,0,20000,30000,0,25000,20000,0,10000
6046,50000,0,20000,30000,0,25000,20000,0,10000
6047,50000,0,20000,30000,0,25000,20000,0,10000
6048,50000,0,20000,30000,0,25000,20000,0,10000
6049,50000,0,20000,30000,0,25000,20000,0,10000
6050,50000,0,20000,30000,0,25000,20000,0,10000
6051,50000,0,20000,30000,0,25000,20000,0,10000
6052,50000,0,20000,30000,0,25000,20000,0,10000
6053,50000,0,20000,30000,0,25000,20000,0,10000
6054,50000,0,20000,30000,0,25000,20000,0,10000
6055,50000,0,20000,30000,0,25000,20000,0,10000
6056,50000,0,20000,30000,0,25000,20000,0,10000
6057,50000,0,20000,30000,0,25000,20000,0,10000
6058,50000,0,20000,30000,0,25000,20000,0,10000
6059,50000,0,20000,30000,0,25000,20000,0,10000
6060,50000,0,20000,30000,0,25000,20000,0,10000
6061,50000,0,20000,30000,0,25000,20000,0,10000
6062,50000,0,20000,30000,0,25000,20000,0,10000
6063,50000,0,20000,30000,0,25000,20000,0,10000
6064,50000,0,20000,30000,0,25000,20000,0,10000
6065,50000,0,20000,30000,0,25000,20000,0,10000
6066,50000,0,20000,30000,0,25000,20000,0,10000
6067,50000,0,20000,30000,0,25000,20000,0,10000
6068,50000,0,20000,30000,0,25000,20000,0,10000
6069,50000,0,20000,30000,0,25000,20000,0,10000
6070,50000,0,20000,30000,0,25000,20000,0,10000
6071,50000,0,20000,30000,0,25000,20000,0,10000
6072,50000,0,20000,30000,0,25000,20000,0,10000
6073,50000,0,20000,30000,0,25000,20000,0,10000
6074,50000,0,20000,30000,0,25000,20000,0,10000
6075,50000,0,20000,30000,0,25000,20000,0,10000
6076,50000,0,20000,30000,0,25000,20000,0,10000
6077,50000,0,20000,30000,0,25000,20000,0,10000
6078,50000,0,20000,30000,0,25000,20000,0,10000
6079,50000,0,20000,30000,0,25000,20000,0,10000
6080,50000,0,20000,30000,0,25000,20000,0,10000
6081,50000,0,20000,30000,0,25000,20000,0,10000
6082,50000,0,20000,30000,0,25000,20000,0,10000
6083,50000,0,20000,30000,0,25000,20000,0,10000
6084,50000,0,20000,30000,0,25000,20000,0,10000
6085,50000,0,20000,30000,0,25000,20000,0,10000
6086,50000,0,20000,30000,0,25000,20000,0,10000
6087,50000,0,20000,30000,0,25000,20000,0,10000
6088,50000,0,20000,30000,0,25000,20000,0,10000
6089,50000,0,20000,30000,0,25000,20000,0,10000
6090,50000,0,20000,30000,0,25000,20000,0,10000
6091,50000,0,20000,30000,0,25000,20000,0,10000
6092,50000,0,20000,30000,0,25000,20000,0,10000
6093,50000,0,20000,30000,0,25000,20000,0,10000
6094,50000,0,20000,30000,0,25000,20000,0,10000
6095,50000,0,20000,30000,0,25000,20000,0,10000
6096,50000,0,20000,30000,0,25000,20000,0,10000
6097,50000,0,20000,30000,0,25000,20000,0,10000
6098,50000,0,20000,30000,0,25000,20000,0,10000
6099,50000,0,20000,30000,0,25000,20000,0,10000
6100,50000,0,20000,30000,0,25000,20000,0,10000
6101,50000,0,20000,30000,0,25000,20000,0,10000
6102,50000,0,20000,30000,0,25000,20000,0,10000
6103,50000,0,20000,30000,0,25000,20000,0,10000
6104,50000,0,20000,30000,0,25000,20000,0,10000
6105,50000,0,20000,30000,0,25000,20000,0,10000
6106,50000,0,20000,30000,0,25000,20000,0,10000
6107,50000,0,20000,30000,0,25000,20000,0,10000
6108,50000,0,20000,30000,0,25000,20000,0,10000
6109,50000,0,20000,30000,0,25000,20000,0,10000
6110,50000,0,20000,30000,0,25000,20000,0,10000
6111,50000,0,20000,30000,0,25000,20000,0,10000
6112,50000,0,20000,30000,0,25000,20000,0,10000
6113,50000,0,20000,30000,0,25000,20000,0,10000
6114,50000,0,20000,30000,0,25000,20000,0,10000
6115,50000,0,20000,30000,0,25000,20000,0,10000
6116,50000,0,20000,30000,0,25000,20000,0,10000
6117,50000,0,20000,30000,0,25000,20000,0,10000
6118,50000,0,20000,30000,0,25000,20000,0,10000
6119,50000,0,20000,30000,0,25000,20000,0,10000
6120,50000,0,20000,30000,0,25000,20000,0,10000
6121,50000,0,20000,30000,0,25000,20000,0,10000
6122,50000,0,20000,30000,0,25000,20000,0,10000
6123,50000,0,20000,30000,0,25000,20000,0,10000
6124,50000,0,20000,30000,0,25000,20000,0,10000
6125,50000,0,20000,30000,0,25000,20000,0,10000
6126,50000,0,20000,30000,0,25000,20000,0,10000
6127,50000,0,20000,30000,0,25000,20000,0,10000
6128,50000,0,20000,30000,0,25000,20000,0,10000
6129,50000,0,20000,30000,0,25000,20000,0,10000
6130,50000,0,20000,30000,0,25000,20000,0,10000
6131,50000,0,20000,30000,0,25000,20000,0,10000
6132,50000,0,20000,30000,0,25000,20000,0,10000
6133,50000,0,20000,30000,0,25000,20000,0,10000
6134,50000,0,20000,30000,0,25000,20000,0,10000
6135,50000,0,20000,30000,0,25000,20000,0,10000
6136,50000,0,20000,30000,0,25000,20000,0,10000
6137,50000,0,20000,30000,0,25000,20000,0,10000
6138,50000,0,20000,30000,0,25000,20000,0,10000
6139,50000,0,20000,30000,0,25000,20000,0,10000
6140,50000,0,20000,30000,0,25000,20000,0,10000
6141,50000,0,20000,30000,0,25000,20000,0,10000
6142,50000,0,20000,30000,0,25000,20000,0,10000
6143,50000,0,20000,30000,0,25000,20000,0,10000
6144,50000,0,20000,30000,0,25000,20000,0,10000
6145,50000,0,20000,30000,0,25000,20000,0,10000
6146,50000,0,20000,30000,0,25000,20000,0,10000
6147,50000,0,20000,30000,0,25000,20000,0,10000
6148,50000,0,20000,30000,0,25000,20000,0,10000
6149,50000,0,20000,30000,0,25000,20000,0,10000
6150,50000,0,20000,30000,0,25000,20000,0,10000
6151,50000,0,20000,30000,0,25000,20000,0,10000
6152,50000,0,20000,30000,0,25000,20000,0,10000
6153,50000,0,20000,30000,0,25000,20000,0,10000
6154,50000,0,20000,30000,0,25000,20000,0,10000
6155,50000,0,20000,30000,0,25000,20000,0,10000
6156,50000,0,20000,30000,0,25000,20000,0,10000
6157,50000,0,20000,30000,0,25000,20000,0,10000
6158,50000,0,20000,30000,0,25000,20000,0,10000
6159,50000,0,20000,30000,0,25000,20000,0,10000
6160,50000,0,20000,30000,0,25000,20000,0,10000
6161,50000,0,20000,30000,0,25000,20000,0,10000
6162,50000,0,20000,30000,0,25000,20000,0,10000
6163,50000,0,20000,30000,0,25000,20000,0,10000
6164,50000,0,20000,30000,0,25000,20000,0,10000
6165,50000,0,20000,30000,0,25000,20000,0,10000
6166,50000,0,20000,30000,0,25000,20000,0,10000
6167,50000,0,20000,30000,0,25000,20000,0,10000
6168,50000,0,20000,30000,0,25000,20000,0,10000
6169,50000,0,20000,30000,0,25000,20000,0,10000
6170,50000,0,20000,30000,0,25000,20000,0,10000
6171,50000,0,20000,30000,0,25000,20000,0,10000
6172,50000,0,20000,30000,0,25000,20000,0,10000
6173,50000,0,20000,30000,0,25000,20000,0,10000
6174,50000,0,20000,30000,0,25000,20000,0,10000
6175,50000,0,20000,30000,0,25000,20000,0,10000
6176,50000,0,20000,30000,0,25000,20000,0,10000
6177,50000,0,20000,30000,0,25000,20000,0,10000
6178,50000,0,20000,30000,0,25000,20000,0,10000
6179,50000,0,20000,30000,0,25000,20000,0,10000
6180,50000,0,20000,30000,0,25000,20000,0,10000
6181,50000,0,20000,30000,0,25000,20000,0,10000
6182,50000,0,20000,30000,0,25000,20000,0,10000
6183,50000,0,20000,30000,0,25000,20000,0,10000
6184,50000,0,20000,30000,0,25000,20000,0,10000
6185,50000,0,20000,30000,0,25000,20000,0,10000
6186,50000,0,20000,30000,0,25000,20000,0,10000
6187,50000,0,20000,30000,0,25000,20000,0,10000
6188,50000,0,20000,30000,0,25000,20000,0,10000
6189,50000,0,20000,30000,0,25000,20000,0,10000
6190,50000,0,20000,30000,0,25000,20000,0,10000
6191,50000,0,20000,30000,0,25000,20000,0,10000
6192,50000,0,20000,30000,0,25000,20000,0,10000
6193,50000,0,20000,30000,0,25000,20000,0,10000
6194,50000,0,20000,30000,0,25000,20000,0,10000
6195,50000,0,20000,30000,0,25000,20000,0,10000
6196,50000,0,20000,30000,0,25000,20000,0,10000
6197,50000,0,20000,30000,0,25000,20000,0,10000
6198,50000,0,20000,30000,0,25000,20000,0,10000
6199,50000,0,20000,30000,0,25000,20000,0,10000
6200,50000,0,20000,30000,0,25000,20000,0,10000
6201,50000,0,20000,30000,0,25000,20000,0,10000
6202,50000,0,20000,30000,0,25000,20000,0,10000
6203,50000,0,20000,30000,0,25000,20000,0,10000
6204,50000,0,20000,30000,0,25000,20000,0,10000
6205,50000,0,20000,30000,0,25000,20000,0,10000
6206,50000,0,20000,30000,0,25000,20000,0,10000
6207,50000,0,20000,30000,0,25000,20000,0,10000
6208,50000,0,20000,30000,0,25000,20000,0,10000
6209,50000,0,20000,30000,0,25000,20000,0,10000
6210,50000,0,20000,30000,0,25000,20000,0,10000
6211,50000,0,20000,30000,0,25000,20000,0,10000
6212,50000,0,20000,30000,0,25000,20000,0,10000
6213,50000,0,20000,30000,0,25000,20000,0,10000
6214,50000,0,20000,30000,0,25000,20000,0,10000
6215,50000,0,20000,30000,0,25000,20000,0,10000
6216,50000,0,20000,30000,0,25000,20000,0,10000
6217,50000,0,20000,30000,0,25000,20000,0,10000
6218,50000,0,20000,30000,0,25000,20000,0,10000
6219,50000,0,20000,30000,0,25000,20000,0,10000
6220,50000,0,20000,30000,0,25000,20000,0,10000
6221,50000,0,20000,30000,0,25000,20000,0,10000
6222,50000,0,20000,30000,0,25000,20000,0,10000
6223,50000,0,20000,30000,0,25000,20000,0,10000
6224,50000,0,20000,30000,0,25000,20000,0,10000
6225,50000,0,20000,30000,0,25000,20000,0,10000
6226,50000,0,20000,30000,0,25000,20000,0,10000
6227,50000,0,20000,30000,0,25000,20000,0,10000
6228,50000,0,20000,30000,0,25000,20000,0,10000
6229,50000,0,20000,30000,0,25000,20000,0,10000
6230,50000,0,20000,30000,0,25000,20000,0,10000
6231,50000,0,20000,30000,0,25000,20000,0,10000
6232,50000,0,20000,30000,0,25000,20000,0,10000
6233,50000,0,20000,30000,0,25000,20000,0,10000
6234,50000,0,20000,30000,0,25000,20000,0,10000
6235,50000,0,20000,30000,0,25000,20000,0,10000
6236,50000,0,20000,30000,0,25000,20000,0,10000
6237,50000,0,20000,30000,0,25000,20000,0,10000
6238,50000,0,20000,30000,0,25000,20000,0,10000
6239,50000,0,20000,30000,0,25000,20000,0,10000
6240,50000,0,20000,30000,0,25000,20000,0,10000
6241,50000,0,20000,30000,0,25000,20000,0,10000
6242,50000,0,20000,30000,0,25000,20000,0,10000
6243,50000,0,20000,30000,0,25000,20000,0,10000
6244,50000,0,20000,30000,0,25000,20000,0,10000
6245,50000,0,20000,30000,0,25000,20000,0,10000
6246,50000,0,20000,30000,0,25000,20000,0,10000
6247,50000,0,20000,30000,0,25000,20000,0,10000
6248,50000,0,20000,30000,0,25000,20000,0,10000
6249,50000,0,20000,30000,0,25000,20000,0,10000
6250,50000,0,20000,30000,0,25000,20000,0,10000
6251,50000,0,20000,30000,0,25000,20000,0,10000
6252,50000,0,20000,30000,0,25000,20000,0,10000
6253,50000,0,20000,30000,0,25000,20000,0,10000
6254,50000,0,20000,30000,0,25000,20000,0,10000
6255,50000,0,20000,30000,0,25000,20000,0,10000
6256,50000,0,20000,30000,0,25000,20000,0,10000
6257,50000,0,20000,30000,0,25000,20000,0,10000
6258,50000,0,20000,30000,0,25000,20000,0,10000
6259,50000,0,20000,30000,0,25000,20000,0,10000
6260,50000,0,20000,30000,0,25000,20000,0,10000
6261,50000,0,20000,30000,0,25000,20000,0,10000
6262,50000,0,20000,30000,0,25000,20000,0,10000
6263,50000,0,20000,30000,0,25000,20000,0,10000
6264,50000,0,20000,30000,0,25000,20000,0,10000
6265,50000,0,20000,30000,0,25000,20000,0,10000
6266,50000,0,20000,30000,0,25000,20000,0,10000
6267,50000,0,20000,30000,0,25000,20000,0,10000
6268,50000,0,20000,30000,0,25000,20000,0,10000
6269,50000,0,20000,30000,0,25000,20000,0,10000
6270,50000,0,20000,30000,0,25000,20000,0,10000
6271,50000,0,20000,30000,0,25000,20000,0,10000
6272,50000,0,20000,30000,0,25000,20000,0,10000
6273,50000,0,20000,30000,0,25000,20000,0,10000
6274,50000,0,20000,30000,0,25000,20000,0,10000
6275,50000,0,20000,30000,0,25000,20000,0,10000
6276,50000,0,20000,30000,0,25000,20000,0,10000
6277,50000,0,20000,30000,0,25000,20000,0,10000
6278,50000,0,20000,30000,0,25000,20000,0,10000
6279,50000,0,20000,30000,0,25000,20000,0,10000
6280,50000,0,20000,30000,0,25000,20000,0,10000
6281,50000,0,20000,30000,0,25000,20000,0,10000
6282,50000,0,20000,30000,0,25000,20000,0,10000
6283,50000,0,20000,30000,0,25000,20000,0,10000
6284,50000,0,20000,30000,0,25000,20000,0,10000
6285,50000,0,20000,30000,0,25000,20000,0,10000
6286,50000,0,20000,30000,0,25000,20000,0,10000
6287,50000,0,20000,30000,0,25000,20000,0,10000
6288,50000,0,20000,30000,0,25000,20000,0,10000
6289,50000,0,20000,30000,0,25000,20000,0,10000
6290,50000,0,20000,30000,0,25000,20000,0,10000
6291,50000,0,20000,30000,0,25000,20000,0,10000
6292,50000,0,20000,30000,0,25000,20000,0,10000
6293,50000,0,20000,30000,0,25000,20000,0,10000
6294,50000,0,20000,30000,0,25000,20000,0,10000
6295,50000,0,20000,30000,0,25000,20000,0,10000
6296,50000,0,20000,30000,0,25000,20000,0,10000
6297,50000,0,20000,30000,0,25000,20000,0,10000
6298,50000,0,20000,30000,0,25000,20000,0,10000
6299,50000,0,20000,30000,0,25000,20000,0,10000
6300,50000,0,20000,30000,0,25000,20000,0,10000
6301,50000,0,20000,30000,0,25000,20000,0,10000
6302,50000,0,20000,30000,0,25000,20000,0,10000
6303,50000,0,20000,30000,0,25000,20000,0,10000
6304,50000,0,20000,30000,0,25000,20000,0,10000
6305,50000,0,20000,30000,0,25000,20000,0,10000
6306,50000,0,20000,30000,0,25000,20000,0,10000
6307,50000,0,20000,30000,0,25000,20000,0,10000
6308,50000,0,20000,30000,0,25000,20000,0,10000
6309,50000,0,20000,30000,0,25000,20000,0,10000
6310,50000,0,20000,30000,0,25000,20000,0,10000
6311,50000,0,20000,30000,0,25000,20000,0,10000
6312,50000,0,20000,30000,0,25000,20000,0,10000
6313,50000,0,20000,30000,0,25000,20000,0,10000
6314,50000,0,20000,30000,0,25000,20000,0,10000
6315,50000,0,20000,30000,0,25000,20000,0,10000
6316,50000,0,20000,30000,0,25000,20000,0,10000
6317,50000,0,20000,30000,0,25000,20000,0,10000
6318,50000,0,20000,30000,0,25000,20000,0,10000
6319,50000,0,20000,30000,0,25000,20000,0,10000
6320,50000,0,20000,30000,0,25000,20000,0,10000
6321,50000,0,20000,30000,0,25000,20000,0,10000
6322,50000,0,20000,30000,0,25000,20000,0,10000
6323,50000,0,20000,30000,0,25000,20000,0,10000
6324,50000,0,20000,30000,0,25000,20000,0,10000
6325,50000,0,20000,30000,0,25000,20000,0,10000
6326,50000,0,20000,30000,0,25000,20000,0,10000
6327,50000,0,20000,30000,0,25000,20000,0,10000
6328,50000,0,20000,30000,0,25000,20000,0,10000
6329,50000,0,20000,30000,0,25000,20000,0,10000
6330,50000,0,20000,30000,0,25000,20000,0,10000
6331,50000,0,20000,30000,0,25000,20000,0,10000
6332,50000,0,20000,30000,0,25000,20000,0,10000
6333,50000,0,20000,30000,0,25000,20000,0,10000
6334,50000,0,20000,30000,0,25000,20000,0,10000
6335,50000,0,20000,30000,0,25000,20000,0,10000
6336,50000,0,20000,30000,0,25000,20000,0,10000
6337,50000,0,20000,30000,0,25000,20000,0,10000
6338,50000,0,20000,30000,0,25000,20000,0,10000
6339,50000,0,20000,30000,0,25000,20000,0,10000
6340,50000,0,20000,30000,0,25000,20000,0,10000
6341,50000,0,20000,30000,0,25000,20000,0,10000
6342,50000,0,20000,30000,0,25000,20000,0,10000
6343,50000,0,20000,30000,0,25000,20000,0,10000
6344,50000,0,20000,30000,0,25000,20000,0,10000
6345,50000,0,20000,30000,0,25000,20000,0,10000
6346,50000,0,20000,30000,0,25000,20000,0,10000
6347,50000,0,20000,30000,0,25000,20000,0,10000
6348,50000,0,20000,30000,0,25000,20000,0,10000
6349,50000,0,20000,30000,0,25000,20000,0,10000
6350,50000,0,20000,30000,0,25000,20000,0,10000
6351,50000,0,20000,30000,0,25000,20000,0,10000
6352,50000,0,20000,30000,0,25000,20000,0,10000
6353,50000,0,20000,30000,0,25000,20000,0,10000
6354,50000,0,20000,30000,0,25000,20000,0,10000
6355,50000,0,20000,30000,0,25000,20000,0,10000
6356,50000,0,20000,30000,0,25000,20000,0,10000
6357,50000,0,20000,30000,0,25000,20000,0,10000
6358,50000,0,20000,30000,0,25000,20000,0,10000
6359,50000,0,20000,30000,0,25000,20000,0,10000
6360,50000,0,20000,30000,0,25000,20000,0,10000
6361,50000,0,20000,30000,0,25000,20000,0,10000
6362,50000,0,20000,30000,0,25000,20000,0,10000
6363,50000,0,20000,30000,0,25000,20000,0,10000
6364,50000,0,20000,30000,0,25000,20000,0,10000
6365,50000,0,20000,30000,0,25000,20000,0,10000
6366,50000,0,20000,30000,0,25000,20000,0,10000
6367,50000,0,20000,30000,0,25000,20000,0,10000
6368,50000,0,20000,30000,0,25000,20000,0,10000
6369,50000,0,20000,30000,0,25000,20000,0,10000
6370,50000,0,20000,30000,0,25000,20000,0,10000
6371,50000,0,20000,30000,0,25000,20000,0,10000
6372,50000,0,20000,30000,0,25000,20000,0,10000
6373,50000,0,20000,30000,0,25000,20000,0,10000
6374,50000,0,20000,30000,0,25000,20000,0,10000
6375,50000,0,20000,30000,0,25000,20000,0,10000
6376,50000,0,20000,30000,0,25000,20000,0,10000
6377,50000,0,20000,30000,0,25000,20000,0,10000
6378,50000,0,20000,30000,0,25000,20000,0,10000
6379,50000,0,20000,30000,0,25000,20000,0,10000
6380,50000,0,20000,30000,0,25000,20000,0,10000
6381,50000,0,20000,30000,0,25000,20000,0,10000
6382,50000,0,20000,30000,0,25000,20000,0,10000
6383,50000,0,20000,30000,0,25000,20000,0,10000
6384,50000,0,20000,30000,0,25000,20000,0,10000
6385,50000,0,20000,30000,0,25000,20000,0,10000
6386,50000,0,20000,30000,0,25000,20000,0,10000
6387,50000,0,20000,30000,0,25000,20000,0,10000
6388,50000,0,20000,30000,0,25000,20000,0,10000
6389,50000,0,20000,30000,0,25000,20000,0,10000
6390,50000,0,20000,30000,0,25000,20000,0,10000
6391,50000,0,20000,30000,0,25000,20000,0,10000
6392,50000,0,20000,30000,0,25000,20000,0,10000
6393,50000,0,20000,30000,0,25000,20000,0,10000
6394,50000,0,20000,30000,0,25000,20000,0,10000
6395,50000,0,20000,30000,0,25000,20000,0,10000
6396,50000,0,20000,30000,0,25000,20000,0,10000
6397,50000,0,20000,30000,0,25000,20000,0,10000
6398,50000,0,20000,30000,0,25000,20000,0,10000
6399,50000,0,20000,30000,0,25000,20000,0,10000
6400,50000,0,20000,30000,0,25000,20000,0,10000
6401,50000,0,20000,30000,0,25000,20000,0,10000
6402,50000,0,20000,30000,0,25000,20000,0,10000
6403,50000,0,20000,30000,0,25000,20000,0,10000
6404,50000,0,20000,30000,0,25000,20000,0,10000
6405,50000,0,20000,30000,0,25000,20000,0,10000
6406,50000,0,20000,30000,0,25000,20000,0,10000
6407,50000,0,20000,30000,0,25000,20000,0,10000
6408,50000,0,20000,30000,0,25000,20000,0,10000
6409,50000,0,20000,30000,0,25000,20000,0,10000
6410,50000,0,20000,30000,0,25000,20000,0,10000
6411,50000,0,20000,30000,0,25000,20000,0,10000
6412,50000,0,20000,30000,0,25000,20000,0,10000
6413,50000,0,20000,30000,0,25000,20000,0,10000
6414,50000,0,20000,30000,0,25000,20000,0,10000
6415,50000,0,20000,30000,0,25000,20000,0,10000
6416,50000,0,20000,30000,0,25000,20000,0,10000
6417,50000,0,20000,30000,0,25000,20000,0,10000
6418,50000,0,20000,30000,0,25000,20000,0,10000
6419,50000,0,20000,30000,0,25000,20000,0,10000
6420,50000,0,20000,30000,0,25000,20000,0,10000
6421,50000,0,20000,30000,0,25000,20000,0,10000
6422,50000,0,20000,30000,0,25000,20000,0,10000
6423,50000,0,20000,30000,0,25000,20000,0,10000
6424,50000,0,20000,30000,0,25000,20000,0,10000
6425,50000,0,20000,30000,0,25000,20000,0,10000
6426,50000,0,20000,30000,0,25000,20000,0,10000
6427,50000,0,20000,30000,0,25000,20000,0,10000
6428,50000,0,20000,30000,0,25000,20000,0,10000
6429,50000,0,20000,30000,0,25000,20000,0,10000
6430,50000,0,20000,30000,0,25000,20000,0,10000
6431,50000,0,20000,30000,0,25000,20000,0,10000
6432,50000,0,20000,30000,0,25000,20000,0,10000
6433,50000,0,20000,30000,0,25000,20000,0,10000
6434,50000,0,20000,30000,0,25000,20000,0,10000
6435,50000,0,20000,30000,0,25000,20000,0,10000
6436,50000,0,20000,30000,0,25000,20000,0,10000
6437,50000,0,20000,30000,0,25000,20000,0,10000
6438,50000,0,20000,30000,0,25000,20000,0,10000
6439,50000,0,20000,30000,0,25000,20000,0,10000
6440,50000,0,20000,30000,0,25000,20000,0,10000
6441,50000,0,20000,30000,0,25000,20000,0,10000
6442,50000,0,20000,30000,0,25000,20000,0,10000
6443,50000,0,20000,30000,0,25000,20000,0,10000
6444,50000,0,20000,30000,0,25000,20000,0,10000
6445,50000,0,20000,30000,0,25000,20000,0,10000
6446,50000,0,20000,30000,0,25000,20000,0,10000
6447,50000,0,20000,30000,0,25000,20000,0,10000
6448,50000,0,20000,30000,0,25000,20000,0,10000
6449,50000,0,20000,30000,0,25000,20000,0,10000
6450,50000,0,20000,30000,0,25000,20000,0,10000
6451,50000,0,20000,30000,0,25000,20000,0,10000
6452,50000,0,20000,30000,0,25000,20000,0,10000
6453,50000,0,20000,30000,0,25000,20000,0,10000
6454,50000,0,20000,30000,0,25000,20000,0,10000
6455,50000,0,20000,30000,0,25000,20000,0,10000
6456,50000,0,20000,30000,0,25000,20000,0,10000
6457,50000,0,20000,30000,0,25000,20000,0,10000
6458,50000,0,20000,30000,0,25000,20000,0,10000
6459,50000,0,20000,30000,0,25000,20000,0,10000
6460,50000,0,20000,30000,0,25000,20000,0,10000
6461,50000,0,20000,30000,0,25000,20000,0,10000
6462,50000,0,20000,30000,0,25000,20000,0,10000
6463,50000,0,20000,30000,0,25000,20000,0,10000
6464,50000,0,20000,30000,0,25000,20000,0,10000
6465,50000,0,20000,30000,0,25000,20000,0,10000
6466,50000,0,20000,30000,0,25000,20000,0,10000
6467,50000,0,20000,30000,0,25000,20000,0,10000
6468,50000,0,20000,30000,0,25000,20000,0,10000
6469,50000,0,20000,30000,0,25000,20000,0,10000
6470,50000,0,20000,30000,0,25000,20000,0,10000
6471,50000,0,20000,30000,0,25000,20000,0,10000
6472,50000,0,20000,30000,0,25000,20000,0,10000
6473,50000,0,20000,30000,0,25000,20000,0,10000
6474,50000,0,20000,30000,0,25000,20000,0,10000
6475,50000,0,20000,30000,0,25000,20000,0,10000
6476,50000,0,20000,30000,0,25000,20000,0,10000
6477,50000,0,20000,30000,0,25000,20000,0,10000
6478,50000,0,20000,30000,0,25000,20000,0,10000
6479,50000,0,20000,30000,0,25000,20000,0,10000
6480,50000,0,20000,30000,0,25000,20000,0,10000
6481,50000,0,20000,30000,0,25000,20000,0,10000
6482,50000,0,20000,30000,0,25000,20000,0,10000
6483,50000,0,20000,30000,0,25000,20000,0,10000
6484,50000,0,20000,30000,0,25000,20000,0,10000
6485,50000,0,20000,30000,0,25000,20000,0,10000
6486,50000,0,20000,30000,0,25000,20000,0,10000
6487,50000,0,20000,30000,0,25000,20000,0,10000
6488,50000,0,20000,30000,0,25000,20000,0,10000
6489,50000,0,20000,30000,0,25000,20000,0,10000
6490,50000,0,20000,30000,0,25000,20000,0,10000
6491,50000,0,20000,30000,0,25000,20000,0,10000
6492,50000,0,20000,30000,0,25000,20000,0,10000
6493,50000,0,20000,30000,0,25000,20000,0,10000
6494,50000,0,20000,30000,0,25000,20000,0,10000
6495,50000,0,20000,30000,0,25000,20000,0,10000
6496,50000,0,20000,30000,0,25000,20000,0,10000
6497,50000,0,20000,30000,0,25000,20000,0,10000
6498,50000,0,20000,30000,0,25000,20000,0,10000
6499,50000,0,20000,30000,0,25000,20000,0,10000
6500,50000,0,20000,30000,0,25000,20000,0,10000
6501,50000,0,20000,30000,0,25000,20000,0,10000
6502,50000,0,20000,30000,0,25000,20000,0,10000
6503,50000,0,20000,30000,0,25000,20000,0,10000
6504,50000,0,20000,30000,0,25000,20000,0,10000
6505,50000,0,20000,30000,0,25000,20000,0,10000
6506,50000,0,20000,30000,0,25000,20000,0,10000
6507,50000,0,20000,30000,0,25000,20000,0,10000
6508,50000,0,20000,30000,0,25000,20000,0,10000
6509,50000,0,20000,30000,0,25000,20000,0,10000
6510,50000,0,20000,30000,0,25000,20000,0,10000
6511,50000,0,20000,30000,0,25000,20000,0,10000
6512,50000,0,20000,30000,0,25000,20000,0,10000
6513,50000,0,20000,30000,0,25000,20000,0,10000
6514,50000,0,20000,30000,0,25000,20000,0,10000
6515,50000,0,20000,30000,0,25000,20000,0,10000
6516,50000,0,20000,30000,0,25000,20000,0,10000
6517,50000,0,20000,30000,0,25000,20000,0,10000
6518,50000,0,20000,30000,0,25000,20000,0,10000
6519,50000,0,20000,30000,0,25000,20000,0,10000
6520,50000,0,20000,30000,0,25000,20000,0,10000
6521,50000,0,20000,30000,0,25000,20000,0,10000
6522,50000,0,20000,30000,0,25000,20000,0,10000
6523,50000,0,20000,30000,0,25000,20000,0,10000
6524,50000,0,20000,30000,0,25000,20000,0,10000
6525,50000,0,20000,30000,0,25000,20000,0,10000
6526,50000,0,20000,30000,0,25000,20000,0,10000
6527,50000,0,20000,30000,0,25000,20000,0,10000
6528,50000,0,20000,30000,0,25000,20000,0,10000
6529,50000,0,20000,30000,0,25000,20000,0,10000
6530,50000,0,20000,30000,0,25000,20000,0,10000
6531,50000,0,20000,30000,0,25000,20000,0,10000
6532,50000,0,20000,30000,0,25000,20000,0,10000
6533,50000,0,20000,30000,0,25000,20000,0,10000
6534,50000,0,20000,30000,0,25000,20000,0,10000
6535,50000,0,20000,30000,0,25000,20000,0,10000
6536,50000,0,20000,30000,0,25000,20000,0,10000
6537,50000,0,20000,30000,0,25000,20000,0,10000
6538,50000,0,20000,30000,0,25000,20000,0,10000
6539,50000,0,20000,30000,0,25000,20000,0,10000
6540,50000,0,20000,30000,0,25000,20000,0,10000
6541,50000,0,20000,30000,0,25000,20000,0,10000
6542,50000,0,20000,30000,0,25000,20000,0,10000
6543,50000,0,20000,30000,0,25000,20000,0,10000
6544,50000,0,20000,30000,0,25000,20000,0,10000
6545,50000,0,20000,30000,0,25000,20000,0,10000
6546,50000,0,20000,30000,0,25000,20000,0,10000
6547,50000,0,20000,30000,0,25000,20000,0,10000
6548,50000,0,20000,30000,0,25000,20000,0,10000
6549,50000,0,20000,30000,0,25000,20000,0,10000
6550,50000,0,20000,30000,0,25000,20000,0,10000
6551,50000,0,20000,30000,0,25000,20000,0,10000
6552,50000,0,20000,30000,0,25000,20000,0,10000
6553,50000,0,20000,30000,0,25000,20000,0,10000
6554,50000,0,20000,30000,0,25000,20000,0,10000
6555,50000,0,20000,30000,0,25000,20000,0,10000
6556,50000,0,20000,30000,0,25000,20000,0,10000
6557,50000,0,20000,30000,0,25000,20000,0,10000
6558,50000,0,20000,30000,0,25000,20000,0,10000
6559,50000,0,20000,30000,0,25000,20000,0,10000
6560,50000,0,20000,30000,0,25000,20000,0,10000
6561,50000,0,20000,30000,0,25000,20000,0,10000
6562,50000,0,20000,30000,0,25000,20000,0,10000
6563,50000,0,20000,30000,0,25000,20000,0,10000
6564,50000,0,20000,30000,0,25000,20000,0,10000
6565,50000,0,20000,30000,0,25000,20000,0,10000
6566,50000,0,20000,30000,0,25000,20000,0,10000
6567,50000,0,20000,30000,0,25000,20000,0,10000
6568,50000,0,20000,30000,0,25000,20000,0,10000
6569,50000,0,20000,30000,0,25000,20000,0,10000
6570,50000,0,20000,30000,0,25000,20000,0,10000
6571,50000,0,20000,30000,0,25000,20000,0,10000
6572,50000,0,20000,30000,0,25000,20000,0,10000
6573,50000,0,20000,30000,0,25000,20000,0,10000
6574,50000,0,20000,30000,0,25000,20000,0,10000
6575,50000,0,20000,30000,0,25000,20000,0,10000
6576,50000,0,20000,30000,0,25000,20000,0,10000
6577,50000,0,20000,30000,0,25000,20000,0,10000
6578,50000,0,20000,30000,0,25000,20000,0,10000
6579,50000,0,20000,30000,0,25000,20000,0,10000
6580,50000,0,20000,30000,0,25000,20000,0,10000
6581,50000,0,20000,30000,0,25000,20000,0,10000
6582,50000,0,20000,30000,0,25000,20000,0,10000
6583,50000,0,20000,30000,0,25000,20000,0,10000
6584,50000,0,20000,30000,0,25000,20000,0,10000
6585,50000,0,20000,30000,0,25000,20000,0,10000
6586,50000,0,20000,30000,0,25000,20000,0,10000
6587,50000,0,20000,30000,0,25000,20000,0,10000
6588,50000,0,20000,30000,0,25000,20000,0,10000
6589,50000,0,20000,30000,0,25000,20000,0,10000
6590,50000,0,20000,30000,0,25000,20000,0,10000
6591,50000,0,20000,30000,0,25000,20000,0,10000
6592,50000,0,20000,30000,0,25000,20000,0,10000
6593,50000,0,20000,30000,0,25000,20000,0,10000
6594,50000,0,20000,30000,0,25000,20000,0,10000
6595,50000,0,20000,30000,0,25000,20000,0,10000
6596,50000,0,20000,30000,0,25000,20000,0,10000
6597,50000,0,20000,30000,0,25000,20000,0,10000
6598,50000,0,20000,30000,0,25000,20000,0,10000
6599,50000,0,20000,30000,0,25000,20000,0,10000
6600,50000,0,20000,30000,0,25000,20000,0,10000
6601,50000,0,20000,30000,0,25000,20000,0,10000
6602,50000,0,20000,30000,0,25000,20000,0,10000
6603,50000,0,20000,30000,0,25000,20000,0,10000
6604,50000,0,20000,30000,0,25000,20000,0,10000
6605,50000,0,20000,30000,0,25000,20000,0,10000
6606,50000,0,20000,30000,0,25000,20000,0,10000
6607,50000,0,20000,30000,0,25000,20000,0,10000
6608,50000,0,20000,30000,0,25000,20000,0,10000
6609,50000,0,20000,30000,0,25000,20000,0,10000
6610,50000,0,20000,30000,0,25000,20000,0,10000
6611,50000,0,20000,30000,0,25000,20000,0,10000
6612,50000,0,20000,30000,0,25000,20000,0,10000
6613,50000,0,20000,30000,0,25000,20000,0,10000
6614,50000,0,20000,30000,0,25000,20000,0,10000
6615,50000,0,20000,30000,0,25000,20000,0,10000
6616,50000,0,20000,30000,0,25000,20000,0,10000
6617,50000,0,20000,30000,0,25000,20000,0,10000
6618,50000,0,20000,30000,0,25000,20000,0,10000
6619,50000,0,20000,30000,0,25000,20000,0,10000
6620,50000,0,20000,30000,0,25000,20000,0,10000
6621,50000,0,20000,30000,0,25000,20000,0,10000
6622,50000,0,20000,30000,0,25000,20000,0,10000
6623,50000,0,20000,30000,0,25000,20000,0,10000
6624,50000,0,20000,30000,0,25000,20000,0,10000
6625,50000,0,20000,30000,0,25000,20000,0,10000
6626,50000,0,20000,30000,0,25000,20000,0,10000
6627,50000,0,20000,30000,0,25000,20000,0,10000
6628,50000,0,20000,30000,0,25000,20000,0,10000
6629,50000,0,20000,30000,0,25000,20000,0,10000
6630,50000,0,20000,30000,0,25000,20000,0,10000
6631,50000,0,20000,30000,0,25000,20000,0,10000
6632,50000,0,20000,30000,0,25000,20000,0,10000
6633,50000,0,20000,30000,0,25000,20000,0,10000
6634,50000,0,20000,30000,0,25000,20000,0,10000
6635,50000,0,20000,30000,0,25000,20000,0,10000
6636,50000,0,20000,30000,0,25000,20000,0,10000
6637,50000,0,20000,30000,0,25000,20000,0,10000
6638,50000,0,20000,30000,0,25000,20000,0,10000
6639,50000,0,20000,30000,0,25000,20000,0,10000
6640,50000,0,20000,30000,0,25000,20000,0,10000
6641,50000,0,20000,30000,0,25000,20000,0,10000
6642,50000,0,20000,30000,0,25000,20000,0,10000
6643,50000,0,20000,30000,0,25000,20000,0,10000
6644,50000,0,20000,30000,0,25000,20000,0,10000
6645,50000,0,20000,30000,0,25000,20000,0,10000
6646,50000,0,20000,30000,0,25000,20000,0,10000
6647,50000,0,20000,30000,0,25000,20000,0,10000
6648,50000,0,20000,30000,0,25000,20000,0,10000
6649,50000,0,20000,30000,0,25000,20000,0,10000
6650,50000,0,20000,30000,0,25000,20000,0,10000
6651,50000,0,20000,30000,0,25000,20000,0,10000
6652,50000,0,20000,30000,0,25000,20000,0,10000
6653,50000,0,20000,30000,0,25000,20000,0,10000
6654,50000,0,20000,30000,0,25000,20000,0,10000
6655,50000,0,20000,30000,0,25000,20000,0,10000
6656,50000,0,20000,30000,0,25000,20000,0,10000
6657,50000,0,20000,30000,0,25000,20000,0,10000
6658,50000,0,20000,30000,0,25000,20000,0,10000
6659,50000,0,20000,30000,0,25000,20000,0,10000
6660,50000,0,20000,30000,0,25000,20000,0,10000
6661,50000,0,20000,30000,0,25000,20000,0,10000
6662,50000,0,20000,30000,0,25000,20000,0,10000
6663,50000,0,20000,30000,0,25000,20000,0,10000
6664,50000,0,20000,30000,0,25000,20000,0,10000
6665,50000,0,20000,30000,0,25000,20000,0,10000
6666,50000,0,20000,30000,0,25000,20000,0,10000
6667,50000,0,20000,30000,0,25000,20000,0,10000
6668,50000,0,20000,30000,0,25000,20000,0,10000
6669,50000,0,20000,30000,0,25000,20000,0,10000
6670,50000,0,20000,30000,0,25000,20000,0,10000
6671,50000,0,20000,30000,0,25000,20000,0,10000
6672,50000,0,20000,30000,0,25000,20000,0,10000
6673,50000,0,20000,30000,0,25000,20000,0,10000
6674,50000,0,20000,30000,0,25000,20000,0,10000
6675,50000,0,20000,30000,0,25000,20000,0,10000
6676,50000,0,20000,30000,0,25000,20000,0,10000
6677,50000,0,20000,30000,0,25000,20000,0,10000
6678,50000,0,20000,30000,0,25000,20000,0,10000
6679,50000,0,20000,30000,0,25000,20000,0,10000
6680,50000,0,20000,30000,0,25000,20000,0,10000
6681,50000,0,20000,30000,0,25000,20000,0,10000
6682,50000,0,20000,30000,0,25000,20000,0,10000
6683,50000,0,20000,30000,0,25000,20000,0,10000
6684,50000,0,20000,30000,0,25000,20000,0,10000
6685,50000,0,20000,30000,0,25000,20000,0,10000
6686,50000,0,20000,30000,0,25000,20000,0,10000
6687,50000,0,20000,30000,0,25000,20000,0,10000
6688,50000,0,20000,30000,0,25000,20000,0,10000
6689,50000,0,20000,30000,0,25000,20000,0,10000
6690,50000,0,20000,30000,0,25000,20000,0,10000
6691,50000,0,20000,30000,0,25000,20000,0,10000
6692,50000,0,20000,30000,0,25000,20000,0,10000
6693,50000,0,20000,30000,0,25000,20000,0,10000
6694,50000,0,20000,30000,0,25000,20000,0,10000
6695,50000,0,20000,30000,0,25000,20000,0,10000
6696,50000,0,20000,30000,0,25000,20000,0,10000
6697,50000,0,20000,30000,0,25000,20000,0,10000
6698,50000,0,20000,30000,0,25000,20000,0,10000
6699,50000,0,20000,30000,0,25000,20000,0,10000
6700,50000,0,20000,30000,0,25000,20000,0,10000
6701,50000,0,20000,30000,0,25000,20000,0,10000
6702,50000,0,20000,30000,0,25000,20000,0,10000
6703,50000,0,20000,30000,0,25000,20000,0,10000
6704,50000,0,20000,30000,0,25000,20000,0,10000
6705,50000,0,20000,30000,0,25000,20000,0,10000
6706,50000,0,20000,30000,0,25000,20000,0,10000
6707,50000,0,20000,30000,0,25000,20000,0,10000
6708,50000,0,20000,30000,0,25000,20000,0,10000
6709,50000,0,20000,30000,0,25000,20000,0,10000
6710,50000,0,20000,30000,0,25000,20000,0,10000
6711,50000,0,20000,30000,0,25000,20000,0,10000
6712,50000,0,20000,30000,0,25000,20000,0,10000
6713,50000,0,20000,30000,0,25000,20000,0,10000
6714,50000,0,20000,30000,0,25000,20000,0,10000
6715,50000,0,20000,30000,0,25000,20000,0,10000
6716,50000,0,20000,30000,0,25000,20000,0,10000
6717,50000,0,20000,30000,0,25000,20000,0,10000
6718,50000,0,20000,30000,0,25000,20000,0,10000
6719,50000,0,20000,30000,0,25000,20000,0,10000
6720,50000,0,20000,30000,0,25000,20000,0,10000
6721,50000,0,20000,30000,0,25000,20000,0,10000
6722,50000,0,20000,30000,0,25000,20000,0,10000
6723,50000,0,20000,30000,0,25000,20000,0,10000
6724,50000,0,20000,30000,0,25000,20000,0,10000
6725,50000,0,20000,30000,0,25000,20000,0,10000
6726,50000,0,20000,30000,0,25000,20000,0,10000
6727,50000,0,20000,30000,0,25000,20000,0,10000
6728,50000,0,20000,30000,0,25000,20000,0,10000
6729,50000,0,20000,30000,0,25000,20000,0,10000
6730,50000,0,20000,30000,0,25000,20000,0,10000
6731,50000,0,20000,30000,0,25000,20000,0,10000
6732,50000,0,20000,30000,0,25000,20000,0,10000
6733,50000,0,20000,30000,0,25000,20000,0,10000
6734,50000,0,20000,30000,0,25000,20000,0,10000
6735,50000,0,20000,30000,0,25000,20000,0,10000
6736,50000,0,20000,30000,0,25000,20000,0,10000
6737,50000,0,20000,30000,0,25000,20000,0,10000
6738,50000,0,20000,30000,0,25000,20000,0,10000
6739,50000,0,20000,30000,0,25000,20000,0,10000
6740,50000,0,20000,30000,0,25000,20000,0,10000
6741,50000,0,20000,30000,0,25000,20000,0,10000
6742,50000,0,20000,30000,0,25000,20000,0,10000
6743,50000,0,20000,30000,0,25000,20000,0,10000
6744,50000,0,20000,30000,0,25000,20000,0,10000
6745,50000,0,20000,30000,0,25000,20000,0,10000
6746,50000,0,20000,30000,0,25000,20000,0,10000
6747,50000,0,20000,30000,0,25000,20000,0,10000
6748,50000,0,20000,30000,0,25000,20000,0,10000
6749,50000,0,20000,30000,0,25000,20000,0,10000
6750,50000,0,20000,30000,0,25000,20000,0,10000
6751,50000,0,20000,30000,0,25000,20000,0,10000
6752,50000,0,20000,30000,0,25000,20000,0,10000
6753,50000,0,20000,30000,0,25000,20000,0,10000
6754,50000,0,20000,30000,0,25000,20000,0,10000
6755,50000,0,20000,30000,0,25000,20000,0,10000
6756,50000,0,20000,30000,0,25000,20000,0,10000
6757,50000,0,20000,30000,0,25000,20000,0,10000
6758,50000,0,20000,30000,0,25000,20000,0,10000
6759,50000,0,20000,30000,0,25000,20000,0,10000
6760,50000,0,20000,30000,0,25000,20000,0,10000
6761,50000,0,20000,30000,0,25000,20000,0,10000
6762,50000,0,20000,30000,0,25000,20000,0,10000
6763,50000,0,20000,30000,0,25000,20000,0,10000
6764,50000,0,20000,30000,0,25000,20000,0,10000
6765,50000,0,20000,30000,0,25000,20000,0,10000
6766,50000,0,20000,30000,0,25000,20000,0,10000
6767,50000,0,20000,30000,0,25000,20000,0,10000
6768,50000,0,20000,30000,0,25000,20000,0,10000
6769,50000,0,20000,30000,0,25000,20000,0,10000
6770,50000,0,20000,30000,0,25000,20000,0,10000
6771,50000,0,20000,30000,0,25000,20000,0,10000
6772,50000,0,20000,30000,0,25000,20000,0,10000
6773,50000,0,20000,30000,0,25000,20000,0,10000
6774,50000,0,20000,30000,0,25000,20000,0,10000
6775,50000,0,20000,30000,0,25000,20000,0,10000
6776,50000,0,20000,30000,0,25000,20000,0,10000
6777,50000,0,20000,30000,0,25000,20000,0,10000
6778,50000,0,20000,30000,0,25000,20000,0,10000
6779,50000,0,20000,30000,0,25000,20000,0,10000
6780,50000,0,20000,30000,0,25000,20000,0,10000
6781,50000,0,20000,30000,0,25000,20000,0,10000
6782,50000,0,20000,30000,0,25000,20000,0,10000
6783,50000,0,20000,30000,0,25000,20000,0,10000
6784,50000,0,20000,30000,0,25000,20000,0,10000
6785,50000,0,20000,30000,0,25000,20000,0,10000
6786,50000,0,20000,30000,0,25000,20000,0,10000
6787,50000,0,20000,30000,0,25000,20000,0,10000
6788,50000,0,20000,30000,0,25000,20000,0,10000
6789,50000,0,20000,30000,0,25000,20000,0,10000
6790,50000,0,20000,30000,0,25000,20000,0,10000
6791,50000,0,20000,30000,0,25000,20000,0,10000
6792,50000,0,20000,30000,0,25000,20000,0,10000
6793,50000,0,20000,30000,0,25000,20000,0,10000
6794,50000,0,20000,30000,0,25000,20000,0,10000
6795,50000,0,20000,30000,0,25000,20000,0,10000
6796,50000,0,20000,30000,0,25000,20000,0,10000
6797,50000,0,20000,30000,0,25000,20000,0,10000
6798,50000,0,20000,30000,0,25000,20000,0,10000
6799,50000,0,20000,30000,0,25000,20000,0,10000
6800,50000,0,20000,30000,0,25000,20000,0,10000
6801,50000,0,20000,30000,0,25000,20000,0,10000
6802,50000,0,20000,30000,0,25000,20000,0,10000
6803,50000,0,20000,30000,0,25000,20000,0,10000
6804,50000,0,20000,30000,0,25000,20000,0,10000
6805,50000,0,20000,30000,0,25000,20000,0,10000
6806,50000,0,20000,30000,0,25000,20000,0,10000
6807,50000,0,20000,30000,0,25000,20000,0,10000
6808,50000,0,20000,30000,0,25000,20000,0,10000
6809,50000,0,20000,30000,0,25000,20000,0,10000
6810,50000,0,20000,30000,0,25000,20000,0,10000
6811,50000,0,20000,30000,0,25000,20000,0,10000
6812,50000,0,20000,30000,0,25000,20000,0,10000
6813,50000,0,20000,30000,0,25000,20000,0,10000
6814,50000,0,20000,30000,0,25000,20000,0,10000
6815,50000,0,20000,30000,0,25000,20000,0,10000
6816,50000,0,20000,30000,0,25000,20000,0,10000
6817,50000,0,20000,30000,0,25000,20000,0,10000
6818,50000,0,20000,30000,0,25000,20000,0,10000
6819,50000,0,20000,30000,0,25000,20000,0,10000
6820,50000,0,20000,30000,0,25000,20000,0,10000
6821,50000,0,20000,30000,0,25000,20000,0,10000
6822,50000,0,20000,30000,0,25000,20000,0,10000
6823,50000,0,20000,30000,0,25000,20000,0,10000
6824,50000,0,20000,30000,0,25000,20000,0,10000
6825,50000,0,20000,30000,0,25000,20000,0,10000
6826,50000,0,20000,30000,0,25000,20000,0,10000
6827,50000,0,20000,30000,0,25000,20000,0,10000
6828,50000,0,20000,30000,0,25000,20000,0,10000
6829,50000,0,20000,30000,0,25000,20000,0,10000
6830,50000,0,20000,30000,0,25000,20000,0,10000
6831,50000,0,20000,30000,0,25000,20000,0,10000
6832,50000,0,20000,30000,0,25000,20000,0,10000
6833,50000,0,20000,30000,0,25000,20000,0,10000
6834,50000,0,20000,30000,0,25000,20000,0,10000
6835,50000,0,20000,30000,0,25000,20000,0,10000
6836,50000,0,20000,30000,0,25000,20000,0,10000
6837,50000,0,20000,30000,0,25000,20000,0,10000
6838,50000,0,20000,30000,0,25000,20000,0,10000
6839,50000,0,20000,30000,0,25000,20000,0,10000
6840,50000,0,20000,30000,0,25000,20000,0,10000
6841,50000,0,20000,30000,0,25000,20000,0,10000
6842,50000,0,20000,30000,0,25000,20000,0,10000
6843,50000,0,20000,30000,0,25000,20000,0,10000
6844,50000,0,20000,30000,0,25000,20000,0,10000
6845,50000,0,20000,30000,0,25000,20000,0,10000
6846,50000,0,20000,30000,0,25000,20000,0,10000
6847,50000,0,20000,30000,0,25000,20000,0,10000
6848,50000,0,20000,30000,0,25000,20000,0,10000
6849,50000,0,20000,30000,0,25000,20000,0,10000
6850,50000,0,20000,30000,0,25000,20000,0,10000
6851,50000,0,20000,30000,0,25000,20000,0,10000
6852,50000,0,20000,30000,0,25000,20000,0,10000
6853,50000,0,20000,30000,0,25000,20000,0,10000
6854,50000,0,20000,30000,0,25000,20000,0,10000
6855,50000,0,20000,30000,0,25000,20000,0,10000
6856,50000,0,20000,30000,0,25000,20000,0,10000
6857,50000,0,20000,30000,0,25000,20000,0,10000
6858,50000,0,20000,30000,0,25000,20000,0,10000
6859,50000,0,20000,30000,0,25000,20000,0,10000
6860,50000,0,20000,30000,0,25000,20000,0,10000
6861,50000,0,20000,30000,0,25000,20000,0,10000
6862,50000,0,20000,30000,0,25000,20000,0,10000
6863,50000,0,20000,30000,0,25000,20000,0,10000
6864,50000,0,20000,30000,0,25000,20000,0,10000
6865,50000,0,20000,30000,0,25000,20000,0,10000
6866,50000,0,20000,30000,0,25000,20000,0,10000
6867,50000,0,20000,30000,0,25000,20000,0,10000
6868,50000,0,20000,30000,0,25000,20000,0,10000
6869,50000,0,20000,30000,0,25000,20000,0,10000
6870,50000,0,20000,30000,0,25000,20000,0,10000
6871,50000,0,20000,30000,0,25000,20000,0,10000
6872,50000,0,20000,30000,0,25000,20000,0,10000
6873,50000,0,20000,30000,0,25000,20000,0,10000
6874,50000,0,20000,30000,0,25000,20000,0,10000
6875,50000,0,20000,30000,0,25000,20000,0,10000
6876,50000,0,20000,30000,0,25000,20000,0,10000
6877,50000,0,20000,30000,0,25000,20000,0,10000
6878,50000,0,20000,30000,0,25000,20000,0,10000
6879,50000,0,20000,30000,0,25000,20000,0,10000
6880,50000,0,20000,30000,0,25000,20000,0,10000
6881,50000,0,20000,30000,0,25000,20000,0,10000
6882,50000,0,20000,30000,0,25000,20000,0,10000
6883,50000,0,20000,30000,0,25000,20000,0,10000
6884,50000,0,20000,30000,0,25000,20000,0,10000
6885,50000,0,20000,30000,0,25000,20000,0,10000
6886,50000,0,20000,30000,0,25000,20000,0,10000
6887,50000,0,20000,30000,0,25000,20000,0,10000
6888,50000,0,20000,30000,0,25000,20000,0,10000
6889,50000,0,20000,30000,0,25000,20000,0,10000
6890,50000,0,20000,30000,0,25000,20000,0,10000
6891,50000,0,20000,30000,0,25000,20000,0,10000
6892,50000,0,20000,30000,0,25000,20000,0,10000
6893,50000,0,20000,30000,0,25000,20000,0,10000
6894,50000,0,20000,30000,0,25000,20000,0,10000
6895,50000,0,20000,30000,0,25000,20000,0,10000
6896,50000,0,20000,30000,0,25000,20000,0,10000
6897,50000,0,20000,30000,0,25000,20000,0,10000
6898,50000,0,20000,30000,0,25000,20000,0,10000
6899,50000,0,20000,30000,0,25000,20000,0,10000
6900,50000,0,20000,30000,0,25000,20000,0,10000
6901,50000,0,20000,30000,0,25000,20000,0,10000
6902,50000,0,20000,30000,0,25000,20000,0,10000
6903,50000,0,20000,30000,0,25000,20000,0,10000
6904,50000,0,20000,30000,0,25000,20000,0,10000
6905,50000,0,20000,30000,0,25000,20000,0,10000
6906,50000,0,20000,30000,0,25000,20000,0,10000
6907,50000,0,20000,30000,0,25000,20000,0,10000
6908,50000,0,20000,30000,0,25000,20000,0,10000
6909,50000,0,20000,30000,0,25000,20000,0,10000
6910,50000,0,20000,30000,0,25000,20000,0,10000
6911,50000,0,20000,30000,0,25000,20000,0,10000
6912,50000,0,20000,30000,0,25000,20000,0,10000
6913,50000,0,20000,30000,0,25000,20000,0,10000
6914,50000,0,20000,30000,0,25000,20000,0,10000
6915,50000,0,20000,30000,0,25000,20000,0,10000
6916,50000,0,20000,30000,0,25000,20000,0,10000
6917,50000,0,20000,30000,0,25000,20000,0,10000
6918,50000,0,20000,30000,0,25000,20000,0,10000
6919,50000,0,20000,30000,0,25000,20000,0,10000
6920,50000,0,20000,30000,0,25000,20000,0,10000
6921,50000,0,20000,30000,0,25000,20000,0,10000
6922,50000,0,20000,30000,0,25000,20000,0,10000
6923,50000,0,20000,30000,0,25000,20000,0,10000
6924,50000,0,20000,30000,0,25000,20000,0,10000
6925,50000,0,20000,30000,0,25000,20000,0,10000
6926,50000,0,20000,30000,0,25000,20000,0,10000
6927,50000,0,20000,30000,0,25000,20000,0,10000
6928,50000,0,20000,30000,0,25000,20000,0,10000
6929,50000,0,20000,30000,0,25000,20000,0,10000
6930,50000,0,20000,30000,0,25000,20000,0,10000
6931,50000,0,20000,30000,0,25000,20000,0,10000
6932,50000,0,20000,30000,0,25000,20000,0,10000
6933,50000,0,20000,30000,0,25000,20000,0,10000
6934,50000,0,20000,30000,0,25000,20000,0,10000
6935,50000,0,20000,30000,0,25000,20000,0,10000
6936,50000,0,20000,30000,0,25000,20000,0,10000
6937,50000,0,20000,30000,0,25000,20000,0,10000
6938,50000,0,20000,30000,0,25000,20000,0,10000
6939,50000,0,20000,30000,0,25000,20000,0,10000
6940,50000,0,20000,30000,0,25000,20000,0,10000
6941,50000,0,20000,30000,0,25000,20000,0,10000
6942,50000,0,20000,30000,0,25000,20000,0,10000
6943,50000,0,20000,30000,0,25000,20000,0,10000
6944,50000,0,20000,30000,0,25000,20000,0,10000
6945,50000,0,20000,30000,0,25000,20000,0,10000
6946,50000,0,20000,30000,0,25000,20000,0,10000
6947,50000,0,20000,30000,0,25000,20000,0,10000
6948,50000,0,20000,30000,0,25000,20000,0,10000
6949,50000,0,20000,30000,0,25000,20000,0,10000
6950,50000,0,20000,30000,0,25000,20000,0,10000
6951,50000,0,20000,30000,0,25000,20000,0,10000
6952,50000,0,20000,30000,0,25000,20000,0,10000
6953,50000,0,20000,30000,0,25000,20000,0,10000
6954,50000,0,20000,30000,0,25000,20000,0,10000
6955,50000,0,20000,30000,0,25000,20000,0,10000
6956,50000,0,20000,30000,0,25000,20000,0,10000
6957,50000,0,20000,30000,0,25000,20000,0,10000
6958,50000,0,20000,30000,0,25000,20000,0,10000
6959,50000,0,20000,30000,0,25000,20000,0,10000
6960,50000,0,20000,30000,0,25000,20000,0,10000
6961,50000,0,20000,30000,0,25000,20000,0,10000
6962,50000,0,20000,30000,0,25000,20000,0,10000
6963,50000,0,20000,30000,0,25000,20000,0,10000
6964,50000,0,20000,30000,0,25000,20000,0,10000
6965,50000,0,20000,30000,0,25000,20000,0,10000
6966,50000,0,20000,30000,0,25000,20000,0,10000
6967,50000,0,20000,30000,0,25000,20000,0,10000
6968,50000,0,20000,30000,0,25000,20000,0,10000
6969,50000,0,20000,30000,0,25000,20000,0,10000
6970,50000,0,20000,30000,0,25000,20000,0,10000
6971,50000,0,20000,30000,0,25000,20000,0,10000
6972,50000,0,20000,30000,0,25000,20000,0,10000
6973,50000,0,20000,30000,0,25000,20000,0,10000
6974,50000,0,20000,30000,0,25000,20000,0,10000
6975,50000,0,20000,30000,0,25000,20000,0,10000
6976,50000,0,20000,30000,0,25000,20000,0,10000
6977,50000,0,20000,30000,0,25000,20000,0,10000
6978,50000,0,20000,30000,0,25000,20000,0,10000
6979,50000,0,20000,30000,0,25000,20000,0,10000
6980,50000,0,20000,30000,0,25000,20000,0,10000
6981,50000,0,20000,30000,0,25000,20000,0,10000
6982,50000,0,20000,30000,0,25000,20000,0,10000
6983,50000,0,20000,30000,0,25000,20000,0,10000
6984,50000,0,20000,30000,0,25000,20000,0,10000
6985,50000,0,20000,30000,0,25000,20000,0,10000
6986,50000,0,20000,30000,0,25000,20000,0,10000
6987,50000,0,20000,30000,0,25000,20000,0,10000
6988,50000,0,20000,30000,0,25000,20000,0,10000
6989,50000,0,20000,30000,0,25000,20000,0,10000
6990,50000,0,20000,30000,0,25000,20000,0,10000
6991,50000,0,20000,30000,0,25000,20000,0,10000
6992,50000,0,20000,30000,0,25000,20000,0,10000
6993,50000,0,20000,30000,0,25000,20000,0,10000
6994,50000,0,20000,30000,0,25000,20000,0,10000
6995,50000,0,20000,30000,0,25000,20000,0,10000
6996,50000,0,20000,30000,0,25000,20000,0,10000
6997,50000,0,20000,30000,0,25000,20000,0,10000
6998,50000,0,20000,30000,0,25000,20000,0,10000
6999,50000,0,20000,30000,0,25000,20000,0,10000
7000,50000,0,20000,30000,0,25000,20000,0,10000
7001,50000,0,20000,30000,0,25000,20000,0,10000
7002,50000,0,20000,30000,0,25000,20000,0,10000
7003,50000,0,20000,30000,0,25000,20000,0,10000
7004,50000,0,20000,30000,0,25000,20000,0,10000
7005,50000,0,20000,30000,0,25000,20000,0,10000
7006,50000,0,20000,30000,0,25000,20000,0,10000
7007,50000,0,20000,30000,0,25000,20000,0,10000
7008,50000,0,20000,30000,0,25000,20000,0,10000
7009,50000,0,20000,30000,0,25000,20000,0,10000
7010,50000,0,20000,30000,0,25000,20000,0,10000
7011,50000,0,20000,30000,0,25000,20000,0,10000
7012,50000,0,20000,30000,0,25000,20000,0,10000
7013,50000,0,20000,30000,0,25000,20000,0,10000
7014,50000,0,20000,30000,0,25000,20000,0,10000
7015,50000,0,20000,30000,0,25000,20000,0,10000
7016,50000,0,20000,30000,0,25000,20000,0,10000
7017,50000,0,20000,30000,0,25000,20000,0,10000
7018,50000,0,20000,30000,0,25000,20000,0,10000
7019,50000,0,20000,30000,0,25000,20000,0,10000
7020,50000,0,20000,30000,0,25000,20000,0,10000
7021,50000,0,20000,30000,0,25000,20000,0,10000
7022,50000,0,20000,30000,0,25000,20000,0,10000
7023,50000,0,20000,30000,0,25000,20000,0,10000
7024,50000,0,20000,30000,0,25000,20000,0,10000
7025,50000,0,20000,30000,0,25000,20000,0,10000
7026,50000,0,20000,30000,0,25000,20000,0,10000
7027,50000,0,20000,30000,0,25000,20000,0,10000
7028,50000,0,20000,30000,0,25000,20000,0,10000
7029,50000,0,20000,30000,0,25000,20000,0,10000
7030,50000,0,20000,30000,0,25000,20000,0,10000
7031,50000,0,20000,30000,0,25000,20000,0,10000
7032,50000,0,20000,30000,0,25000,20000,0,10000
7033,50000,0,20000,30000,0,25000,20000,0,10000
7034,50000,0,20000,30000,0,25000,20000,0,10000
7035,50000,0,20000,30000,0,25000,20000,0,10000
7036,50000,0,20000,30000,0,25000,20000,0,10000
7037,50000,0,20000,30000,0,25000,20000,0,10000
7038,50000,0,20000,30000,0,25000,20000,0,10000
7039,50000,0,20000,30000,0,25000,20000,0,10000
7040,50000,0,20000,30000,0,25000,20000,0,10000
7041,50000,0,20000,30000,0,25000,20000,0,10000
7042,50000,0,20000,30000,0,25000,20000,0,10000
7043,50000,0,20000,30000,0,25000,20000,0,10000
7044,50000,0,20000,30000,0,25000,20000,0,10000
7045,50000,0,20000,30000,0,25000,20000,0,10000
7046,50000,0,20000,30000,0,25000,20000,0,10000
7047,50000,0,20000,30000,0,25000,20000,0,10000
7048,50000,0,20000,30000,0,25000,20000,0,10000
7049,50000,0,20000,30000,0,25000,20000,0,10000
7050,50000,0,20000,30000,0,25000,20000,0,10000
7051,50000,0,20000,30000,0,25000,20000,0,10000
7052,50000,0,20000,30000,0,25000,20000,0,10000
7053,50000,0,20000,30000,0,25000,20000,0,10000
7054,50000,0,20000,30000,0,25000,20000,0,10000
7055,50000,0,20000,30000,0,25000,20000,0,10000
7056,50000,0,20000,30000,0,25000,20000,0,10000
7057,50000,0,20000,30000,0,25000,20000,0,10000
7058,50000,0,20000,30000,0,25000,20000,0,10000
7059,50000,0,20000,30000,0,25000,20000,0,10000
7060,50000,0,20000,30000,0,25000,20000,0,10000
7061,50000,0,20000,30000,0,25000,20000,0,10000
7062,50000,0,20000,30000,0,25000,20000,0,10000
7063,50000,0,20000,30000,0,25000,20000,0,10000
7064,50000,0,20000,30000,0,25000,20000,0,10000
7065,50000,0,20000,30000,0,25000,20000,0,10000
7066,50000,0,20000,30000,0,25000,20000,0,10000
7067,50000,0,20000,30000,0,25000,20000,0,10000
7068,50000,0,20000,30000,0,25000,20000,0,10000
7069,50000,0,20000,30000,0,25000,20000,0,10000
7070,50000,0,20000,30000,0,25000,20000,0,10000
7071,50000,0,20000,30000,0,25000,20000,0,10000
7072,50000,0,20000,30000,0,25000,20000,0,10000
7073,50000,0,20000,30000,0,25000,20000,0,10000
7074,50000,0,20000,30000,0,25000,20000,0,10000
7075,50000,0,20000,30000,0,25000,20000,0,10000
7076,50000,0,20000,30000,0,25000,20000,0,10000
7077,50000,0,20000,30000,0,25000,20000,0,10000
7078,50000,0,20000,30000,0,25000,20000,0,10000
7079,50000,0,20000,30000,0,25000,20000,0,10000
7080,50000,0,20000,30000,0,25000,20000,0,10000
7081,50000,0,20000,30000,0,25000,20000,0,10000
7082,50000,0,20000,30000,0,25000,20000,0,10000
7083,50000,0,20000,30000,0,25000,20000,0,10000
7084,50000,0,20000,30000,0,25000,20000,0,10000
7085,50000,0,20000,30000,0,25000,20000,0,10000
7086,50000,0,20000,30000,0,25000,20000,0,10000
7087,50000,0,20000,30000,0,25000,20000,0,10000
7088,50000,0,20000,30000,0,25000,20000,0,10000
7089,50000,0,20000,30000,0,25000,20000,0,10000
7090,50000,0,20000,30000,0,25000,20000,0,10000
7091,50000,0,20000,30000,0,25000,20000,0,10000
7092,50000,0,20000,30000,0,25000,20000,0,10000
7093,50000,0,20000,30000,0,25000,20000,0,10000
7094,50000,0,20000,30000,0,25000,20000,0,10000
7095,50000,0,20000,30000,0,25000,20000,0,10000
7096,50000,0,20000,30000,0,25000,20000,0,10000
7097,50000,0,20000,30000,0,25000,20000,0,10000
7098,50000,0,20000,30000,0,25000,20000,0,10000
7099,50000,0,20000,30000,0,25000,20000,0,10000
7100,50000,0,20000,30000,0,25000,20000,0,10000
7101,50000,0,20000,30000,0,25000,20000,0,10000
7102,50000,0,20000,30000,0,25000,20000,0,10000
7103,50000,0,20000,30000,0,25000,20000,0,10000
7104,50000,0,20000,30000,0,25000,20000,0,10000
7105,50000,0,20000,30000,0,25000,20000,0,10000
7106,50000,0,20000,30000,0,25000,20000,0,10000
7107,50000,0,20000,30000,0,25000,20000,0,10000
7108,50000,0,20000,30000,0,25000,20000,0,10000
7109,50000,0,20000,30000,0,25000,20000,0,10000
7110,50000,0,20000,30000,0,25000,20000,0,10000
7111,50000,0,20000,30000,0,25000,20000,0,10000
7112,50000,0,20000,30000,0,25000,20000,0,10000
7113,50000,0,20000,30000,0,25000,20000,0,10000
7114,50000,0,20000,30000,0,25000,20000,0,10000
7115,50000,0,20000,30000,0,25000,20000,0,10000
7116,50000,0,20000,30000,0,25000,20000,0,10000
7117,50000,0,20000,30000,0,25000,20000,0,10000
7118,50000,0,20000,30000,0,25000,20000,0,10000
7119,50000,0,20000,30000,0,25000,20000,0,10000
7120,50000,0,20000,30000,0,25000,20000,0,10000
7121,50000,0,20000,30000,0,25000,20000,0,10000
7122,50000,0,20000,30000,0,25000,20000,0,10000
7123,50000,0,20000,30000,0,25000,20000,0,10000
7124,50000,0,20000,30000,0,25000,20000,0,10000
7125,50000,0,20000,30000,0,25000,20000,0,10000
7126,50000,0,20000,30000,0,25000,20000,0,10000
7127,50000,0,20000,30000,0,25000,20000,0,10000
7128,50000,0,20000,30000,0,25000,20000,0,10000
7129,50000,0,20000,30000,0,25000,20000,0,10000
7130,50000,0,20000,30000,0,25000,20000,0,10000
7131,50000,0,20000,30000,0,25000,20000,0,10000
7132,50000,0,20000,30000,0,25000,20000,0,10000
7133,50000,0,20000,30000,0,25000,20000,0,10000
7134,50000,0,20000,30000,0,25000,20000,0,10000
7135,50000,0,20000,30000,0,25000,20000,0,10000
7136,50000,0,20000,30000,0,25000,20000,0,10000
7137,50000,0,20000,30000,0,25000,20000,0,10000
7138,50000,0,20000,30000,0,25000,20000,0,10000
7139,50000,0,20000,30000,0,25000,20000,0,10000
7140,50000,0,20000,30000,0,25000,20000,0,10000
7141,50000,0,20000,30000,0,25000,20000,0,10000
7142,50000,0,20000,30000,0,25000,20000,0,10000
7143,50000,0,20000,30000,0,25000,20000,0,10000
7144,50000,0,20000,30000,0,25000,20000,0,10000
7145,50000,0,20000,30000,0,25000,20000,0,10000
7146,50000,0,20000,30000,0,25000,20000,0,10000
7147,50000,0,20000,30000,0,25000,20000,0,10000
7148,50000,0,20000,30000,0,25000,20000,0,10000
7149,50000,0,20000,30000,0,25000,20000,0,10000
7150,50000,0,20000,30000,0,25000,20000,0,10000
7151,50000,0,20000,30000,0,25000,20000,0,10000
7152,50000,0,20000,30000,0,25000,20000,0,10000
7153,50000,0,20000,30000,0,25000,20000,0,10000
7154,50000,0,20000,30000,0,25000,20000,0,10000
7155,50000,0,20000,30000,0,25000,20000,0,10000
7156,50000,0,20000,30000,0,25000,20000,0,10000
7157,50000,0,20000,30000,0,25000,20000,0,10000
7158,50000,0,20000,30000,0,25000,20000,0,10000
7159,50000,0,20000,30000,0,25000,20000,0,10000
7160,50000,0,20000,30000,0,25000,20000,0,10000
7161,50000,0,20000,30000,0,25000,20000,0,10000
7162,50000,0,20000,30000,0,25000,20000,0,10000
7163,50000,0,20000,30000,0,25000,20000,0,10000
7164,50000,0,20000,30000,0,25000,20000,0,10000
7165,50000,0,20000,30000,0,25000,20000,0,10000
7166,50000,0,20000,30000,0,25000,20000,0,10000
7167,50000,0,20000,30000,0,25000,20000,0,10000
7168,50000,0,20000,30000,0,25000,20000,0,10000
7169,50000,0,20000,30000,0,25000,20000,0,10000
7170,50000,0,20000,30000,0,25000,20000,0,10000
7171,50000,0,20000,30000,0,25000,20000,0,10000
7172,50000,0,20000,30000,0,25000,20000,0,10000
7173,50000,0,20000,30000,0,25000,20000,0,10000
7174,50000,0,20000,30000,0,25000,20000,0,10000
7175,50000,0,20000,30000,0,25000,20000,0,10000
7176,50000,0,20000,30000,0,25000,20000,0,10000
7177,50000,0,20000,30000,0,25000,20000,0,10000
7178,50000,0,20000,30000,0,25000,20000,0,10000
7179,50000,0,20000,30000,0,25000,20000,0,10000
7180,50000,0,20000,30000,0,25000,20000,0,10000
7181,50000,0,20000,30000,0,25000,20000,0,10000
7182,50000,0,20000,30000,0,25000,20000,0,10000
7183,50000,0,20000,30000,0,25000,20000,0,10000
7184,50000,0,20000,30000,0,25000,20000,0,10000
7185,50000,0,20000,30000,0,25000,20000,0,10000
7186,50000,0,20000,30000,0,25000,20000,0,10000
7187,50000,0,20000,30000,0,25000,20000,0,10000
7188,50000,0,20000,30000,0,25000,20000,0,10000
7189,50000,0,20000,30000,0,25000,20000,0,10000
7190,50000,0,20000,30000,0,25000,20000,0,10000
7191,50000,0,20000,30000,0,25000,20000,0,10000
7192,50000,0,20000,30000,0,25000,20000,0,10000
7193,50000,0,20000,30000,0,25000,20000,0,10000
7194,50000,0,20000,30000,0,25000,20000,0,10000
7195,50000,0,20000,30000,0,25000,20000,0,10000
7196,50000,0,20000,30000,0,25000,20000,0,10000
7197,50000,0,20000,30000,0,25000,20000,0,10000
7198,50000,0,20000,30000,0,25000,20000,0,10000
7199,50000,0,20000,30000,0,25000,20000,0,10000
7200,50000,0,20000,30000,0,25000,20000,0,10000
7201,50000,0,20000,30000,0,25000,20000,0,10000
7202,50000,0,20000,30000,0,25000,20000,0,10000
7203,50000,0,20000,30000,0,25000,20000,0,10000
7204,50000,0,20000,30000,0,25000,20000,0,10000
7205,50000,0,20000,30000,0,25000,20000,0,10000
7206,50000,0,20000,30000,0,25000,20000,0,10000
7207,50000,0,20000,30000,0,25000,20000,0,10000
7208,50000,0,20000,30000,0,25000,20000,0,10000
7209,50000,0,20000,30000,0,25000,20000,0,10000
7210,50000,0,20000,30000,0,25000,20000,0,10000
7211,50000,0,20000,30000,0,25000,20000,0,10000
7212,50000,0,20000,30000,0,25000,20000,0,10000
7213,50000,0,20000,30000,0,25000,20000,0,10000
7214,50000,0,20000,30000,0,25000,20000,0,10000
7215,50000,0,20000,30000,0,25000,20000,0,10000
7216,50000,0,20000,30000,0,25000,20000,0,10000
7217,50000,0,20000,30000,0,25000,20000,0,10000
7218,50000,0,20000,30000,0,25000,20000,0,10000
7219,50000,0,20000,30000,0,25000,20000,0,10000
7220,50000,0,20000,30000,0,25000,20000,0,10000
7221,50000,0,20000,30000,0,25000,20000,0,10000
7222,50000,0,20000,30000,0,25000,20000,0,10000
7223,50000,0,20000,30000,0,25000,20000,0,10000
7224,50000,0,20000,30000,0,25000,20000,0,10000
7225,50000,0,20000,30000,0,25000,20000,0,10000
7226,50000,0,20000,30000,0,25000,20000,0,10000
7227,50000,0,20000,30000,0,25000,20000,0,10000
7228,50000,0,20000,30000,0,25000,20000,0,10000
7229,50000,0,20000,30000,0,25000,20000,0,10000
7230,50000,0,20000,30000,0,25000,20000,0,10000
7231,50000,0,20000,30000,0,25000,20000,0,10000
7232,50000,0,20000,30000,0,25000,20000,0,10000
7233,50000,0,20000,30000,0,25000,20000,0,10000
7234,50000,0,20000,30000,0,25000,20000,0,10000
7235,50000,0,20000,30000,0,25000,20000,0,10000
7236,50000,0,20000,30000,0,25000,20000,0,10000
7237,50000,0,20000,30000,0,25000,20000,0,10000
7238,50000,0,20000,30000,0,25000,20000,0,10000
7239,50000,0,20000,30000,0,25000,20000,0,10000
7240,50000,0,20000,30000,0,25000,20000,0,10000
7241,50000,0,20000,30000,0,25000,20000,0,10000
7242,50000,0,20000,30000,0,25000,20000,0,10000
7243,50000,0,20000,30000,0,25000,20000,0,10000
7244,50000,0,20000,30000,0,25000,20000,0,10000
7245,50000,0,20000,30000,0,25000,20000,0,10000
7246,50000,0,20000,30000,0,25000,20000,0,10000
7247,50000,0,20000,30000,0,25000,20000,0,10000
7248,50000,0,20000,30000,0,25000,20000,0,10000
7249,50000,0,20000,30000,0,25000,20000,0,10000
7250,50000,0,20000,30000,0,25000,20000,0,10000
7251,50000,0,20000,30000,0,25000,20000,0,10000
7252,50000,0,20000,30000,0,25000,20000,0,10000
7253,50000,0,20000,30000,0,25000,20000,0,10000
7254,50000,0,20000,30000,0,25000,20000,0,10000
7255,50000,0,20000,30000,0,25000,20000,0,10000
7256,50000,0,20000,30000,0,25000,20000,0,10000
7257,50000,0,20000,30000,0,25000,20000,0,10000
7258,50000,0,20000,30000,0,25000,20000,0,10000
7259,50000,0,20000,30000,0,25000,20000,0,10000
7260,50000,0,20000,30000,0,25000,20000,0,10000
7261,50000,0,20000,30000,0,25000,20000,0,10000
7262,50000,0,20000,30000,0,25000,20000,0,10000
7263,50000,0,20000,30000,0,25000,20000,0,10000
7264,50000,0,20000,30000,0,25000,20000,0,10000
7265,50000,0,20000,30000,0,25000,20000,0,10000
7266,50000,0,20000,30000,0,25000,20000,0,10000
7267,50000,0,20000,30000,0,25000,20000,0,10000
7268,50000,0,20000,30000,0,25000,20000,0,10000
7269,50000,0,20000,30000,0,25000,20000,0,10000
7270,50000,0,20000,30000,0,25000,20000,0,10000
7271,50000,0,20000,30000,0,25000,20000,0,10000
7272,50000,0,20000,30000,0,25000,20000,0,10000
7273,50000,0,20000,30000,0,25000,20000,0,10000
7274,50000,0,20000,30000,0,25000,20000,0,10000
7275,50000,0,20000,30000,0,25000,20000,0,10000
7276,50000,0,20000,30000,0,25000,20000,0,10000
7277,50000,0,20000,30000,0,25000,20000,0,10000
7278,50000,0,20000,30000,0,25000,20000,0,10000
7279,50000,0,20000,30000,0,25000,20000,0,10000
7280,50000,0,20000,30000,0,25000,20000,0,10000
7281,50000,0,20000,30000,0,25000,20000,0,10000
7282,50000,0,20000,30000,0,25000,20000,0,10000
7283,50000,0,20000,30000,0,25000,20000,0,10000
7284,50000,0,20000,30000,0,25000,20000,0,10000
7285,50000,0,20000,30000,0,25000,20000,0,10000
7286,50000,0,20000,30000,0,25000,20000,0,10000
7287,50000,0,20000,30000,0,25000,20000,0,10000
7288,50000,0,20000,30000,0,25000,20000,0,10000
7289,50000,0,20000,30000,0,25000,20000,0,10000
7290,50000,0,20000,30000,0,25000,20000,0,10000
7291,50000,0,20000,30000,0,25000,20000,0,10000
7292,50000,0,20000,30000,0,25000,20000,0,10000
7293,50000,0,20000,30000,0,25000,20000,0,10000
7294,50000,0,20000,30000,0,25000,20000,0,10000
7295,50000,0,20000,30000,0,25000,20000,0,10000
7296,50000,0,20000,30000,0,25000,20000,0,10000
7297,50000,0,20000,30000,0,25000,20000,0,10000
7298,50000,0,20000,30000,0,25000,20000,0,10000
7299,50000,0,20000,30000,0,25000,20000,0,10000
7300,50000,0,20000,30000,0,25000,20000,0,10000
7301,50000,0,20000,30000,0,25000,20000,0,10000
7302,50000,0,20000,30000,0,25000,20000,0,10000
7303,50000,0,20000,30000,0,25000,20000,0,10000
7304,50000,0,20000,30000,0,25000,20000,0,10000
7305,50000,0,20000,30000,0,25000,20000,0,10000
7306,50000,0,20000,30000,0,25000,20000,0,10000
7307,50000,0,20000,30000,0,25000,20000,0,10000
7308,50000,0,20000,30000,0,25000,20000,0,10000
7309,50000,0,20000,30000,0,25000,20000,0,10000
7310,50000,0,20000,30000,0,25000,20000,0,10000
7311,50000,0,20000,30000,0,25000,20000,0,10000
7312,50000,0,20000,30000,0,25000,20000,0,10000
7313,50000,0,20000,30000,0,25000,20000,0,10000
7314,50000,0,20000,30000,0,25000,20000,0,10000
7315,50000,0,20000,30000,0,25000,20000,0,10000
7316,50000,0,20000,30000,0,25000,20000,0,10000
7317,50000,0,20000,30000,0,25000,20000,0,10000
7318,50000,0,20000,30000,0,25000,20000,0,10000
7319,50000,0,20000,30000,0,25000,20000,0,10000
7320,50000,0,20000,30000,0,25000,20000,0,10000
7321,50000,0,20000,30000,0,25000,20000,0,10000
7322,50000,0,20000,30000,0,25000,20000,0,10000
7323,50000,0,20000,30000,0,25000,20000,0,10000
7324,50000,0,20000,30000,0,25000,20000,0,10000
7325,50000,0,20000,30000,0,25000,20000,0,10000
7326,50000,0,20000,30000,0,25000,20000,0,10000
7327,50000,0,20000,30000,0,25000,20000,0,10000
7328,50000,0,20000,30000,0,25000,20000,0,10000
7329,50000,0,20000,30000,0,25000,20000,0,10000
7330,50000,0,20000,30000,0,25000,20000,0,10000
7331,50000,0,20000,30000,0,25000,20000,0,10000
7332,50000,0,20000,30000,0,25000,20000,0,10000
7333,50000,0,20000,30000,0,25000,20000,0,10000
7334,50000,0,20000,30000,0,25000,20000,0,10000
7335,50000,0,20000,30000,0,25000,20000,0,10000
7336,50000,0,20000,30000,0,25000,20000,0,10000
7337,50000,0,20000,30000,0,25000,20000,0,10000
7338,50000,0,20000,30000,0,25000,20000,0,10000
7339,50000,0,20000,30000,0,25000,20000,0,10000
7340,50000,0,20000,30000,0,25000,20000,0,10000
7341,50000,0,20000,30000,0,25000,20000,0,10000
7342,50000,0,20000,30000,0,25000,20000,0,10000
7343,50000,0,20000,30000,0,25000,20000,0,10000
7344,50000,0,20000,30000,0,25000,20000,0,10000
7345,50000,0,20000,30000,0,25000,20000,0,10000
7346,50000,0,20000,30000,0,25000,20000,0,10000
7347,50000,0,20000,30000,0,25000,20000,0,10000
7348,50000,0,20000,30000,0,25000,20000,0,10000
7349,50000,0,20000,30000,0,25000,20000,0,10000
7350,50000,0,20000,30000,0,25000,20000,0,10000
7351,50000,0,20000,30000,0,25000,20000,0,10000
7352,50000,0,20000,30000,0,25000,20000,0,10000
7353,50000,0,20000,30000,0,25000,20000,0,10000
7354,50000,0,20000,30000,0,25000,20000,0,10000
7355,50000,0,20000,30000,0,25000,20000,0,10000
7356,50000,0,20000,30000,0,25000,20000,0,10000
7357,50000,0,20000,30000,0,25000,20000,0,10000
7358,50000,0,20000,30000,0,25000,20000,0,10000
7359,50000,0,20000,30000,0,25000,20000,0,10000
7360,50000,0,20000,30000,0,25000,20000,0,10000
7361,50000,0,20000,30000,0,25000,20000,0,10000
7362,50000,0,20000,30000,0,25000,20000,0,10000
7363,50000,0,20000,30000,0,25000,20000,0,10000
7364,50000,0,20000,30000,0,25000,20000,0,10000
7365,50000,0,20000,30000,0,25000,20000,0,10000
7366,50000,0,20000,30000,0,25000,20000,0,10000
7367,50000,0,20000,30000,0,25000,20000,0,10000
7368,50000,0,20000,30000,0,25000,20000,0,10000
7369,50000,0,20000,30000,0,25000,20000,0,10000
7370,50000,0,20000,30000,0,25000,20000,0,10000
7371,50000,0,20000,30000,0,25000,20000,0,10000
7372,50000,0,20000,30000,0,25000,20000,0,10000
7373,50000,0,20000,30000,0,25000,20000,0,10000
7374,50000,0,20000,30000,0,25000,20000,0,10000
7375,50000,0,20000,30000,0,25000,20000,0,10000
7376,50000,0,20000,30000,0,25000,20000,0,10000
7377,50000,0,20000,30000,0,25000,20000,0,10000
7378,50000,0,20000,30000,0,25000,20000,0,10000
7379,50000,0,20000,30000,0,25000,20000,0,10000
7380,50000,0,20000,30000,0,25000,20000,0,10000
7381,50000,0,20000,30000,0,25000,20000,0,10000
7382,50000,0,20000,30000,0,25000,20000,0,10000
7383,50000,0,20000,30000,0,25000,20000,0,10000
7384,50000,0,20000,30000,0,25000,20000,0,10000
7385,50000,0,20000,30000,0,25000,20000,0,10000
7386,50000,0,20000,30000,0,25000,20000,0,10000
7387,50000,0,20000,30000,0,25000,20000,0,10000
7388,50000,0,20000,30000,0,25000,20000,0,10000
7389,50000,0,20000,30000,0,25000,20000,0,10000
7390,50000,0,20000,30000,0,25000,20000,0,10000
7391,50000,0,20000,30000,0,25000,20000,0,10000
7392,50000,0,20000,30000,0,25000,20000,0,10000
7393,50000,0,20000,30000,0,25000,20000,0,10000
7394,50000,0,20000,30000,0,25000,20000,0,10000
7395,50000,0,20000,30000,0,25000,20000,0,10000
7396,50000,0,20000,30000,0,25000,20000,0,10000
7397,50000,0,20000,30000,0,25000,20000,0,10000
7398,50000,0,20000,30000,0,25000,20000,0,10000
7399,50000,0,20000,30000,0,25000,20000,0,10000
7400,50000,0,20000,30000,0,25000,20000,0,10000
7401,50000,0,20000,30000,0,25000,20000,0,10000
7402,50000,0,20000,30000,0,25000,20000,0,10000
7403,50000,0,20000,30000,0,25000,20000,0,10000
7404,50000,0,20000,30000,0,25000,20000,0,10000
7405,50000,0,20000,30000,0,25000,20000,0,10000
7406,50000,0,20000,30000,0,25000,20000,0,10000
7407,50000,0,20000,30000,0,25000,20000,0,10000
7408,50000,0,20000,30000,0,25000,20000,0,10000
7409,50000,0,20000,30000,0,25000,20000,0,10000
7410,50000,0,20000,30000,0,25000,20000,0,10000
7411,50000,0,20000,30000,0,25000,20000,0,10000
7412,50000,0,20000,30000,0,25000,20000,0,10000
7413,50000,0,20000,30000,0,25000,20000,0,10000
7414,50000,0,20000,30000,0,25000,20000,0,10000
7415,50000,0,20000,30000,0,25000,20000,0,10000
7416,50000,0,20000,30000,0,25000,20000,0,10000
7417,50000,0,20000,30000,0,25000,20000,0,10000
7418,50000,0,20000,30000,0,25000,20000,0,10000
7419,50000,0,20000,30000,0,25000,20000,0,10000
7420,50000,0,20000,30000,0,25000,20000,0,10000
7421,50000,0,20000,30000,0,25000,20000,0,10000
7422,50000,0,20000,30000,0,25000,20000,0,10000
7423,50000,0,20000,30000,0,25000,20000,0,10000
7424,50000,0,20000,30000,0,25000,20000,0,10000
7425,50000,0,20000,30000,0,25000,20000,0,10000
7426,50000,0,20000,30000,0,25000,20000,0,10000
7427,50000,0,20000,30000,0,25000,20000,0,10000
7428,50000,0,20000,30000,0,25000,20000,0,10000
7429,50000,0,20000,30000,0,25000,20000,0,10000
7430,50000,0,20000,30000,0,25000,20000,0,10000
7431,50000,0,20000,30000,0,25000,20000,0,10000
7432,50000,0,20000,30000,0,25000,20000,0,10000
7433,50000,0,20000,30000,0,25000,20000,0,10000
7434,50000,0,20000,30000,0,25000,20000,0,10000
7435,50000,0,20000,30000,0,25000,20000,0,10000
7436,50000,0,20000,30000,0,25000,20000,0,10000
7437,50000,0,20000,30000,0,25000,20000,0,10000
7438,50000,0,20000,30000,0,25000,20000,0,10000
7439,50000,0,20000,30000,0,25000,20000,0,10000
7440,50000,0,20000,30000,0,25000,20000,0,10000
7441,50000,0,20000,30000,0,25000,20000,0,10000
7442,50000,0,20000,30000,0,25000,20000,0,10000
7443,50000,0,20000,30000,0,25000,20000,0,10000
7444,50000,0,20000,30000,0,25000,20000,0,10000
7445,50000,0,20000,30000,0,25000,20000,0,10000
7446,50000,0,20000,30000,0,25000,20000,0,10000
7447,50000,0,20000,30000,0,25000,20000,0,10000
7448,50000,0,20000,30000,0,25000,20000,0,10000
7449,50000,0,20000,30000,0,25000,20000,0,10000
7450,50000,0,20000,30000,0,25000,20000,0,10000
7451,50000,0,20000,30000,0,25000,20000,0,10000
7452,50000,0,20000,30000,0,25000,20000,0,10000
7453,50000,0,20000,30000,0,25000,20000,0,10000
7454,50000,0,20000,30000,0,25000,20000,0,10000
7455,50000,0,20000,30000,0,25000,20000,0,10000
7456,50000,0,20000,30000,0,25000,20000,0,10000
7457,50000,0,20000,30000,0,25000,20000,0,10000
7458,50000,0,20000,30000,0,25000,20000,0,10000
7459,50000,0,20000,30000,0,25000,20000,0,10000
7460,50000,0,20000,30000,0,25000,20000,0,10000
7461,50000,0,20000,30000,0,25000,20000,0,10000
7462,50000,0,20000,30000,0,25000,20000,0,10000
7463,50000,0,20000,30000,0,25000,20000,0,10000
7464,50000,0,20000,30000,0,25000,20000,0,10000
7465,50000,0,20000,30000,0,25000,20000,0,10000
7466,50000,0,20000,30000,0,25000,20000,0,10000
7467,50000,0,20000,30000,0,25000,20000,0,10000
7468,50000,0,20000,30000,0,25000,20000,0,10000
7469,50000,0,20000,30000,0,25000,20000,0,10000
7470,50000,0,20000,30000,0,25000,20000,0,10000
7471,50000,0,20000,30000,0,25000,20000,0,10000
7472,50000,0,20000,30000,0,25000,20000,0,10000
7473,50000,0,20000,30000,0,25000,20000,0,10000
7474,50000,0,20000,30000,0,25000,20000,0,10000
7475,50000,0,20000,30000,0,25000,20000,0,10000
7476,50000,0,20000,30000,0,25000,20000,0,10000
7477,50000,0,20000,30000,0,25000,20000,0,10000
7478,50000,0,20000,30000,0,25000,20000,0,10000
7479,50000,0,20000,30000,0,25000,20000,0,10000
7480,50000,0,20000,30000,0,25000,20000,0,10000
7481,50000,0,20000,30000,0,25000,20000,0,10000
7482,50000,0,20000,30000,0,25000,20000,0,10000
7483,50000,0,20000,30000,0,25000,20000,0,10000
7484,50000,0,20000,30000,0,25000,20000,0,10000
7485,50000,0,20000,30000,0,25000,20000,0,10000
7486,50000,0,20000,30000,0,25000,20000,0,10000
7487,50000,0,20000,30000,0,25000,20000,0,10000
7488,50000,0,20000,30000,0,25000,20000,0,10000
7489,50000,0,20000,30000,0,25000,20000,0,10000
7490,50000,0,20000,30000,0,25000,20000,0,10000
7491,50000,0,20000,30000,0,25000,20000,0,10000
7492,50000,0,20000,30000,0,25000,20000,0,10000
7493,50000,0,20000,30000,0,25000,20000,0,10000
7494,50000,0,20000,30000,0,25000,20000,0,10000
7495,50000,0,20000,30000,0,25000,20000,0,10000
7496,50000,0,20000,30000,0,25000,20000,0,10000
7497,50000,0,20000,30000,0,25000,20000,0,10000
7498,50000,0,20000,30000,0,25000,20000,0,10000
7499,50000,0,20000,30000,0,25000,20000,0,10000
7500,50000,0,20000,30000,0,25000,20000,0,10000
7501,50000,0,20000,30000,0,25000,20000,0,10000
7502,50000,0,20000,30000,0,25000,20000,0,10000
7503,50000,0,20000,30000,0,25000,20000,0,10000
7504,50000,0,20000,30000,0,25000,20000,0,10000
7505,50000,0,20000,30000,0,25000,20000,0,10000
7506,50000,0,20000,30000,0,25000,20000,0,10000
7507,50000,0,20000,30000,0,25000,20000,0,10000
7508,50000,0,20000,30000,0,25000,20000,0,10000
7509,50000,0,20000,30000,0,25000,20000,0,10000
7510,50000,0,20000,30000,0,25000,20000,0,10000
7511,50000,0,20000,30000,0,25000,20000,0,10000
7512,50000,0,20000,30000,0,25000,20000,0,10000
7513,50000,0,20000,30000,0,25000,20000,0,10000
7514,50000,0,20000,30000,0,25000,20000,0,10000
7515,50000,0,20000,30000,0,25000,20000,0,10000
7516,50000,0,20000,30000,0,25000,20000,0,10000
7517,50000,0,20000,30000,0,25000,20000,0,10000
7518,50000,0,20000,30000,0,25000,20000,0,10000
7519,50000,0,20000,30000,0,25000,20000,0,10000
7520,50000,0,20000,30000,0,25000,20000,0,10000
7521,50000,0,20000,30000,0,25000,20000,0,10000
7522,50000,0,20000,30000,0,25000,20000,0,10000
7523,50000,0,20000,30000,0,25000,20000,0,10000
7524,50000,0,20000,30000,0,25000,20000,0,10000
7525,50000,0,20000,30000,0,25000,20000,0,10000
7526,50000,0,20000,30000,0,25000,20000,0,10000
7527,50000,0,20000,30000,0,25000,20000,0,10000
7528,50000,0,20000,30000,0,25000,20000,0,10000
7529,50000,0,20000,30000,0,25000,20000,0,10000
7530,50000,0,20000,30000,0,25000,20000,0,10000
7531,50000,0,20000,30000,0,25000,20000,0,10000
7532,50000,0,20000,30000,0,25000,20000,0,10000
7533,50000,0,20000,30000,0,25000,20000,0,10000
7534,50000,0,20000,30000,0,25000,20000,0,10000
7535,50000,0,20000,30000,0,25000,20000,0,10000
7536,50000,0,20000,30000,0,25000,20000,0,10000
7537,50000,0,20000,30000,0,25000,20000,0,10000
7538,50000,0,20000,30000,0,25000,20000,0,10000
7539,50000,0,20000,30000,0,25000,20000,0,10000
7540,50000,0,20000,30000,0,25000,20000,0,10000
7541,50000,0,20000,30000,0,25000,20000,0,10000
7542,50000,0,20000,30000,0,25000,20000,0,10000
7543,50000,0,20000,30000,0,25000,20000,0,10000
7544,50000,0,20000,30000,0,25000,20000,0,10000
7545,50000,0,20000,30000,0,25000,20000,0,10000
7546,50000,0,20000,30000,0,25000,20000,0,10000
7547,50000,0,20000,30000,0,25000,20000,0,10000
7548,50000,0,20000,30000,0,25000,20000,0,10000
7549,50000,0,20000,30000,0,25000,20000,0,10000
7550,50000,0,20000,30000,0,25000,20000,0,10000
7551,50000,0,20000,30000,0,25000,20000,0,10000
7552,50000,0,20000,30000,0,25000,20000,0,10000
7553,50000,0,20000,30000,0,25000,20000,0,10000
7554,50000,0,20000,30000,0,25000,20000,0,10000
7555,50000,0,20000,30000,0,25000,20000,0,10000
7556,50000,0,20000,30000,0,25000,20000,0,10000
7557,50000,0,20000,30000,0,25000,20000,0,10000
7558,50000,0,20000,30000,0,25000,20000,0,10000
7559,50000,0,20000,30000,0,25000,20000,0,10000
7560,50000,0,20000,30000,0,25000,20000,0,10000
7561,50000,0,20000,30000,0,25000,20000,0,10000
7562,50000,0,20000,30000,0,25000,20000,0,10000
7563,50000,0,20000,30000,0,25000,20000,0,10000
7564,50000,0,20000,30000,0,25000,20000,0,10000
7565,50000,0,20000,30000,0,25000,20000,0,10000
7566,50000,0,20000,30000,0,25000,20000,0,10000
7567,50000,0,20000,30000,0,25000,20000,0,10000
7568,50000,0,20000,30000,0,25000,20000,0,10000
7569,50000,0,20000,30000,0,25000,20000,0,10000
7570,50000,0,20000,30000,0,25000,20000,0,10000
7571,50000,0,20000,30000,0,25000,20000,0,10000
7572,50000,0,20000,30000,0,25000,20000,0,10000
7573,50000,0,20000,30000,0,25000,20000,0,10000
7574,50000,0,20000,30000,0,25000,20000,0,10000
7575,50000,0,20000,30000,0,25000,20000,0,10000
7576,50000,0,20000,30000,0,25000,20000,0,10000
7577,50000,0,20000,30000,0,25000,20000,0,10000
7578,50000,0,20000,30000,0,25000,20000,0,10000
7579,50000,0,20000,30000,0,25000,20000,0,10000
7580,50000,0,20000,30000,0,25000,20000,0,10000
7581,50000,0,20000,30000,0,25000,20000,0,10000
7582,50000,0,20000,30000,0,25000,20000,0,10000
7583,50000,0,20000,30000,0,25000,20000,0,10000
7584,50000,0,20000,30000,0,25000,20000,0,10000
7585,50000,0,20000,30000,0,25000,20000,0,10000
7586,50000,0,20000,30000,0,25000,20000,0,10000
7587,50000,0,20000,30000,0,25000,20000,0,10000
7588,50000,0,20000,30000,0,25000,20000,0,10000
7589,50000,0,20000,30000,0,25000,20000,0,10000
7590,50000,0,20000,30000,0,25000,20000,0,10000
7591,50000,0,20000,30000,0,25000,20000,0,10000
7592,50000,0,20000,30000,0,25000,20000,0,10000
7593,50000,0,20000,30000,0,25000,20000,0,10000
7594,50000,0,20000,30000,0,25000,20000,0,10000
7595,50000,0,20000,30000,0,25000,20000,0,10000
7596,50000,0,20000,30000,0,25000,20000,0,10000
7597,50000,0,20000,30000,0,25000,20000,0,10000
7598,50000,0,20000,30000,0,25000,20000,0,10000
7599,50000,0,20000,30000,0,25000,20000,0,10000
7600,50000,0,20000,30000,0,25000,20000,0,10000
7601,50000,0,20000,30000,0,25000,20000,0,10000
7602,50000,0,20000,30000,0,25000,20000,0,10000
7603,50000,0,20000,30000,0,25000,20000,0,10000
7604,50000,0,20000,30000,0,25000,20000,0,10000
7605,50000,0,20000,30000,0,25000,20000,0,10000
7606,50000,0,20000,30000,0,25000,20000,0,10000
7607,50000,0,20000,30000,0,25000,20000,0,10000
7608,50000,0,20000,30000,0,25000,20000,0,10000
7609,50000,0,20000,30000,0,25000,20000,0,10000
7610,50000,0,20000,30000,0,25000,20000,0,10000
7611,50000,0,20000,30000,0,25000,20000,0,10000
7612,50000,0,20000,30000,0,25000,20000,0,10000
7613,50000,0,20000,30000,0,25000,20000,0,10000
7614,50000,0,20000,30000,0,25000,20000,0,10000
7615,50000,0,20000,30000,0,25000,20000,0,10000
7616,50000,0,20000,30000,0,25000,20000,0,10000
7617,50000,0,20000,30000,0,25000,20000,0,10000
7618,50000,0,20000,30000,0,25000,20000,0,10000
7619,50000,0,20000,30000,0,25000,20000,0,10000
7620,50000,0,20000,30000,0,25000,20000,0,10000
7621,50000,0,20000,30000,0,25000,20000,0,10000
7622,50000,0,20000,30000,0,25000,20000,0,10000
7623,50000,0,20000,30000,0,25000,20000,0,10000
7624,50000,0,20000,30000,0,25000,20000,0,10000
7625,50000,0,20000,30000,0,25000,20000,0,10000
7626,50000,0,20000,30000,0,25000,20000,0,10000
7627,50000,0,20000,30000,0,25000,20000,0,10000
7628,50000,0,20000,30000,0,25000,20000,0,10000
7629,50000,0,20000,30000,0,25000,20000,0,10000
7630,50000,0,20000,30000,0,25000,20000,0,10000
7631,50000,0,20000,30000,0,25000,20000,0,10000
7632,50000,0,20000,30000,0,25000,20000,0,10000
7633,50000,0,20000,30000,0,25000,20000,0,10000
7634,50000,0,20000,30000,0,25000,20000,0,10000
7635,50000,0,20000,30000,0,25000,20000,0,10000
7636,50000,0,20000,30000,0,25000,20000,0,10000
7637,50000,0,20000,30000,0,25000,20000,0,10000
7638,50000,0,20000,30000,0,25000,20000,0,10000
7639,50000,0,20000,30000,0,25000,20000,0,10000
7640,50000,0,20000,30000,0,25000,20000,0,10000
7641,50000,0,20000,30000,0,25000,20000,0,10000
7642,50000,0,20000,30000,0,25000,20000,0,10000
7643,50000,0,20000,30000,0,25000,20000,0,10000
7644,50000,0,20000,30000,0,25000,20000,0,10000
7645,50000,0,20000,30000,0,25000,20000,0,10000
7646,50000,0,20000,30000,0,25000,20000,0,10000
7647,50000,0,20000,30000,0,25000,20000,0,10000
7648,50000,0,20000,30000,0,25000,20000,0,10000
7649,50000,0,20000,30000,0,25000,20000,0,10000
7650,50000,0,20000,30000,0,25000,20000,0,10000
7651,50000,0,20000,30000,0,25000,20000,0,10000
7652,50000,0,20000,30000,0,25000,20000,0,10000
7653,50000,0,20000,30000,0,25000,20000,0,10000
7654,50000,0,20000,30000,0,25000,20000,0,10000
7655,50000,0,20000,30000,0,25000,20000,0,10000
7656,50000,0,20000,30000,0,25000,20000,0,10000
7657,50000,0,20000,30000,0,25000,20000,0,10000
7658,50000,0,20000,30000,0,25000,20000,0,10000
7659,50000,0,20000,30000,0,25000,20000,0,10000
7660,50000,0,20000,30000,0,25000,20000,0,10000
7661,50000,0,20000,30000,0,25000,20000,0,10000
7662,50000,0,20000,30000,0,25000,20000,0,10000
7663,50000,0,20000,30000,0,25000,20000,0,10000
7664,50000,0,20000,30000,0,25000,20000,0,10000
7665,50000,0,20000,30000,0,25000,20000,0,10000
7666,50000,0,20000,30000,0,25000,20000,0,10000
7667,50000,0,20000,30000,0,25000,20000,0,10000
7668,50000,0,20000,30000,0,25000,20000,0,10000
7669,50000,0,20000,30000,0,25000,20000,0,10000
7670,50000,0,20000,30000,0,25000,20000,0,10000
7671,50000,0,20000,30000,0,25000,20000,0,10000
7672,50000,0,20000,30000,0,25000,20000,0,10000
7673,50000,0,20000,30000,0,25000,20000,0,10000
7674,50000,0,20000,30000,0,25000,20000,0,10000
7675,50000,0,20000,30000,0,25000,20000,0,10000
7676,50000,0,20000,30000,0,25000,20000,0,10000
7677,50000,0,20000,30000,0,25000,20000,0,10000
7678,50000,0,20000,30000,0,25000,20000,0,10000
7679,50000,0,20000,30000,0,25000,20000,0,10000
7680,50000,0,20000,30000,0,25000,20000,0,10000
7681,50000,0,20000,30000,0,25000,20000,0,10000
7682,50000,0,20000,30000,0,25000,20000,0,10000
7683,50000,0,20000,30000,0,25000,20000,0,10000
7684,50000,0,20000,30000,0,25000,20000,0,10000
7685,50000,0,20000,30000,0,25000,20000,0,10000
7686,50000,0,20000,30000,0,25000,20000,0,10000
7687,50000,0,20000,30000,0,25000,20000,0,10000
7688,50000,0,20000,30000,0,25000,20000,0,10000
7689,50000,0,20000,30000,0,25000,20000,0,10000
7690,50000,0,20000,30000,0,25000,20000,0,10000
7691,50000,0,20000,30000,0,25000,20000,0,10000
7692,50000,0,20000,30000,0,25000,20000,0,10000
7693,50000,0,20000,30000,0,25000,20000,0,10000
7694,50000,0,20000,30000,0,25000,20000,0,10000
7695,50000,0,20000,30000,0,25000,20000,0,10000
7696,50000,0,20000,30000,0,25000,20000,0,10000
7697,50000,0,20000,30000,0,25000,20000,0,10000
7698,50000,0,20000,30000,0,25000,20000,0,10000
7699,50000,0,20000,30000,0,25000,20000,0,10000
7700,50000,0,20000,30000,0,25000,20000,0,10000
7701,50000,0,20000,30000,0,25000,20000,0,10000
7702,50000,0,20000,30000,0,25000,20000,0,10000
7703,50000,0,20000,30000,0,25000,20000,0,10000
7704,50000,0,20000,30000,0,25000,20000,0,10000
7705,50000,0,20000,30000,0,25000,20000,0,10000
7706,50000,0,20000,30000,0,25000,20000,0,10000
7707,50000,0,20000,30000,0,25000,20000,0,10000
7708,50000,0,20000,30000,0,25000,20000,0,10000
7709,50000,0,20000,30000,0,25000,20000,0,10000
7710,50000,0,20000,30000,0,25000,20000,0,10000
7711,50000,0,20000,30000,0,25000,20000,0,10000
7712,50000,0,20000,30000,0,25000,20000,0,10000
7713,50000,0,20000,30000,0,25000,20000,0,10000
7714,50000,0,20000,30000,0,25000,20000,0,10000
7715,50000,0,20000,30000,0,25000,20000,0,10000
7716,50000,0,20000,30000,0,25000,20000,0,10000
7717,50000,0,20000,30000,0,25000,20000,0,10000
7718,50000,0,20000,30000,0,25000,20000,0,10000
7719,50000,0,20000,30000,0,25000,20000,0,10000
7720,50000,0,20000,30000,0,25000,20000,0,10000
7721,50000,0,20000,30000,0,25000,20000,0,10000
7722,50000,0,20000,30000,0,25000,20000,0,10000
7723,50000,0,20000,30000,0,25000,20000,0,10000
7724,50000,0,20000,30000,0,25000,20000,0,10000
7725,50000,0,20000,30000,0,25000,20000,0,10000
7726,50000,0,20000,30000,0,25000,20000,0,10000
7727,50000,0,20000,30000,0,25000,20000,0,10000
7728,50000,0,20000,30000,0,25000,20000,0,10000
7729,50000,0,20000,30000,0,25000,20000,0,10000
7730,50000,0,20000,30000,0,25000,20000,0,10000
7731,50000,0,20000,30000,0,25000,20000,0,10000
7732,50000,0,20000,30000,0,25000,20000,0,10000
7733,50000,0,20000,30000,0,25000,20000,0,10000
7734,50000,0,20000,30000,0,25000,20000,0,10000
7735,50000,0,20000,30000,0,25000,20000,0,10000
7736,50000,0,20000,30000,0,25000,20000,0,10000
7737,50000,0,20000,30000,0,25000,20000,0,10000
7738,50000,0,20000,30000,0,25000,20000,0,10000
7739,50000,0,20000,30000,0,25000,20000,0,10000
7740,50000,0,20000,30000,0,25000,20000,0,10000
7741,50000,0,20000,30000,0,25000,20000,0,10000
7742,50000,0,20000,30000,0,25000,20000,0,10000
7743,50000,0,20000,30000,0,25000,20000,0,10000
7744,50000,0,20000,30000,0,25000,20000,0,10000
7745,50000,0,20000,30000,0,25000,20000,0,10000
7746,50000,0,20000,30000,0,25000,20000,0,10000
7747,50000,0,20000,30000,0,25000,20000,0,10000
7748,50000,0,20000,30000,0,25000,20000,0,10000
7749,50000,0,20000,30000,0,25000,20000,0,10000
7750,50000,0,20000,30000,0,25000,20000,0,10000
7751,50000,0,20000,30000,0,25000,20000,0,10000
7752,50000,0,20000,30000,0,25000,20000,0,10000
7753,50000,0,20000,30000,0,25000,20000,0,10000
7754,50000,0,20000,30000,0,25000,20000,0,10000
7755,50000,0,20000,30000,0,25000,20000,0,10000
7756,50000,0,20000,30000,0,25000,20000,0,10000
7757,50000,0,20000,30000,0,25000,20000,0,10000
7758,50000,0,20000,30000,0,25000,20000,0,10000
7759,50000,0,20000,30000,0,25000,20000,0,10000
7760,50000,0,20000,30000,0,25000,20000,0,10000
7761,50000,0,20000,30000,0,25000,20000,0,10000
7762,50000,0,20000,30000,0,25000,20000,0,10000
7763,50000,0,20000,30000,0,25000,20000,0,10000
7764,50000,0,20000,30000,0,25000,20000,0,10000
7765,50000,0,20000,30000,0,25000,20000,0,10000
7766,50000,0,20000,30000,0,25000,20000,0,10000
7767,50000,0,20000,30000,0,25000,20000,0,10000
7768,50000,0,20000,30000,0,25000,20000,0,10000
7769,50000,0,20000,30000,0,25000,20000,0,10000
7770,50000,0,20000,30000,0,25000,20000,0,10000
7771,50000,0,20000,30000,0,25000,20000,0,10000
7772,50000,0,20000,30000,0,25000,20000,0,10000
7773,50000,0,20000,30000,0,25000,20000,0,10000
7774,50000,0,20000,30000,0,25000,20000,0,10000
7775,50000,0,20000,30000,0,25000,20000,0,10000
7776,50000,0,20000,30000,0,25000,20000,0,10000
7777,50000,0,20000,30000,0,25000,20000,0,10000
7778,50000,0,20000,30000,0,25000,20000,0,10000
7779,50000,0,20000,30000,0,25000,20000,0,10000
7780,50000,0,20000,30000,0,25000,20000,0,10000
7781,50000,0,20000,30000,0,25000,20000,0,10000
7782,50000,0,20000,30000,0,25000,20000,0,10000
7783,50000,0,20000,30000,0,25000,20000,0,10000
7784,50000,0,20000,30000,0,25000,20000,0,10000
7785,50000,0,20000,30000,0,25000,20000,0,10000
7786,50000,0,20000,30000,0,25000,20000,0,10000
7787,50000,0,20000,30000,0,25000,20000,0,10000
7788,50000,0,20000,30000,0,25000,20000,0,10000
7789,50000,0,20000,30000,0,25000,20000,0,10000
7790,50000,0,20000,30000,0,25000,20000,0,10000
7791,50000,0,20000,30000,0,25000,20000,0,10000
7792,50000,0,20000,30000,0,25000,20000,0,10000
7793,50000,0,20000,30000,0,25000,20000,0,10000
7794,50000,0,20000,30000,0,25000,20000,0,10000
7795,50000,0,20000,30000,0,25000,20000,0,10000
7796,50000,0,20000,30000,0,25000,20000,0,10000
7797,50000,0,20000,30000,0,25000,20000,0,10000
7798,50000,0,20000,30000,0,25000,20000,0,10000
7799,50000,0,20000,30000,0,25000,20000,0,10000
7800,50000,0,20000,30000,0,25000,20000,0,10000
7801,50000,0,20000,30000,0,25000,20000,0,10000
7802,50000,0,20000,30000,0,25000,20000,0,10000
7803,50000,0,20000,30000,0,25000,20000,0,10000
7804,50000,0,20000,30000,0,25000,20000,0,10000
7805,50000,0,20000,30000,0,25000,20000,0,10000
7806,50000,0,20000,30000,0,25000,20000,0,10000
7807,50000,0,20000,30000,0,25000,20000,0,10000
7808,50000,0,20000,30000,0,25000,20000,0,10000
7809,50000,0,20000,30000,0,25000,20000,0,10000
7810,50000,0,20000,30000,0,25000,20000,0,10000
7811,50000,0,20000,30000,0,25000,20000,0,10000
7812,50000,0,20000,30000,0,25000,20000,0,10000
7813,50000,0,20000,30000,0,25000,20000,0,10000
7814,50000,0,20000,30000,0,25000,20000,0,10000
7815,50000,0,20000,30000,0,25000,20000,0,10000
7816,50000,0,20000,30000,0,25000,20000,0,10000
7817,50000,0,20000,30000,0,25000,20000,0,10000
7818,50000,0,20000,30000,0,25000,20000,0,10000
7819,50000,0,20000,30000,0,25000,20000,0,10000
7820,50000,0,20000,30000,0,25000,20000,0,10000
7821,50000,0,20000,30000,0,25000,20000,0,10000
7822,50000,0,20000,30000,0,25000,20000,0,10000
7823,50000,0,20000,30000,0,25000,20000,0,10000
7824,50000,0,20000,30000,0,25000,20000,0,10000
7825,50000,0,20000,30000,0,25000,20000,0,10000
7826,50000,0,20000,30000,0,25000,20000,0,10000
7827,50000,0,20000,30000,0,25000,20000,0,10000
7828,50000,0,20000,30000,0,25000,20000,0,10000
7829,50000,0,20000,30000,0,25000,20000,0,10000
7830,50000,0,20000,30000,0,25000,20000,0,10000
7831,50000,0,20000,30000,0,25000,20000,0,10000
7832,50000,0,20000,30000,0,25000,20000,0,10000
7833,50000,0,20000,30000,0,25000,20000,0,10000
7834,50000,0,20000,30000,0,25000,20000,0,10000
7835,50000,0,20000,30000,0,25000,20000,0,10000
7836,50000,0,20000,30000,0,25000,20000,0,10000
7837,50000,0,20000,30000,0,25000,20000,0,10000
7838,50000,0,20000,30000,0,25000,20000,0,10000
7839,50000,0,20000,30000,0,25000,20000,0,10000
7840,50000,0,20000,30000,0,25000,20000,0,10000
7841,50000,0,20000,30000,0,25000,20000,0,10000
7842,50000,0,20000,30000,0,25000,20000,0,10000
7843,50000,0,20000,30000,0,25000,20000,0,10000
7844,50000,0,20000,30000,0,25000,20000,0,10000
7845,50000,0,20000,30000,0,25000,20000,0,10000
7846,50000,0,20000,30000,0,25000,20000,0,10000
7847,50000,0,20000,30000,0,25000,20000,0,10000
7848,50000,0,20000,30000,0,25000,20000,0,10000
7849,50000,0,20000,30000,0,25000,20000,0,10000
7850,50000,0,20000,30000,0,25000,20000,0,10000
7851,50000,0,20000,30000,0,25000,20000,0,10000
7852,50000,0,20000,30000,0,25000,20000,0,10000
7853,50000,0,20000,30000,0,25000,20000,0,10000
7854,50000,0,20000,30000,0,25000,20000,0,10000
7855,50000,0,20000,30000,0,25000,20000,0,10000
7856,50000,0,20000,30000,0,25000,20000,0,10000
7857,50000,0,20000,30000,0,25000,20000,0,10000
7858,50000,0,20000,30000,0,25000,20000,0,10000
7859,50000,0,20000,30000,0,25000,20000,0,10000
7860,50000,0,20000,30000,0,25000,20000,0,10000
7861,50000,0,20000,30000,0,25000,20000,0,10000
7862,50000,0,20000,30000,0,25000,20000,0,10000
7863,50000,0,20000,30000,0,25000,20000,0,10000
7864,50000,0,20000,30000,0,25000,20000,0,10000
7865,50000,0,20000,30000,0,25000,20000,0,10000
7866,50000,0,20000,30000,0,25000,20000,0,10000
7867,50000,0,20000,30000,0,25000,20000,0,10000
7868,50000,0,20000,30000,0,25000,20000,0,10000
7869,50000,0,20000,30000,0,25000,20000,0,10000
7870,50000,0,20000,30000,0,25000,20000,0,10000
7871,50000,0,20000,30000,0,25000,20000,0,10000
7872,50000,0,20000,30000,0,25000,20000,0,10000
7873,50000,0,20000,30000,0,25000,20000,0,10000
7874,50000,0,20000,30000,0,25000,20000,0,10000
7875,50000,0,20000,30000,0,25000,20000,0,10000
7876,50000,0,20000,30000,0,25000,20000,0,10000
7877,50000,0,20000,30000,0,25000,20000,0,10000
7878,50000,0,20000,30000,0,25000,20000,0,10000
7879,50000,0,20000,30000,0,25000,20000,0,10000
7880,50000,0,20000,30000,0,25000,20000,0,10000
7881,50000,0,20000,30000,0,25000,20000,0,10000
7882,50000,0,20000,30000,0,25000,20000,0,10000
7883,50000,0,20000,30000,0,25000,20000,0,10000
7884,50000,0,20000,30000,0,25000,20000,0,10000
7885,50000,0,20000,30000,0,25000,20000,0,10000
7886,50000,0,20000,30000,0,25000,20000,0,10000
7887,50000,0,20000,30000,0,25000,20000,0,10000
7888,50000,0,20000,30000,0,25000,20000,0,10000
7889,50000,0,20000,30000,0,25000,20000,0,10000
7890,50000,0,20000,30000,0,25000,20000,0,10000
7891,50000,0,20000,30000,0,25000,20000,0,10000
7892,50000,0,20000,30000,0,25000,20000,0,10000
7893,50000,0,20000,30000,0,25000,20000,0,10000
7894,50000,0,20000,30000,0,25000,20000,0,10000
7895,50000,0,20000,30000,0,25000,20000,0,10000
7896,50000,0,20000,30000,0,25000,20000,0,10000
7897,50000,0,20000,30000,0,25000,20000,0,10000
7898,50000,0,20000,30000,0,25000,20000,0,10000
7899,50000,0,20000,30000,0,25000,20000,0,10000
7900,50000,0,20000,30000,0,25000,20000,0,10000
7901,50000,0,20000,30000,0,25000,20000,0,10000
7902,50000,0,20000,30000,0,25000,20000,0,10000
7903,50000,0,20000,30000,0,25000,20000,0,10000
7904,50000,0,20000,30000,0,25000,20000,0,10000
7905,50000,0,20000,30000,0,25000,20000,0,10000
7906,50000,0,20000,30000,0,25000,20000,0,10000
7907,50000,0,20000,30000,0,25000,20000,0,10000
7908,50000,0,20000,30000,0,25000,20000,0,10000
7909,50000,0,20000,30000,0,25000,20000,0,10000
7910,50000,0,20000,30000,0,25000,20000,0,10000
7911,50000,0,20000,30000,0,25000,20000,0,10000
7912,50000,0,20000,30000,0,25000,20000,0,10000
7913,50000,0,20000,30000,0,25000,20000,0,10000
7914,50000,0,20000,30000,0,25000,20000,0,10000
7915,50000,0,20000,30000,0,25000,20000,0,10000
7916,50000,0,20000,30000,0,25000,20000,0,10000
7917,50000,0,20000,30000,0,25000,20000,0,10000
7918,50000,0,20000,30000,0,25000,20000,0,10000
7919,50000,0,20000,30000,0,25000,20000,0,10000
7920,50000,0,20000,30000,0,25000,20000,0,10000
7921,50000,0,20000,30000,0,25000,20000,0,10000
7922,50000,0,20000,30000,0,25000,20000,0,10000
7923,50000,0,20000,30000,0,25000,20000,0,10000
7924,50000,0,20000,30000,0,25000,20000,0,10000
7925,50000,0,20000,30000,0,25000,20000,0,10000
7926,50000,0,20000,30000,0,25000,20000,0,10000
7927,50000,0,20000,30000,0,25000,20000,0,10000
7928,50000,0,20000,30000,0,25000,20000,0,10000
7929,50000,0,20000,30000,0,25000,20000,0,10000
7930,50000,0,20000,30000,0,25000,20000,0,10000
7931,50000,0,20000,30000,0,25000,20000,0,10000
7932,50000,0,20000,30000,0,25000,20000,0,10000
7933,50000,0,20000,30000,0,25000,20000,0,10000
7934,50000,0,20000,30000,0,25000,20000,0,10000
7935,50000,0,20000,30000,0,25000,20000,0,10000
7936,50000,0,20000,30000,0,25000,20000,0,10000
7937,50000,0,20000,30000,0,25000,20000,0,10000
7938,50000,0,20000,30000,0,25000,20000,0,10000
7939,50000,0,20000,30000,0,25000,20000,0,10000
7940,50000,0,20000,30000,0,25000,20000,0,10000
7941,50000,0,20000,30000,0,25000,20000,0,10000
7942,50000,0,20000,30000,0,25000,20000,0,10000
7943,50000,0,20000,30000,0,25000,20000,0,10000
7944,50000,0,20000,30000,0,25000,20000,0,10000
7945,50000,0,20000,30000,0,25000,20000,0,10000
7946,50000,0,20000,30000,0,25000,20000,0,10000
7947,50000,0,20000,30000,0,25000,20000,0,10000
7948,50000,0,20000,30000,0,25000,20000,0,10000
7949,50000,0,20000,30000,0,25000,20000,0,10000
7950,50000,0,20000,30000,0,25000,20000,0,10000
7951,50000,0,20000,30000,0,25000,20000,0,10000
7952,50000,0,20000,30000,0,25000,20000,0,10000
7953,50000,0,20000,30000,0,25000,20000,0,10000
7954,50000,0,20000,30000,0,25000,20000,0,10000
7955,50000,0,20000,30000,0,25000,20000,0,10000
7956,50000,0,20000,30000,0,25000,20000,0,10000
7957,50000,0,20000,30000,0,25000,20000,0,10000
7958,50000,0,20000,30000,0,25000,20000,0,10000
7959,50000,0,20000,30000,0,25000,20000,0,10000
7960,50000,0,20000,30000,0,25000,20000,0,10000
7961,50000,0,20000,30000,0,25000,20000,0,10000
7962,50000,0,20000,30000,0,25000,20000,0,10000
7963,50000,0,20000,30000,0,25000,20000,0,10000
7964,50000,0,20000,30000,0,25000,20000,0,10000
7965,50000,0,20000,30000,0,25000,20000,0,10000
7966,50000,0,20000,30000,0,25000,20000,0,10000
7967,50000,0,20000,30000,0,25000,20000,0,10000
7968,50000,0,20000,30000,0,25000,20000,0,10000
7969,50000,0,20000,30000,0,25000,20000,0,10000
7970,50000,0,20000,30000,0,25000,20000,0,10000
7971,50000,0,20000,30000,0,25000,20000,0,10000
7972,50000,0,20000,30000,0,25000,20000,0,10000
7973,50000,0,20000,30000,0,25000,20000,0,10000
7974,50000,0,20000,30000,0,25000,20000,0,10000
7975,50000,0,20000,30000,0,25000,20000,0,10000
7976,50000,0,20000,30000,0,25000,20000,0,10000
7977,50000,0,20000,30000,0,25000,20000,0,10000
7978,50000,0,20000,30000,0,25000,20000,0,10000
7979,50000,0,20000,30000,0,25000,20000,0,10000
7980,50000,0,20000,30000,0,25000,20000,0,10000
7981,50000,0,20000,30000,0,25000,20000,0,10000
7982,50000,0,20000,30000,0,25000,20000,0,10000
7983,50000,0,20000,30000,0,25000,20000,0,10000
7984,50000,0,20000,30000,0,25000,20000,0,10000
7985,50000,0,20000,30000,0,25000,20000,0,10000
7986,50000,0,20000,30000,0,25000,20000,0,10000
7987,50000,0,20000,30000,0,25000,20000,0,10000
7988,50000,0,20000,30000,0,25000,20000,0,10000
7989,50000,0,20000,30000,0,25000,20000,0,10000
7990,50000,0,20000,30000,0,25000,20000,0,10000
7991,50000,0,20000,30000,0,25000,20000,0,10000
7992,50000,0,20000,30000,0,25000,20000,0,10000
7993,50000,0,20000,30000,0,25000,20000,0,10000
7994,50000,0,20000,30000,0,25000,20000,0,10000
7995,50000,0,20000,30000,0,25000,20000,0,10000
7996,50000,0,20000,30000,0,25000,20000,0,10000
7997,50000,0,20000,30000,0,25000,20000,0,10000
7998,50000,0,20000,30000,0,25000,20000,0,10000
7999,50000,0,20000,30000,0,25000,20000,0,10000
8000,50000,0,20000,30000,0,25000,20000,0,10000
8001,50000,0,20000,30000,0,25000,20000,0,10000
8002,50000,0,20000,30000,0,25000,20000,0,10000
8003,50000,0,20000,30000,0,25000,20000,0,10000
8004,50000,0,20000,30000,0,25000,20000,0,10000
8005,50000,0,20000,30000,0,25000,20000,0,10000
8006,50000,0,20000,30000,0,25000,20000,0,10000
8007,50000,0,20000,30000,0,25000,20000,0,10000
8008,50000,0,20000,30000,0,25000,20000,0,10000
8009,50000,0,20000,30000,0,25000,20000,0,10000
8010,50000,0,20000,30000,0,25000,20000,0,10000
8011,50000,0,20000,30000,0,25000,20000,0,10000
8012,50000,0,20000,30000,0,25000,20000,0,10000
8013,50000,0,20000,30000,0,25000,20000,0,10000
8014,50000,0,20000,30000,0,25000,20000,0,10000
8015,50000,0,20000,30000,0,25000,20000,0,10000
8016,50000,0,20000,30000,0,25000,20000,0,10000
8017,50000,0,20000,30000,0,25000,20000,0,10000
8018,50000,0,20000,30000,0,25000,20000,0,10000
8019,50000,0,20000,30000,0,25000,20000,0,10000
8020,50000,0,20000,30000,0,25000,20000,0,10000
8021,50000,0,20000,30000,0,25000,20000,0,10000
8022,50000,0,20000,30000,0,25000,20000,0,10000
8023,50000,0,20000,30000,0,25000,20000,0,10000
8024,50000,0,20000,30000,0,25000,20000,0,10000
8025,50000,0,20000,30000,0,25000,20000,0,10000
8026,50000,0,20000,30000,0,25000,20000,0,10000
8027,50000,0,20000,30000,0,25000,20000,0,10000
8028,50000,0,20000,30000,0,25000,20000,0,10000
8029,50000,0,20000,30000,0,25000,20000,0,10000
8030,50000,0,20000,30000,0,25000,20000,0,10000
8031,50000,0,20000,30000,0,25000,20000,0,10000
8032,50000,0,20000,30000,0,25000,20000,0,10000
8033,50000,0,20000,30000,0,25000,20000,0,10000
8034,50000,0,20000,30000,0,25000,20000,0,10000
8035,50000,0,20000,30000,0,25000,20000,0,10000
8036,50000,0,20000,30000,0,25000,20000,0,10000
8037,50000,0,20000,30000,0,25000,20000,0,10000
8038,50000,0,20000,30000,0,25000,20000,0,10000
8039,50000,0,20000,30000,0,25000,20000,0,10000
8040,50000,0,20000,30000,0,25000,20000,0,10000
8041,50000,0,20000,30000,0,25000,20000,0,10000
8042,50000,0,20000,30000,0,25000,20000,0,10000
8043,50000,0,20000,30000,0,25000,20000,0,10000
8044,50000,0,20000,30000,0,25000,20000,0,10000
8045,50000,0,20000,30000,0,25000,20000,0,10000
8046,50000,0,20000,30000,0,25000,20000,0,10000
8047,50000,0,20000,30000,0,25000,20000,0,10000
8048,50000,0,20000,30000,0,25000,20000,0,10000
8049,50000,0,20000,30000,0,25000,20000,0,10000
8050,50000,0,20000,30000,0,25000,20000,0,10000
8051,50000,0,20000,30000,0,25000,20000,0,10000
8052,50000,0,20000,30000,0,25000,20000,0,10000
8053,50000,0,20000,30000,0,25000,20000,0,10000
8054,50000,0,20000,30000,0,25000,20000,0,10000
8055,50000,0,20000,30000,0,25000,20000,0,10000
8056,50000,0,20000,30000,0,25000,20000,0,10000
8057,50000,0,20000,30000,0,25000,20000,0,10000
8058,50000,0,20000,30000,0,25000,20000,0,10000
8059,50000,0,20000,30000,0,25000,20000,0,10000
8060,50000,0,20000,30000,0,25000,20000,0,10000
8061,50000,0,20000,30000,0,25000,20000,0,10000
8062,50000,0,20000,30000,0,25000,20000,0,10000
8063,50000,0,20000,30000,0,25000,20000,0,10000
8064,50000,0,20000,30000,0,25000,20000,0,10000
8065,50000,0,20000,30000,0,25000,20000,0,10000
8066,50000,0,20000,30000,0,25000,20000,0,10000
8067,50000,0,20000,30000,0,25000,20000,0,10000
8068,50000,0,20000,30000,0,25000,20000,0,10000
8069,50000,0,20000,30000,0,25000,20000,0,10000
8070,50000,0,20000,30000,0,25000,20000,0,10000
8071,50000,0,20000,30000,0,25000,20000,0,10000
8072,50000,0,20000,30000,0,25000,20000,0,10000
8073,50000,0,20000,30000,0,25000,20000,0,10000
8074,50000,0,20000,30000,0,25000,20000,0,10000
8075,50000,0,20000,30000,0,25000,20000,0,10000
8076,50000,0,20000,30000,0,25000,20000,0,10000
8077,50000,0,20000,30000,0,25000,20000,0,10000
8078,50000,0,20000,30000,0,25000,20000,0,10000
8079,50000,0,20000,30000,0,25000,20000,0,10000
8080,50000,0,20000,30000,0,25000,20000,0,10000
8081,50000,0,20000,30000,0,25000,20000,0,10000
8082,50000,0,20000,30000,0,25000,20000,0,10000
8083,50000,0,20000,30000,0,25000,20000,0,10000
8084,50000,0,20000,30000,0,25000,20000,0,10000
8085,50000,0,20000,30000,0,25000,20000,0,10000
8086,50000,0,20000,30000,0,25000,20000,0,10000
8087,50000,0,20000,30000,0,25000,20000,0,10000
8088,50000,0,20000,30000,0,25000,20000,0,10000
8089,50000,0,20000,30000,0,25000,20000,0,10000
8090,50000,0,20000,30000,0,25000,20000,0,10000
8091,50000,0,20000,30000,0,25000,20000,0,10000
8092,50000,0,20000,30000,0,25000,20000,0,10000
8093,50000,0,20000,30000,0,25000,20000,0,10000
8094,50000,0,20000,30000,0,25000,20000,0,10000
8095,50000,0,20000,30000,0,25000,20000,0,10000
8096,50000,0,20000,30000,0,25000,20000,0,10000
8097,50000,0,20000,30000,0,25000,20000,0,10000
8098,50000,0,20000,30000,0,25000,20000,0,10000
8099,50000,0,20000,30000,0,25000,20000,0,10000
8100,50000,0,20000,30000,0,25000,20000,0,10000
8101,50000,0,20000,30000,0,25000,20000,0,10000
8102,50000,0,20000,30000,0,25000,20000,0,10000
8103,50000,0,20000,30000,0,25000,20000,0,10000
8104,50000,0,20000,30000,0,25000,20000,0,10000
8105,50000,0,20000,30000,0,25000,20000,0,10000
8106,50000,0,20000,30000,0,25000,20000,0,10000
8107,50000,0,20000,30000,0,25000,20000,0,10000
8108,50000,0,20000,30000,0,25000,20000,0,10000
8109,50000,0,20000,30000,0,25000,20000,0,10000
8110,50000,0,20000,30000,0,25000,20000,0,10000
8111,50000,0,20000,30000,0,25000,20000,0,10000
8112,50000,0,20000,30000,0,25000,20000,0,10000
8113,50000,0,20000,30000,0,25000,20000,0,10000
8114,50000,0,20000,30000,0,25000,20000,0,10000
8115,50000,0,20000,30000,0,25000,20000,0,10000
8116,50000,0,20000,30000,0,25000,20000,0,10000
8117,50000,0,20000,30000,0,25000,20000,0,10000
8118,50000,0,20000,30000,0,25000,20000,0,10000
8119,50000,0,20000,30000,0,25000,20000,0,10000
8120,50000,0,20000,30000,0,25000,20000,0,10000
8121,50000,0,20000,30000,0,25000,20000,0,10000
8122,50000,0,20000,30000,0,25000,20000,0,10000
8123,50000,0,20000,30000,0,25000,20000,0,10000
8124,50000,0,20000,30000,0,25000,20000,0,10000
8125,50000,0,20000,30000,0,25000,20000,0,10000
8126,50000,0,20000,30000,0,25000,20000,0,10000
8127,50000,0,20000,30000,0,25000,20000,0,10000
8128,50000,0,20000,30000,0,25000,20000,0,10000
8129,50000,0,20000,30000,0,25000,20000,0,10000
8130,50000,0,20000,30000,0,25000,20000,0,10000
8131,50000,0,20000,30000,0,25000,20000,0,10000
8132,50000,0,20000,30000,0,25000,20000,0,10000
8133,50000,0,20000,30000,0,25000,20000,0,10000
8134,50000,0,20000,30000,0,25000,20000,0,10000
8135,50000,0,20000,30000,0,25000,20000,0,10000
8136,50000,0,20000,30000,0,25000,20000,0,10000
8137,50000,0,20000,30000,0,25000,20000,0,10000
8138,50000,0,20000,30000,0,25000,20000,0,10000
8139,50000,0,20000,30000,0,25000,20000,0,10000
8140,50000,0,20000,30000,0,25000,20000,0,10000
8141,50000,0,20000,30000,0,25000,20000,0,10000
8142,50000,0,20000,30000,0,25000,20000,0,10000
8143,50000,0,20000,30000,0,25000,20000,0,10000
8144,50000,0,20000,30000,0,25000,20000,0,10000
8145,50000,0,20000,30000,0,25000,20000,0,10000
8146,50000,0,20000,30000,0,25000,20000,0,10000
8147,50000,0,20000,30000,0,25000,20000,0,10000
8148,50000,0,20000,30000,0,25000,20000,0,10000
8149,50000,0,20000,30000,0,25000,20000,0,10000
8150,50000,0,20000,30000,0,25000,20000,0,10000
8151,50000,0,20000,30000,0,25000,20000,0,10000
8152,50000,0,20000,30000,0,25000,20000,0,10000
8153,50000,0,20000,30000,0,25000,20000,0,10000
8154,50000,0,20000,30000,0,25000,20000,0,10000
8155,50000,0,20000,30000,0,25000,20000,0,10000
8156,50000,0,20000,30000,0,25000,20000,0,10000
8157,50000,0,20000,30000,0,25000,20000,0,10000
8158,50000,0,20000,30000,0,25000,20000,0,10000
8159,50000,0,20000,30000,0,25000,20000,0,10000
8160,50000,0,20000,30000,0,25000,20000,0,10000
8161,50000,0,20000,30000,0,25000,20000,0,10000
8162,50000,0,20000,30000,0,25000,20000,0,10000
8163,50000,0,20000,30000,0,25000,20000,0,10000
8164,50000,0,20000,30000,0,25000,20000,0,10000
8165,50000,0,20000,30000,0,25000,20000,0,10000
8166,50000,0,20000,30000,0,25000,20000,0,10000
8167,50000,0,20000,30000,0,25000,20000,0,10000
8168,50000,0,20000,30000,0,25000,20000,0,10000
8169,50000,0,20000,30000,0,25000,20000,0,10000
8170,50000,0,20000,30000,0,25000,20000,0,10000
8171,50000,0,20000,30000,0,25000,20000,0,10000
8172,50000,0,20000,30000,0,25000,20000,0,10000
8173,50000,0,20000,30000,0,25000,20000,0,10000
8174,50000,0,20000,30000,0,25000,20000,0,10000
8175,50000,0,20000,30000,0,25000,20000,0,10000
8176,50000,0,20000,30000,0,25000,20000,0,10000
8177,50000,0,20000,30000,0,25000,20000,0,10000
8178,50000,0,20000,30000,0,25000,20000,0,10000
8179,50000,0,20000,30000,0,25000,20000,0,10000
8180,50000,0,20000,30000,0,25000,20000,0,10000
8181,50000,0,20000,30000,0,25000,20000,0,10000
8182,50000,0,20000,30000,0,25000,20000,0,10000
8183,50000,0,20000,30000,0,25000,20000,0,10000
8184,50000,0,20000,30000,0,25000,20000,0,10000
8185,50000,0,20000,30000,0,25000,20000,0,10000
8186,50000,0,20000,30000,0,25000,20000,0,10000
8187,50000,0,20000,30000,0,25000,20000,0,10000
8188,50000,0,20000,30000,0,25000,20000,0,10000
8189,50000,0,20000,30000,0,25000,20000,0,10000
8190,50000,0,20000,30000,0,25000,20000,0,10000
8191,50000,0,20000,30000,0,25000,20000,0,10000
8192,50000,0,20000,30000,0,25000,20000,0,10000
8193,50000,0,20000,30000,0,25000,20000,0,10000
8194,50000,0,20000,30000,0,25000,20000,0,10000
8195,50000,0,20000,30000,0,25000,20000,0,10000
8196,50000,0,20000,30000,0,25000,20000,0,10000
8197,50000,0,20000,30000,0,25000,20000,0,10000
8198,50000,0,20000,30000,0,25000,20000,0,10000
8199,50000,0,20000,30000,0,25000,20000,0,10000
8200,50000,0,20000,30000,0,25000,20000,0,10000
8201,50000,0,20000,30000,0,25000,20000,0,10000
8202,50000,0,20000,30000,0,25000,20000,0,10000
8203,50000,0,20000,30000,0,25000,20000,0,10000
8204,50000,0,20000,30000,0,25000,20000,0,10000
8205,50000,0,20000,30000,0,25000,20000,0,10000
8206,50000,0,20000,30000,0,25000,20000,0,10000
8207,50000,0,20000,30000,0,25000,20000,0,10000
8208,50000,0,20000,30000,0,25000,20000,0,10000
8209,50000,0,20000,30000,0,25000,20000,0,10000
8210,50000,0,20000,30000,0,25000,20000,0,10000
8211,50000,0,20000,30000,0,25000,20000,0,10000
8212,50000,0,20000,30000,0,25000,20000,0,10000
8213,50000,0,20000,30000,0,25000,20000,0,10000
8214,50000,0,20000,30000,0,25000,20000,0,10000
8215,50000,0,20000,30000,0,25000,20000,0,10000
8216,50000,0,20000,30000,0,25000,20000,0,10000
8217,50000,0,20000,30000,0,25000,20000,0,10000
8218,50000,0,20000,30000,0,25000,20000,0,10000
8219,50000,0,20000,30000,0,25000,20000,0,10000
8220,50000,0,20000,30000,0,25000,20000,0,10000
8221,50000,0,20000,30000,0,25000,20000,0,10000
8222,50000,0,20000,30000,0,25000,20000,0,10000
8223,50000,0,20000,30000,0,25000,20000,0,10000
8224,50000,0,20000,30000,0,25000,20000,0,10000
8225,50000,0,20000,30000,0,25000,20000,0,10000
8226,50000,0,20000,30000,0,25000,20000,0,10000
8227,50000,0,20000,30000,0,25000,20000,0,10000
8228,50000,0,20000,30000,0,25000,20000,0,10000
8229,50000,0,20000,30000,0,25000,20000,0,10000
8230,50000,0,20000,30000,0,25000,20000,0,10000
8231,50000,0,20000,30000,0,25000,20000,0,10000
8232,50000,0,20000,30000,0,25000,20000,0,10000
8233,50000,0,20000,30000,0,25000,20000,0,10000
8234,50000,0,20000,30000,0,25000,20000,0,10000
8235,50000,0,20000,30000,0,25000,20000,0,10000
8236,50000,0,20000,30000,0,25000,20000,0,10000
8237,50000,0,20000,30000,0,25000,20000,0,10000
8238,50000,0,20000,30000,0,25000,20000,0,10000
8239,50000,0,20000,30000,0,25000,20000,0,10000
8240,50000,0,20000,30000,0,25000,20000,0,10000
8241,50000,0,20000,30000,0,25000,20000,0,10000
8242,50000,0,20000,30000,0,25000,20000,0,10000
8243,50000,0,20000,30000,0,25000,20000,0,10000
8244,50000,0,20000,30000,0,25000,20000,0,10000
8245,50000,0,20000,30000,0,25000,20000,0,10000
8246,50000,0,20000,30000,0,25000,20000,0,10000
8247,50000,0,20000,30000,0,25000,20000,0,10000
8248,50000,0,20000,30000,0,25000,20000,0,10000
8249,50000,0,20000,30000,0,25000,20000,0,10000
8250,50000,0,20000,30000,0,25000,20000,0,10000
8251,50000,0,20000,30000,0,25000,20000,0,10000
8252,50000,0,20000,30000,0,25000,20000,0,10000
8253,50000,0,20000,30000,0,25000,20000,0,10000
8254,50000,0,20000,30000,0,25000,20000,0,10000
8255,50000,0,20000,30000,0,25000,20000,0,10000
8256,50000,0,20000,30000,0,25000,20000,0,10000
8257,50000,0,20000,30000,0,25000,20000,0,10000
8258,50000,0,20000,30000,0,25000,20000,0,10000
8259,50000,0,20000,30000,0,25000,20000,0,10000
8260,50000,0,20000,30000,0,25000,20000,0,10000
8261,50000,0,20000,30000,0,25000,20000,0,10000
8262,50000,0,20000,30000,0,25000,20000,0,10000
8263,50000,0,20000,30000,0,25000,20000,0,10000
8264,50000,0,20000,30000,0,25000,20000,0,10000
8265,50000,0,20000,30000,0,25000,20000,0,10000
8266,50000,0,20000,30000,0,25000,20000,0,10000
8267,50000,0,20000,30000,0,25000,20000,0,10000
8268,50000,0,20000,30000,0,25000,20000,0,10000
8269,50000,0,20000,30000,0,25000,20000,0,10000
8270,50000,0,20000,30000,0,25000,20000,0,10000
8271,50000,0,20000,30000,0,25000,20000,0,10000
8272,50000,0,20000,30000,0,25000,20000,0,10000
8273,50000,0,20000,30000,0,25000,20000,0,10000
8274,50000,0,20000,30000,0,25000,20000,0,10000
8275,50000,0,20000,30000,0,25000,20000,0,10000
8276,50000,0,20000,30000,0,25000,20000,0,10000
8277,50000,0,20000,30000,0,25000,20000,0,10000
8278,50000,0,20000,30000,0,25000,20000,0,10000
8279,50000,0,20000,30000,0,25000,20000,0,10000
8280,50000,0,20000,30000,0,25000,20000,0,10000
8281,50000,0,20000,30000,0,25000,20000,0,10000
8282,50000,0,20000,30000,0,25000,20000,0,10000
8283,50000,0,20000,30000,0,25000,20000,0,10000
8284,50000,0,20000,30000,0,25000,20000,0,10000
8285,50000,0,20000,30000,0,25000,20000,0,10000
8286,50000,0,20000,30000,0,25000,20000,0,10000
8287,50000,0,20000,30000,0,25000,20000,0,10000
8288,50000,0,20000,30000,0,25000,20000,0,10000
8289,50000,0,20000,30000,0,25000,20000,0,10000
8290,50000,0,20000,30000,0,25000,20000,0,10000
8291,50000,0,20000,30000,0,25000,20000,0,10000
8292,50000,0,20000,30000,0,25000,20000,0,10000
8293,50000,0,20000,30000,0,25000,20000,0,10000
8294,50000,0,20000,30000,0,25000,20000,0,10000
8295,50000,0,20000,30000,0,25000,20000,0,10000
8296,50000,0,20000,30000,0,25000,20000,0,10000
8297,50000,0,20000,30000,0,25000,20000,0,10000
8298,50000,0,20000,30000,0,25000,20000,0,10000
8299,50000,0,20000,30000,0,25000,20000,0,10000
8300,50000,0,20000,30000,0,25000,20000,0,10000
8301,50000,0,20000,30000,0,25000,20000,0,10000
8302,50000,0,20000,30000,0,25000,20000,0,10000
8303,50000,0,20000,30000,0,25000,20000,0,10000
8304,50000,0,20000,30000,0,25000,20000,0,10000
8305,50000,0,20000,30000,0,25000,20000,0,10000
8306,50000,0,20000,30000,0,25000,20000,0,10000
8307,50000,0,20000,30000,0,25000,20000,0,10000
8308,50000,0,20000,30000,0,25000,20000,0,10000
8309,50000,0,20000,30000,0,25000,20000,0,10000
8310,50000,0,20000,30000,0,25000,20000,0,10000
8311,50000,0,20000,30000,0,25000,20000,0,10000
8312,50000,0,20000,30000,0,25000,20000,0,10000
8313,50000,0,20000,30000,0,25000,20000,0,10000
8314,50000,0,20000,30000,0,25000,20000,0,10000
8315,50000,0,20000,30000,0,25000,20000,0,10000
8316,50000,0,20000,30000,0,25000,20000,0,10000
8317,50000,0,20000,30000,0,25000,20000,0,10000
8318,50000,0,20000,30000,0,25000,20000,0,10000
8319,50000,0,20000,30000,0,25000,20000,0,10000
8320,50000,0,20000,30000,0,25000,20000,0,10000
8321,50000,0,20000,30000,0,25000,20000,0,10000
8322,50000,0,20000,30000,0,25000,20000,0,10000
8323,50000,0,20000,30000,0,25000,20000,0,10000
8324,50000,0,20000,30000,0,25000,20000,0,10000
8325,50000,0,20000,30000,0,25000,20000,0,10000
8326,50000,0,20000,30000,0,25000,20000,0,10000
8327,50000,0,20000,30000,0,25000,20000,0,10000
8328,50000,0,20000,30000,0,25000,20000,0,10000
8329,50000,0,20000,30000,0,25000,20000,0,10000
8330,50000,0,20000,30000,0,25000,20000,0,10000
8331,50000,0,20000,30000,0,25000,20000,0,10000
8332,50000,0,20000,30000,0,25000,20000,0,10000
8333,50000,0,20000,30000,0,25000,20000,0,10000
8334,50000,0,20000,30000,0,25000,20000,0,10000
8335,50000,0,20000,30000,0,25000,20000,0,10000
8336,50000,0,20000,30000,0,25000,20000,0,10000
8337,50000,0,20000,30000,0,25000,20000,0,10000
8338,50000,0,20000,30000,0,25000,20000,0,10000
8339,50000,0,20000,30000,0,25000,20000,0,10000
8340,50000,0,20000,30000,0,25000,20000,0,10000
8341,50000,0,20000,30000,0,25000,20000,0,10000
8342,50000,0,20000,30000,0,25000,20000,0,10000
8343,50000,0,20000,30000,0,25000,20000,0,10000
8344,50000,0,20000,30000,0,25000,20000,0,10000
8345,50000,0,20000,30000,0,25000,20000,0,10000
8346,50000,0,20000,30000,0,25000,20000,0,10000
8347,50000,0,20000,30000,0,25000,20000,0,10000
8348,50000,0,20000,30000,0,25000,20000,0,10000
8349,50000,0,20000,30000,0,25000,20000,0,10000
8350,50000,0,20000,30000,0,25000,20000,0,10000
8351,50000,0,20000,30000,0,25000,20000,0,10000
8352,50000,0,20000,30000,0,25000,20000,0,10000
8353,50000,0,20000,30000,0,25000,20000,0,10000
8354,50000,0,20000,30000,0,25000,20000,0,10000
8355,50000,0,20000,30000,0,25000,20000,0,10000
8356,50000,0,20000,30000,0,25000,20000,0,10000
8357,50000,0,20000,30000,0,25000,20000,0,10000
8358,50000,0,20000,30000,0,25000,20000,0,10000
8359,50000,0,20000,30000,0,25000,20000,0,10000
8360,50000,0,20000,30000,0,25000,20000,0,10000
8361,50000,0,20000,30000,0,25000,20000,0,10000
8362,50000,0,20000,30000,0,25000,20000,0,10000
8363,50000,0,20000,30000,0,25000,20000,0,10000
8364,50000,0,20000,30000,0,25000,20000,0,10000
8365,50000,0,20000,30000,0,25000,20000,0,10000
8366,50000,0,20000,30000,0,25000,20000,0,10000
8367,50000,0,20000,30000,0,25000,20000,0,10000
8368,50000,0,20000,30000,0,25000,20000,0,10000
8369,50000,0,20000,30000,0,25000,20000,0,10000
8370,50000,0,20000,30000,0,25000,20000,0,10000
8371,50000,0,20000,30000,0,25000,20000,0,10000
8372,50000,0,20000,30000,0,25000,20000,0,10000
8373,50000,0,20000,30000,0,25000,20000,0,10000
8374,50000,0,20000,30000,0,25000,20000,0,10000
8375,50000,0,20000,30000,0,25000,20000,0,10000
8376,50000,0,20000,30000,0,25000,20000,0,10000
8377,50000,0,20000,30000,0,25000,20000,0,10000
8378,50000,0,20000,30000,0,25000,20000,0,10000
8379,50000,0,20000,30000,0,25000,20000,0,10000
8380,50000,0,20000,30000,0,25000,20000,0,10000
8381,50000,0,20000,30000,0,25000,20000,0,10000
8382,50000,0,20000,30000,0,25000,20000,0,10000
8383,50000,0,20000,30000,0,25000,20000,0,10000
8384,50000,0,20000,30000,0,25000,20000,0,10000
8385,50000,0,20000,30000,0,25000,20000,0,10000
8386,50000,0,20000,30000,0,25000,20000,0,10000
8387,50000,0,20000,30000,0,25000,20000,0,10000
8388,50000,0,20000,30000,0,25000,20000,0,10000
8389,50000,0,20000,30000,0,25000,20000,0,10000
8390,50000,0,20000,30000,0,25000,20000,0,10000
8391,50000,0,20000,30000,0,25000,20000,0,10000
8392,50000,0,20000,30000,0,25000,20000,0,10000
8393,50000,0,20000,30000,0,25000,20000,0,10000
8394,50000,0,20000,30000,0,25000,20000,0,10000
8395,50000,0,20000,30000,0,25000,20000,0,10000
8396,50000,0,20000,30000,0,25000,20000,0,10000
8397,50000,0,20000,30000,0,25000,20000,0,10000
8398,50000,0,20000,30000,0,25000,20000,0,10000
8399,50000,0,20000,30000,0,25000,20000,0,10000
8400,50000,0,20000,30000,0,25000,20000,0,10000
8401,50000,0,20000,30000,0,25000,20000,0,10000
8402,50000,0,20000,30000,0,25000,20000,0,10000
8403,50000,0,20000,30000,0,25000,20000,0,10000
8404,50000,0,20000,30000,0,25000,20000,0,10000
8405,50000,0,20000,30000,0,25000,20000,0,10000
8406,50000,0,20000,30000,0,25000,20000,0,10000
8407,50000,0,20000,30000,0,25000,20000,0,10000
8408,50000,0,20000,30000,0,25000,20000,0,10000
8409,50000,0,20000,30000,0,25000,20000,0,10000
8410,50000,0,20000,30000,0,25000,20000,0,10000
8411,50000,0,20000,30000,0,25000,20000,0,10000
8412,50000,0,20000,30000,0,25000,20000,0,10000
8413,50000,0,20000,30000,0,25000,20000,0,10000
8414,50000,0,20000,30000,0,25000,20000,0,10000
8415,50000,0,20000,30000,0,25000,20000,0,10000
8416,50000,0,20000,30000,0,25000,20000,0,10000
8417,50000,0,20000,30000,0,25000,20000,0,10000
8418,50000,0,20000,30000,0,25000,20000,0,10000
8419,50000,0,20000,30000,0,25000,20000,0,10000
8420,50000,0,20000,30000,0,25000,20000,0,10000
8421,50000,0,20000,30000,0,25000,20000,0,10000
8422,50000,0,20000,30000,0,25000,20000,0,10000
8423,50000,0,20000,30000,0,25000,20000,0,10000
8424,50000,0,20000,30000,0,25000,20000,0,10000
8425,50000,0,20000,30000,0,25000,20000,0,10000
8426,50000,0,20000,30000,0,25000,20000,0,10000
8427,50000,0,20000,30000,0,25000,20000,0,10000
8428,50000,0,20000,30000,0,25000,20000,0,10000
8429,50000,0,20000,30000,0,25000,20000,0,10000
8430,50000,0,20000,30000,0,25000,20000,0,10000
8431,50000,0,20000,30000,0,25000,20000,0,10000
8432,50000,0,20000,30000,0,25000,20000,0,10000
8433,50000,0,20000,30000,0,25000,20000,0,10000
8434,50000,0,20000,30000,0,25000,20000,0,10000
8435,50000,0,20000,30000,0,25000,20000,0,10000
8436,50000,0,20000,30000,0,25000,20000,0,10000
8437,50000,0,20000,30000,0,25000,20000,0,10000
8438,50000,0,20000,30000,0,25000,20000,0,10000
8439,50000,0,20000,30000,0,25000,20000,0,10000
8440,50000,0,20000,30000,0,25000,20000,0,10000
8441,50000,0,20000,30000,0,25000,20000,0,10000
8442,50000,0,20000,30000,0,25000,20000,0,10000
8443,50000,0,20000,30000,0,25000,20000,0,10000
8444,50000,0,20000,30000,0,25000,20000,0,10000
8445,50000,0,20000,30000,0,25000,20000,0,10000
8446,50000,0,20000,30000,0,25000,20000,0,10000
8447,50000,0,20000,30000,0,25000,20000,0,10000
8448,50000,0,20000,30000,0,25000,20000,0,10000
8449,50000,0,20000,30000,0,25000,20000,0,10000
8450,50000,0,20000,30000,0,25000,20000,0,10000
8451,50000,0,20000,30000,0,25000,20000,0,10000
8452,50000,0,20000,30000,0,25000,20000,0,10000
8453,50000,0,20000,30000,0,25000,20000,0,10000
8454,50000,0,20000,30000,0,25000,20000,0,10000
8455,50000,0,20000,30000,0,25000,20000,0,10000
8456,50000,0,20000,30000,0,25000,20000,0,10000
8457,50000,0,20000,30000,0,25000,20000,0,10000
8458,50000,0,20000,30000,0,25000,20000,0,10000
8459,50000,0,20000,30000,0,25000,20000,0,10000
8460,50000,0,20000,30000,0,25000,20000,0,10000
8461,50000,0,20000,30000,0,25000,20000,0,10000
8462,50000,0,20000,30000,0,25000,20000,0,10000
8463,50000,0,20000,30000,0,25000,20000,0,10000
8464,50000,0,20000,30000,0,25000,20000,0,10000
8465,50000,0,20000,30000,0,25000,20000,0,10000
8466,50000,0,20000,30000,0,25000,20000,0,10000
8467,50000,0,20000,30000,0,25000,20000,0,10000
8468,50000,0,20000,30000,0,25000,20000,0,10000
8469,50000,0,20000,30000,0,25000,20000,0,10000
8470,50000,0,20000,30000,0,25000,20000,0,10000
8471,50000,0,20000,30000,0,25000,20000,0,10000
8472,50000,0,20000,30000,0,25000,20000,0,10000
8473,50000,0,20000,30000,0,25000,20000,0,10000
8474,50000,0,20000,30000,0,25000,20000,0,10000
8475,50000,0,20000,30000,0,25000,20000,0,10000
8476,50000,0,20000,30000,0,25000,20000,0,10000
8477,50000,0,20000,30000,0,25000,20000,0,10000
8478,50000,0,20000,30000,0,25000,20000,0,10000
8479,50000,0,20000,30000,0,25000,20000,0,10000
8480,50000,0,20000,30000,0,25000,20000,0,10000
8481,50000,0,20000,30000,0,25000,20000,0,10000
8482,50000,0,20000,30000,0,25000,20000,0,10000
8483,50000,0,20000,30000,0,25000,20000,0,10000
8484,50000,0,20000,30000,0,25000,20000,0,10000
8485,50000,0,20000,30000,0,25000,20000,0,10000
8486,50000,0,20000,30000,0,25000,20000,0,10000
8487,50000,0,20000,30000,0,25000,20000,0,10000
8488,50000,0,20000,30000,0,25000,20000,0,10000
8489,50000,0,20000,30000,0,25000,20000,0,10000
8490,50000,0,20000,30000,0,25000,20000,0,10000
8491,50000,0,20000,30000,0,25000,20000,0,10000
8492,50000,0,20000,30000,0,25000,20000,0,10000
8493,50000,0,20000,30000,0,25000,20000,0,10000
8494,50000,0,20000,30000,0,25000,20000,0,10000
8495,50000,0,20000,30000,0,25000,20000,0,10000
8496,50000,0,20000,30000,0,25000,20000,0,10000
8497,50000,0,20000,30000,0,25000,20000,0,10000
8498,50000,0,20000,30000,0,25000,20000,0,10000
8499,50000,0,20000,30000,0,25000,20000,0,10000
8500,50000,0,20000,30000,0,25000,20000,0,10000
8501,50000,0,20000,30000,0,25000,20000,0,10000
8502,50000,0,20000,30000,0,25000,20000,0,10000
8503,50000,0,20000,30000,0,25000,20000,0,10000
8504,50000,0,20000,30000,0,25000,20000,0,10000
8505,50000,0,20000,30000,0,25000,20000,0,10000
8506,50000,0,20000,30000,0,25000,20000,0,10000
8507,50000,0,20000,30000,0,25000,20000,0,10000
8508,50000,0,20000,30000,0,25000,20000,0,10000
8509,50000,0,20000,30000,0,25000,20000,0,10000
8510,50000,0,20000,30000,0,25000,20000,0,10000
8511,50000,0,20000,30000,0,25000,20000,0,10000
8512,50000,0,20000,30000,0,25000,20000,0,10000
8513,50000,0,20000,30000,0,25000,20000,0,10000
8514,50000,0,20000,30000,0,25000,20000,0,10000
8515,50000,0,20000,30000,0,25000,20000,0,10000
8516,50000,0,20000,30000,0,25000,20000,0,10000
8517,50000,0,20000,30000,0,25000,20000,0,10000
8518,50000,0,20000,30000,0,25000,20000,0,10000
8519,50000,0,20000,30000,0,25000,20000,0,10000
8520,50000,0,20000,30000,0,25000,20000,0,10000
8521,50000,0,20000,30000,0,25000,20000,0,10000
8522,50000,0,20000,30000,0,25000,20000,0,10000
8523,50000,0,20000,30000,0,25000,20000,0,10000
8524,50000,0,20000,30000,0,25000,20000,0,10000
8525,50000,0,20000,30000,0,25000,20000,0,10000
8526,50000,0,20000,30000,0,25000,20000,0,10000
8527,50000,0,20000,30000,0,25000,20000,0,10000
8528,50000,0,20000,30000,0,25000,20000,0,10000
8529,50000,0,20000,30000,0,25000,20000,0,10000
8530,50000,0,20000,30000,0,25000,20000,0,10000
8531,50000,0,20000,30000,0,25000,20000,0,10000
8532,50000,0,20000,30000,0,25000,20000,0,10000
8533,50000,0,20000,30000,0,25000,20000,0,10000
8534,50000,0,20000,30000,0,25000,20000,0,10000
8535,50000,0,20000,30000,0,25000,20000,0,10000
8536,50000,0,20000,30000,0,25000,20000,0,10000
8537,50000,0,20000,30000,0,25000,20000,0,10000
8538,50000,0,20000,30000,0,25000,20000,0,10000
8539,50000,0,20000,30000,0,25000,20000,0,10000
8540,50000,0,20000,30000,0,25000,20000,0,10000
8541,50000,0,20000,30000,0,25000,20000,0,10000
8542,50000,0,20000,30000,0,25000,20000,0,10000
8543,50000,0,20000,30000,0,25000,20000,0,10000
8544,50000,0,20000,30000,0,25000,20000,0,10000
8545,50000,0,20000,30000,0,25000,20000,0,10000
8546,50000,0,20000,30000,0,25000,20000,0,10000
8547,50000,0,20000,30000,0,25000,20000,0,10000
8548,50000,0,20000,30000,0,25000,20000,0,10000
8549,50000,0,20000,30000,0,25000,20000,0,10000
8550,50000,0,20000,30000,0,25000,20000,0,10000
8551,50000,0,20000,30000,0,25000,20000,0,10000
8552,50000,0,20000,30000,0,25000,20000,0,10000
8553,50000,0,20000,30000,0,25000,20000,0,10000
8554,50000,0,20000,30000,0,25000,20000,0,10000
8555,50000,0,20000,30000,0,25000,20000,0,10000
8556,50000,0,20000,30000,0,25000,20000,0,10000
8557,50000,0,20000,30000,0,25000,20000,0,10000
8558,50000,0,20000,30000,0,25000,20000,0,10000
8559,50000,0,20000,30000,0,25000,20000,0,10000
8560,50000,0,20000,30000,0,25000,20000,0,10000
8561,50000,0,20000,30000,0,25000,20000,0,10000
8562,50000,0,20000,30000,0,25000,20000,0,10000
8563,50000,0,20000,30000,0,25000,20000,0,10000
8564,50000,0,20000,30000,0,25000,20000,0,10000
8565,50000,0,20000,30000,0,25000,20000,0,10000
8566,50000,0,20000,30000,0,25000,20000,0,10000
8567,50000,0,20000,30000,0,25000,20000,0,10000
8568,50000,0,20000,30000,0,25000,20000,0,10000
8569,50000,0,20000,30000,0,25000,20000,0,10000
8570,50000,0,20000,30000,0,25000,20000,0,10000
8571,50000,0,20000,30000,0,25000,20000,0,10000
8572,50000,0,20000,30000,0,25000,20000,0,10000
8573,50000,0,20000,30000,0,25000,20000,0,10000
8574,50000,0,20000,30000,0,25000,20000,0,10000
8575,50000,0,20000,30000,0,25000,20000,0,10000
8576,50000,0,20000,30000,0,25000,20000,0,10000
8577,50000,0,20000,30000,0,25000,20000,0,10000
8578,50000,0,20000,30000,0,25000,20000,0,10000
8579,50000,0,20000,30000,0,25000,20000,0,10000
8580,50000,0,20000,30000,0,25000,20000,0,10000
8581,50000,0,20000,30000,0,25000,20000,0,10000
8582,50000,0,20000,30000,0,25000,20000,0,10000
8583,50000,0,20000,30000,0,25000,20000,0,10000
8584,50000,0,20000,30000,0,25000,20000,0,10000
8585,50000,0,20000,30000,0,25000,20000,0,10000
8586,50000,0,20000,30000,0,25000,20000,0,10000
8587,50000,0,20000,30000,0,25000,20000,0,10000
8588,50000,0,20000,30000,0,25000,20000,0,10000
8589,50000,0,20000,30000,0,25000,20000,0,10000
8590,50000,0,20000,30000,0,25000,20000,0,10000
8591,50000,0,20000,30000,0,25000,20000,0,10000
8592,50000,0,20000,30000,0,25000,20000,0,10000
8593,50000,0,20000,30000,0,25000,20000,0,10000
8594,50000,0,20000,30000,0,25000,20000,0,10000
8595,50000,0,20000,30000,0,25000,20000,0,10000
8596,50000,0,20000,30000,0,25000,20000,0,10000
8597,50000,0,20000,30000,0,25000,20000,0,10000
8598,50000,0,20000,30000,0,25000,20000,0,10000
8599,50000,0,20000,30000,0,25000,20000,0,10000
8600,50000,0,20000,30000,0,25000,20000,0,10000
8601,50000,0,20000,30000,0,25000,20000,0,10000
8602,50000,0,20000,30000,0,25000,20000,0,10000
8603,50000,0,20000,30000,0,25000,20000,0,10000
8604,50000,0,20000,30000,0,25000,20000,0,10000
8605,50000,0,20000,30000,0,25000,20000,0,10000
8606,50000,0,20000,30000,0,25000,20000,0,10000
8607,50000,0,20000,30000,0,25000,20000,0,10000
8608,50000,0,20000,30000,0,25000,20000,0,10000
8609,50000,0,20000,30000,0,25000,20000,0,10000
8610,50000,0,20000,30000,0,25000,20000,0,10000
8611,50000,0,20000,30000,0,25000,20000,0,10000
8612,50000,0,20000,30000,0,25000,20000,0,10000
8613,50000,0,20000,30000,0,25000,20000,0,10000
8614,50000,0,20000,30000,0,25000,20000,0,10000
8615,50000,0,20000,30000,0,25000,20000,0,10000
8616,50000,0,20000,30000,0,25000,20000,0,10000
8617,50000,0,20000,30000,0,25000,20000,0,10000
8618,50000,0,20000,30000,0,25000,20000,0,10000
8619,50000,0,20000,30000,0,25000,20000,0,10000
8620,50000,0,20000,30000,0,25000,20000,0,10000
8621,50000,0,20000,30000,0,25000,20000,0,10000
8622,50000,0,20000,30000,0,25000,20000,0,10000
8623,50000,0,20000,30000,0,25000,20000,0,10000
8624,50000,0,20000,30000,0,25000,20000,0,10000
8625,50000,0,20000,30000,0,25000,20000,0,10000
8626,50000,0,20000,30000,0,25000,20000,0,10000
8627,50000,0,20000,30000,0,25000,20000,0,10000
8628,50000,0,20000,30000,0,25000,20000,0,10000
8629,50000,0,20000,30000,0,25000,20000,0,10000
8630,50000,0,20000,30000,0,25000,20000,0,10000
8631,50000,0,20000,30000,0,25000,20000,0,10000
8632,50000,0,20000,30000,0,25000,20000,0,10000
8633,50000,0,20000,30000,0,25000,20000,0,10000
8634,50000,0,20000,30000,0,25000,20000,0,10000
8635,50000,0,20000,30000,0,25000,20000,0,10000
8636,50000,0,20000,30000,0,25000,20000,0,10000
8637,50000,0,20000,30000,0,25000,20000,0,10000
8638,50000,0,20000,30000,0,25000,20000,0,10000
8639,50000,0,20000,30000,0,25000,20000,0,10000
8640,50000,0,20000,30000,0,25000,20000,0,10000
8641,50000,0,20000,30000,0,25000,20000,0,10000
8642,50000,0,20000,30000,0,25000,20000,0,10000
8643,50000,0,20000,30000,0,25000,20000,0,10000
8644,50000,0,20000,30000,0,25000,20000,0,10000
8645,50000,0,20000,30000,0,25000,20000,0,10000
8646,50000,0,20000,30000,0,25000,20000,0,10000
8647,50000,0,20000,30000,0,25000,20000,0,10000
8648,50000,0,20000,30000,0,25000,20000,0,10000
8649,50000,0,20000,30000,0,25000,20000,0,10000
8650,50000,0,20000,30000,0,25000,20000,0,10000
8651,50000,0,20000,30000,0,25000,20000,0,10000
8652,50000,0,20000,30000,0,25000,20000,0,10000
8653,50000,0,20000,30000,0,25000,20000,0,10000
8654,50000,0,20000,30000,0,25000,20000,0,10000
8655,50000,0,20000,30000,0,25000,20000,0,10000
8656,50000,0,20000,30000,0,25000,20000,0,10000
8657,50000,0,20000,30000,0,25000,20000,0,10000
8658,50000,0,20000,30000,0,25000,20000,0,10000
8659,50000,0,20000,30000,0,25000,20000,0,10000
8660,50000,0,20000,30000,0,25000,20000,0,10000
8661,50000,0,20000,30000,0,25000,20000,0,10000
8662,50000,0,20000,30000,0,25000,20000,0,10000
8663,50000,0,20000,30000,0,25000,20000,0,10000
8664,50000,0,20000,30000,0,25000,20000,0,10000
8665,50000,0,20000,30000,0,25000,20000,0,10000
8666,50000,0,20000,30000,0,25000,20000,0,10000
8667,50000,0,20000,30000,0,25000,20000,0,10000
8668,50000,0,20000,30000,0,25000,20000,0,10000
8669,50000,0,20000,30000,0,25000,20000,0,10000
8670,50000,0,20000,30000,0,25000,20000,0,10000
8671,50000,0,20000,30000,0,25000,20000,0,10000
8672,50000,0,20000,30000,0,25000,20000,0,10000
8673,50000,0,20000,30000,0,25000,20000,0,10000
8674,50000,0,20000,30000,0,25000,20000,0,10000
8675,50000,0,20000,30000,0,25000,20000,0,10000
8676,50000,0,20000,30000,0,25000,20000,0,10000
8677,50000,0,20000,30000,0,25000,20000,0,10000
8678,50000,0,20000,30000,0,25000,20000,0,10000
8679,50000,0,20000,30000,0,25000,20000,0,10000
8680,50000,0,20000,30000,0,25000,20000,0,10000
8681,50000,0,20000,30000,0,25000,20000,0,10000
8682,50000,0,20000,30000,0,25000,20000,0,10000
8683,50000,0,20000,30000,0,25000,20000,0,10000
8684,50000,0,20000,30000,0,25000,20000,0,10000
8685,50000,0,20000,30000,0,25000,20000,0,10000
8686,50000,0,20000,30000,0,25000,20000,0,10000
8687,50000,0,20000,30000,0,25000,20000,0,10000
8688,50000,0,20000,30000,0,25000,20000,0,10000
8689,50000,0,20000,30000,0,25000,20000,0,10000
8690,50000,0,20000,30000,0,25000,20000,0,10000
8691,50000,0,20000,30000,0,25000,20000,0,10000
8692,50000,0,20000,30000,0,25000,20000,0,10000
8693,50000,0,20000,30000,0,25000,20000,0,10000
8694,50000,0,20000,30000,0,25000,20000,0,10000
8695,50000,0,20000,30000,0,25000,20000,0,10000
8696,50000,0,20000,30000,0,25000,20000,0,10000
8697,50000,0,20000,30000,0,25000,20000,0,10000
8698,50000,0,20000,30000,0,25000,20000,0,10000
8699,50000,0,20000,30000,0,25000,20000,0,10000
8700,50000,0,20000,30000,0,25000,20000,0,10000
8701,50000,0,20000,30000,0,25000,20000,0,10000
8702,50000,0,20000,30000,0,25000,20000,0,10000
8703,50000,0,20000,30000,0,25000,20000,0,10000
8704,50000,0,20000,30000,0,25000,20000,0,10000
8705,50000,0,20000,30000,0,25000,20000,0,10000
8706,50000,0,20000,30000,0,25000,20000,0,10000
8707,50000,0,20000,30000,0,25000,20000,0,10000
8708,50000,0,20000,30000,0,25000,20000,0,10000
8709,50000,0,20000,30000,0,25000,20000,0,10000
8710,50000,0,20000,30000,0,25000,20000,0,10000
8711,50000,0,20000,30000,0,25000,20000,0,10000
8712,50000,0,20000,30000,0,25000,20000,0,10000
8713,50000,0,20000,30000,0,25000,20000,0,10000
8714,50000,0,20000,30000,0,25000,20000,0,10000
8715,50000,0,20000,30000,0,25000,20000,0,10000
8716,50000,0,20000,30000,0,25000,20000,0,10000
8717,50000,0,20000,30000,0,25000,20000,0,10000
8718,50000,0,20000,30000,0,25000,20000,0,10000
8719,50000,0,20000,30000,0,25000,20000,0,10000
8720,50000,0,20000,30000,0,25000,20000,0,10000
8721,50000,0,20000,30000,0,25000,20000,0,10000
8722,50000,0,20000,30000,0,25000,20000,0,10000
8723,50000,0,20000,30000,0,25000,20000,0,10000
8724,50000,0,20000,30000,0,25000,20000,0,10000
8725,50000,0,20000,30000,0,25000,20000,0,10000
8726,50000,0,20000,30000,0,25000,20000,0,10000
8727,50000,0,20000,30000,0,25000,20000,0,10000
8728,50000,0,20000,30000,0,25000,20000,0,10000
8729,50000,0,20000,30000,0,25000,20000,0,10000
8730,50000,0,20000,30000,0,25000,20000,0,10000
8731,50000,0,20000,30000,0,25000,20000,0,10000
8732,50000,0,20000,30000,0,25000,20000,0,10000
8733,50000,0,20000,30000,0,25000,20000,0,10000
8734,50000,0,20000,30000,0,25000,20000,0,10000
8735,50000,0,20000,30000,0,25000,20000,0,10000
8736,50000,0,20000,30000,0,25000,20000,0,10000
8737,50000,0,20000,30000,0,25000,20000,0,10000
8738,50000,0,20000,30000,0,25000,20000,0,10000
8739,50000,0,20000,30000,0,25000,20000,0,10000
8740,50000,0,20000,30000,0,25000,20000,0,10000
8741,50000,0,20000,30000,0,25000,20000,0,10000
8742,50000,0,20000,30000,0,25000,20000,0,10000
8743,50000,0,20000,30000,0,25000,20000,0,10000
8744,50000,0,20000,30000,0,25000,20000,0,10000
8745,50000,0,20000,30000,0,25000,20000,0,10000
8746,50000,0,20000,30000,0,25000,20000,0,10000
8747,50000,0,20000,30000,0,25000,20000,0,10000
8748,50000,0,20000,30000,0,25000,20000,0,10000
8749,50000,0,20000,30000,0,25000,20000,0,10000
8750,50000,0,20000,30000,0,25000,20000,0,10000
8751,50000,0,20000,30000,0,25000,20000,0,10000
8752,50000,0,20000,30000,0,25000,20000,0,10000
8753,50000,0,20000,30000,0,25000,20000,0,10000
8754,50000,0,20000,30000,0,25000,20000,0,10000
8755,50000,0,20000,30000,0,25000,20000,0,10000
8756,50000,0,20000,30000,0,25000,20000,0,10000
8757,50000,0,20000,30000,0,25000,20000,0,10000
8758,50000,0,20000,30000,0,25000,20000,0,10000
8759,50000,0,20000,30000,0,25000,20000,0,10000
8760,50000,0,20000,30000,0,25000,20000,0,10000
